query,token,pos
경주 여행,동궁,NNG
경주 여행,월지,NNG
경주 여행,첨성대,NNG
경주 여행,야경,NNG
경주 여행,연꽃,NNG
경주 여행,분황사,NNG
경주 여행,방문,NNG
경주 여행,이웃,NNG
경주 여행,지난주,NNG
경주 여행,예전,NNG
경주 여행,사진,NNG
경주 여행,경북,NNP
경주 여행,천문,NNG
경주 여행,기상,NNG
경주 여행,관측대,NNG
경주 여행,첨성대,NNG
경주 여행,일자,NNG
경주 여행,인원,NNG
경주 여행,친구,NNG
경주 여행,첨성대,NNG
경주 여행,경북,NNP
경주 여행,인왕동,NNP
경주 여행,전화,NNG
경주 여행,첨성대,NNG
경주 여행,관람료,NNG
경주 여행,무료,NNG
경주 여행,경북,NNP
경주 여행,이야기,NNG
경주 여행,첨성대,NNG
경주 여행,대릉원,NNG
경주 여행,야경,NNG
경주 여행,데이,NNG
경주 여행,택시,NNG
경주 여행,투어,NNG
경주 여행,감사,NNG
경주 여행,구매,NNG
경주 여행,플레이스,NNG
경주 여행,데이,NNG
경주 여행,택시,NNG
경주 여행,투어,NNG
경주 여행,돌고래,NNG
경주 여행,돌핀,NNG
경주 여행,스토어,NNG
경주 여행,플레이스,NNG
경주 여행,데이,NNG
경주 여행,택시,NNG
경주 여행,투어,NNG
경주 여행,야경,NNG
경주 여행,안압지,NNP
경주 여행,첨성대,NNG
경주 여행,관광지,NNG
경주 여행,첨성대,NNG
경주 여행,첨성대,NNG
경주 여행,신라,NNP
경주 여행,시대,NNG
경주 여행,관측,NNG
경주 여행,최근,NNG
경주 여행,코스,NNG
경주 여행,야경,NNG
경주 여행,경북,NNP
경주 여행,불국사,NNG
경주 여행,겹벚꽃,NNG
경주 여행,벚꽃,NNG
경주 여행,벚꽃,NNG
경주 여행,고수,NNG
경주 여행,티켓,NNG
경주 여행,예약,NNG
경주 여행,지역,NNG
경주 여행,벚꽃,NNG
경주 여행,불국사,NNG
경주 여행,겹벚꽃,NNG
경주 여행,불국사,NNP
경주 여행,입구,NNG
경주 여행,세계,NNG
경주 여행,문화유산,NNG
경주 여행,양동,NNP
경주 여행,마을,NNG
경주 여행,시간,NNG
경주 여행,조상,NNG
경주 여행,모습,NNG
경주 여행,간직,NNG
경주 여행,숨결,NNG
경주 여행,양동,NNP
경주 여행,마을,NNG
경주 여행,제격,NNG
경주 여행,경상북도,NNP
경주 여행,강동면,NNP
경주 여행,양동,NNP
경주 여행,마을,NNG
경주 여행,지번,NNG
경주 여행,경상북도,NNP
경주 여행,강동면,NNP
경주 여행,아기,NNG
경주 여행,후기,NNG
경주 여행,정글,NNG
경주 여행,법칙,NNG
경주 여행,미디어,NNG
경주 여행,파크,NNG
경주 여행,버드,NNP
경주 여행,파크,NNG
경주 여행,일정,NNG
경주 여행,버드,NNP
경주 여행,파크,NNG
경주 여행,위치,NNG
경주 여행,경북,NNP
경주 여행,보문,NNG
경주 여행,북군동,NNP
경주 여행,전화,NNG
경주 여행,운영,NNG
경주 여행,시간,NNG
경주 여행,입장료,NNG
경주 여행,대인,NNG
경주 여행,소인,NNG
경주 여행,경북,NNP
경주 여행,목련,NNG
경주 여행,대릉원,NNG
경주 여행,목련,NNG
경주 여행,풍경,NNG
경주 여행,최근,NNG
경주 여행,코스,NNG
경주 여행,야경,NNG
경주 여행,연인,NNG
경주 여행,당신,NP
경주 여행,야경,NNG
경주 여행,투어,NNG
경주 여행,코스,NNG
경주 여행,소개,NNG
경주 여행,준비,NNG
경주 여행,경북,NNP
경주 여행,다리,NNG
경주 여행,정교,NNG
경주 여행,교촌,NNG
경주 여행,마을,NNG
경주 여행,도착,NNG
경주 여행,행사,NNG
경주 여행,최근,NNG
경주 여행,연인,NNG
경주 여행,당신,NP
경주 여행,야경,NNG
경주 여행,투어,NNG
경주 여행,코스,NNG
경주 여행,소개,NNG
경주 여행,준비,NNG
경주 여행,보문,NNG
경주 여행,벚꽃,NNG
경주 여행,보문호,NNP
경주 여행,선사,NNG
경주 여행,최적,NNG
경주 여행,지이,NNG
경주 여행,도로,NNG
경주 여행,꽃길,NNG
경주 여행,시각,NNG
경주 여행,힐링,NNG
경주 여행,만개,NNG
경주 여행,경관,NNG
경주 여행,보문,NNG
경주 여행,단지,NNG
경주 여행,시가지,NNG
경주 여행,동쪽,NNG
경주 여행,정도,NNG
경주 여행,활산,NNP
경주 여행,성터,NNG
경주 여행,패밀리,NNG
경주 여행,일상,NNG
경주 여행,오늘,NNG
경주 여행,목적지,NNG
경주 여행,회사,NNG
경주 여행,제휴,NNG
경주 여행,숙소,NNG
경주 여행,예약,NNG
경주 여행,도착,NNG
경주 여행,우리,NP
경주 여행,가족,NNG
경주 여행,국수집,NNG
경주 여행,와이프,NNG
경주 여행,검색,NNG
경주 여행,갈비,NNG
경주 여행,국수,NNG
경주 여행,사람,NNG
경주 여행,지인,NNG
경주 여행,경험,NNG
경주 여행,생각,NNG
경주 여행,주목,NNG
경주 여행,장소,NNG
경주 여행,정리,NNG
경주 여행,산사,NNG
경주 여행,옥천사,NNG
경주 여행,수학,NNG
경주 여행,성지,NNG
경주 여행,역사,NNG
경주 여행,탐방,NNG
경주 여행,중심지,NNG
경주 여행,주변,NNG
경주 여행,울산,NNP
경주 여행,동궁,NNG
경주 여행,월지,NNG
경주 여행,누리,NNG
경주 여행,정원,NNG
경주 여행,성호,NNG
경주 여행,리조트,NNG
경주 여행,장생포,NNG
경주 여행,고래,NNG
경주 여행,문화,NNG
경주 여행,특구,NNP
경주 여행,이름,NNG
경주 여행,고래,NNG
경주 여행,주제,NNG
경주 여행,관광지,NNG
경주 여행,형성,NNG
경주 여행,박물관,NNG
경주 여행,생태,NNG
경주 여행,국내,NNG
경주 여행,울산,NNP
경주 여행,루비,NNG
경주 여행,정원,NNG
경주 여행,연휴,NNG
경주 여행,시작,NNG
경주 여행,신청,NNG
경주 여행,센터,NNG
경주 여행,부지,NNG
경주 여행,자리,NNG
경주 여행,역사,NNG
경주 여행,마당,NNG
경주 여행,연휴,NNG
경주 여행,계획,NNG
경주 여행,이용,NNG
경주 여행,루비,NNG
경주 여행,출장,NNG
경주 여행,조식,NNG
경주 여행,제공,NNG
경주 여행,에이치,NNG
경주 여행,비뉴,NNG
경주 여행,호텔,NNG
경주 여행,불국사,NNP
경주 여행,도보,NNG
경주 여행,거리,NNG
경주 여행,피로,NNG
경주 여행,조금,NNG
경주 여행,아침,NNG
경주 여행,불국사,NNG
경주 여행,방문,NNG
경주 여행,고요,NNG
경주 여행,분위기,NNG
경주 여행,산책,NNG
경주 여행,최적,NNG
경주 여행,위치,NNG
경주 여행,스테이,NNG
경주 여행,알라딘,NNP
경주 여행,자평,NNG
경주 여행,일상,NNG
경주 여행,고고학,NNG
경주 여행,일상,NNG
경주 여행,고고학,NNG
경주 여행,개정,NNG
경주 여행,증보판,NNG
경주 여행,일상,NNG
경주 여행,고고학,NNG
경주 여행,시리즈,NNG
경주 여행,황윤,NNG
경주 여행,지음,NNG
경주 여행,고양이,NNG
경주 여행,평점,NNG
경주 여행,역사,NNG
경주 여행,사랑,NNG
경주 여행,사람,NNG
경주 여행,사랑,NNG
경주 여행,평화,NNG
경주 여행,강릉,NNP
경주 여행,서나,NNG
경주 여행,강릉,NNP
경주 여행,한옥,NNG
경주 여행,숙소,NNG
경주 여행,소설,NNG
경주 여행,첨성,NNG
경주 여행,대점,NNG
경주 여행,비향,NNP
경주 여행,한옥,NNG
경주 여행,숙소,NNG
경주 여행,이름,NNG
경주 여행,소설,NNG
경주 여행,첨성,NNG
경주 여행,대점,NNG
경주 여행,첨성대,NNG
경주 여행,첨성,NNG
경주 여행,대점,NNG
경주 여행,한옥,NNG
경주 여행,소설,NNG
경주 여행,인기,NNG
경주 여행,주말,NNG
경주 여행,알라딘,NNP
경주 여행,황금,NNG
경주 여행,호두,NNG
경주 여행,무웅,NNP
경주 여행,코스,NNG
경주 여행,느낌,NNG
경주 여행,느낌,NNG
경주 여행,신라,NNP
경주 여행,아이,NNG
경주 여행,티비,NNG
경주 여행,이동은,NNP
경주 여행,기차,NNG
경주 여행,자전거,NNG
경주 여행,도보,NNG
경주 여행,버스,NNG
경주 여행,투어,NNG
경주 여행,가능,NNG
경주 여행,코스,NNG
경주 여행,시내,NNG
경주 여행,천마총,NNG
경주 여행,왕릉,NNG
경주 여행,첨성대,NNG
경주 여행,계림,NNG
경주 여행,포석정,NNP
경주 여행,안압지,NNP
경주 여행,알라딘,NNP
경주 여행,자평,NNG
경주 여행,일상,NNG
경주 여행,고고학,NNG
경주 여행,일상,NNG
경주 여행,고고학,NNG
경주 여행,개정,NNG
경주 여행,증보판,NNG
경주 여행,일상,NNG
경주 여행,고고학,NNG
경주 여행,시리즈,NNG
경주 여행,황윤,NNG
경주 여행,지음,NNG
경주 여행,고양이,NNG
경주 여행,오랜만,NNG
경주 여행,저자,NNG
경주 여행,역사,NNG
경주 여행,느낌,NNG
경주 여행,감포,NNP
경주 여행,대말,NNG
경주 여행,체험,NNG
경주 여행,전시관,NNG
경주 여행,위치,NNG
경주 여행,경북,NNP
경주 여행,척사,NNG
경주 여행,운영,NNG
경주 여행,시간,NNG
경주 여행,연중무휴,NNG
경주 여행,대표,NNG
경주 여행,전화,NNG
경주 여행,입장료,NNG
경주 여행,무료,NNG
경주 여행,대말,NNG
경주 여행,체험,NNG
경주 여행,아이,NNG
경주 여행,점심,NNG
경주 여행,시간,NNG
경주 여행,운영,NNG
경주 여행,코스,NNG
경주 여행,읍천항,NNP
경주 여행,주상,NNG
경주 여행,절리,NNG
경주 여행,파도,NNG
경주 여행,소리,NNG
경주 여행,주상,NNG
경주 여행,절리,NNG
경주 여행,제주도,NNP
경주 여행,읍천항,NNP
경주 여행,코스,NNG
경주 여행,읍천항,NNP
경주 여행,자리,NNG
경주 여행,주상,NNG
경주 여행,절리,NNG
경주 여행,파도,NNG
경주 여행,소리,NNG
경주 여행,주차장,NNG
경주 여행,등대,NNG
경주 여행,교리,NNG
경주 여행,김밥,NNG
경주 여행,맛집,NNG
경주 여행,김밥,NNG
경주 여행,남산,NNG
경주 여행,등산,NNG
경주 여행,포함,NNG
경주 여행,당일,NNG
경주 여행,계획,NNG
경주 여행,코스,NNG
경주 여행,정도,NNG
경주 여행,생각,NNG
경주 여행,남산,NNG
경주 여행,놀부,NNG
경주 여행,보쌈,NNG
경주 여행,황오,NNP
경주 여행,배달,NNG
경주 여행,후기,NNG
경주 여행,숙소,NNG
경주 여행,황남,NNG
경주 여행,저녁,NNG
경주 여행,아이,NNG
경주 여행,배민,NNG
경주 여행,놀부,NNG
경주 여행,보쌈,NNG
경주 여행,검색,NNG
경주 여행,황오,NNP
경주 여행,배달,NNG
경주 여행,가능,NNG
경주 여행,저희,NP
경주 여행,황남,NNG
경주 여행,기차,NNG
경주 여행,일전,NNG
경주 여행,크리스마스,NNG
경주 여행,오늘,NNG
경주 여행,안녕,NNG
경주 여행,이번,NNG
경주 여행,컨셉,NNG
경주 여행,호텔,NNG
경주 여행,알라딘,NNP
경주 여행,서재,NNP
경주 여행,이야기,NNG
경주 여행,일상,NNG
경주 여행,고고학,NNG
경주 여행,무대,NNG
경주 여행,에세이,NNG
경주 여행,문화재,NNG
경주 여행,사전,NNG
경주 여행,지식,NNG
경주 여행,얼마,NNG
경주 여행,의미,NNG
경주 여행,알라딘,NNP
경주 여행,자평,NNG
경주 여행,일상,NNG
경주 여행,고고학,NNG
경주 여행,일상,NNG
경주 여행,고고학,NNG
경주 여행,개정,NNG
경주 여행,증보판,NNG
경주 여행,일상,NNG
경주 여행,고고학,NNG
경주 여행,시리즈,NNG
경주 여행,황윤,NNG
경주 여행,지음,NNG
경주 여행,고양이,NNG
경주 여행,이야기,NNG
경주 여행,호기심,NNG
경주 여행,알라딘,NNP
경주 여행,자평,NNG
경주 여행,일상,NNG
경주 여행,고고학,NNG
경주 여행,일상,NNG
경주 여행,고고학,NNG
경주 여행,개정,NNG
경주 여행,증보판,NNG
경주 여행,일상,NNG
경주 여행,고고학,NNG
경주 여행,시리즈,NNG
경주 여행,황윤,NNG
경주 여행,지음,NNG
경주 여행,고양이,NNG
경주 여행,평점,NNG
경주 여행,신라,NNP
경주 여행,마니아,NNG
경주 여행,기라,NNG
경주 여행,관심,NNG
경주 여행,가요,NNG
경주 여행,고고학,NNG
경주 여행,관점,NNG
경주 여행,석빙고,NNG
경주 여행,볼거리,NNG
경주 여행,근처,NNG
경주 여행,안압,NNG
경주 여행,볼거리,NNG
경주 여행,석빙고,NNG
경주 여행,이번,NNG
경주 여행,석빙고,NNG
경주 여행,석빙고,NNG
경주 여행,영조,NNG
경주 여행,일종,NNG
경주 여행,얼음,NNG
경주 여행,창고,NNG
경주 여행,근처,NNG
경주 여행,첨성대,NNG
경주 여행,가본,NNG
경주 여행,동궁,NNG
경주 여행,커피,NNG
경주 여행,열매,NNG
경주 여행,노천온천,NNP
경주 여행,행복,NNG
경주 여행,황리,NNG
경주 여행,보문,NNG
경주 여행,왕릉,NNG
경주 여행,탐방,NNG
경주 여행,데이트,NNG
경주 여행,코스,NNG
경주 여행,황리,NNG
경주 여행,마음,NNG
경주 여행,낭만,NNG
경주 여행,경상도,NNP
경주 여행,거리,NNG
경주 여행,유적지,NNG
경주 여행,한옥,NNG
경주 여행,고도,NNG
경주 여행,밀면,NNP
경주 여행,가격,NNG
경주 여행,비빔,NNG
경주 여행,떡갈비,NNG
경주 여행,밥상,NNG
경주 여행,육수,NNG
경주 여행,평가,NNG
경주 여행,입맛,NNG
경주 여행,취향,NNG
경주 여행,엑스,NNG
경주 여행,포대,NNG
경주 여행,공원,NNG
경주 여행,애벌레,NNG
경주 여행,보문호,NNP
경주 여행,주변,NNG
경주 여행,엑스,NNG
경주 여행,포대,NNG
경주 여행,공원,NNG
경주 여행,입장,NNG
경주 여행,엑스포,NNG
경주 여행,기념관,NNG
경주 여행,천마,NNG
경주 여행,궁전,NNG
경주 여행,타워,NNG
경주 여행,솔거,NNG
경주 여행,미술관,NNG
경주 여행,자연사,NNG
경주 여행,박물관,NNG
경주 여행,동방역,NNP
경주 여행,능소화,NNG
경주 여행,서출지,NNG
경주 여행,경북,NNP
경주 여행,산림,NNG
경주 여행,연구원,NNG
경주 여행,동방역,NNP
경주 여행,능소화,NNG
경주 여행,서출지,NNG
경주 여행,경북,NNP
경주 여행,산림,NNG
경주 여행,연구원,NNG
경주 여행,모녀,NNG
경주 여행,바보,NNG
경주 여행,블로그,NNG
경주 여행,모녀,NNG
경주 여행,첨성대,NNG
경주 여행,야생,NNG
경주 여행,계림,NNG
경주 여행,월지,NNG
경주 여행,안압지,NNP
경주 여행,계림,NNP
경주 여행,월지,NNP
경주 여행,안압지,NNP
경주 여행,야경,NNG
경주 여행,박물관,NNG
경주 여행,김유신,NNP
경주 여행,장군,NNG
경주 여행,석굴암,NNG
경주 여행,알라딘,NNP
경주 여행,자평,NNG
경주 여행,일상,NNG
경주 여행,고고학,NNG
경주 여행,일상,NNG
경주 여행,고고학,NNG
경주 여행,개정,NNG
경주 여행,증보판,NNG
경주 여행,일상,NNG
경주 여행,고고학,NNG
경주 여행,시리즈,NNG
경주 여행,황윤,NNG
경주 여행,지음,NNG
경주 여행,고양이,NNG
경주 여행,평점,NNG
경주 여행,삼국,NNG
경주 여행,시대,NNG
경주 여행,자료,NNG
경주 여행,섭렵,NNG
경주 여행,소장,NNG
경주 여행,역사,NNG
경주 여행,학자,NNG
경주 여행,순수,NNG
경주 여행,시각,NNG
경주 여행,알라딘,NNP
경주 여행,일상,NNG
경주 여행,고고학,NNG
경주 여행,일상,NNG
경주 여행,고고학,NNG
경주 여행,개정,NNG
경주 여행,증보판,NNG
경주 여행,일상,NNG
경주 여행,고고학,NNG
경주 여행,시리즈,NNG
경주 여행,황윤,NNG
경주 여행,지음,NNG
경주 여행,고양이,NNG
경주 여행,평점,NNG
경주 여행,수학,NNG
경주 여행,추억,NNG
경주 여행,역사,NNG
경주 여행,경비,NNG
경주 여행,혼자,NNG
경주 여행,이동,NNG
경주 여행,수단,NNG
경주 여행,시외버스,NNG
경주 여행,버스,NNG
경주 여행,택시,NNG
경주 여행,시티투어,NNP
경주 여행,버스,NNG
경주 여행,기타,NNG
경주 여행,생필품,NNG
경주 여행,샴푸,NNG
경주 여행,린스,NNG
경주 여행,바디,NNG
경주 여행,워시,NNP
경주 여행,버블,NNG
경주 여행,경비,NNG
경주 여행,경북,NNP
경주 여행,현대,NNG
경주 여행,호텔,NNG
경주 여행,현대,NNP
경주 여행,호텔,NNG
경주 여행,현대,NNG
경주 여행,호텔,NNG
경주 여행,보문,NNP
경주 여행,수상,NNG
경주 여행,공연장,NNG
경주 여행,보문관광단지,NNP
경주 여행,보문호,NNP
경주 여행,신라,NNP
경주 여행,컨트리클럽,NNG
경주 여행,숙박,NNG
경주 여행,현대,NNG
경주 여행,호텔,NNG
경주 여행,방문,NNG
경주 여행,일자,NNG
경주 여행,현대,NNG
경주 여행,호텔,NNG
경주 여행,경북,NNP
경주 여행,신평동,NNP
경주 여행,석굴암,NNG
경주 여행,불국사,NNG
경주 여행,석굴암,NNG
경주 여행,불국사,NNG
경주 여행,일시,NNG
경주 여행,장소,NNG
경주 여행,석굴암,NNG
경주 여행,불국사,NNG
경주 여행,참여,NNG
경주 여행,우리,NP
경주 여행,가족,NNG
경주 여행,송국영,NNP
경주 여행,안종,NNP
경주 여행,송진주,NNP
경주 여행,김홍식,NNP
경주 여행,김연우,NNP
경주 여행,연주,NNP
경주 여행,조광민,NNP
경주 여행,대릉원,NNG
경주 여행,스탬프,NNG
경주 여행,투어,NNG
경주 여행,이야기,NNG
경주 여행,대릉원,NNG
경주 여행,천마,NNG
경주 여행,경북,NNP
경주 여행,스탬프,NNG
경주 여행,투어,NNG
경주 여행,오릉,NNG
경주 여행,대릉원,NNG
경주 여행,천마총,NNG
경주 여행,오릉,NNG
경주 여행,교촌,NNG
경주 여행,마을,NNG
경주 여행,투어,NNG
경주 여행,다음,NNG
경주 여행,오릉,NNG
경주 여행,교촌,NNG
경주 여행,마을,NNG
경주 여행,느낌,NNG
경주 여행,유적지,NNG
경주 여행,트레,NNP
경주 여행,대상지,NNG
경주 여행,유적지,NNG
경주 여행,트레,NNP
경주 여행,소재지,NNG
경주 여행,경북,NNP
경주 여행,동궁,NNG
경주 여행,월지,NNG
경주 여행,반월,NNG
경주 여행,교촌,NNG
경주 여행,대릉원,NNG
경주 여행,고분,NNG
경주 여행,분황사,NNG
경주 여행,황룡사,NNG
경주 여행,역사,NNG
경주 여행,문화원,NNG
경주 여행,동궁,NNG
경주 여행,월지,NNG
경주 여행,주차장,NNG
경주 여행,반월,NNG
경주 여행,동궁,NNG
경주 여행,월지,NNG
경주 여행,안압지,NNP
경주 여행,야경,NNG
경주 여행,해외,NNG
경주 여행,이야기,NNG
경주 여행,후기,NNG
경주 여행,동궁,NNG
경주 여행,월지,NNG
경주 여행,안압지,NNP
경주 여행,야경,NNG
경주 여행,훌리아,NNP
경주 여행,여름,NNG
경주 여행,사진,NNG
경주 여행,보관,NNG
경주 여행,구독,NNG
경주 여행,해외,NNG
경주 여행,이야기,NNG
경주 여행,후기,NNG
경주 여행,이야기,NNG
경주 여행,계명,NNG
경주 여행,대학교,NNG
경주 여행,동산,NNG
경주 여행,병원,NNG
경주 여행,일자,NNG
경주 여행,인원,NNG
경주 여행,친구,NNG
경주 여행,시외버스,NNG
경주 여행,터미널,NNG
경주 여행,경북,NNP
경주 여행,노서동,NNP
경주 여행,전화,NNG
경주 여행,시외버스,NNG
경주 여행,터미널,NNG
경주 여행,일요일,NNG
경주 여행,오전,NNG
경주 여행,오후,NNG
경주 여행,고향,NNG
경주 여행,친구,NNG
경주 여행,신라,NNP
경주 여행,대종,NNG
경주 여행,장맛비,NNG
경주 여행,시작,NNG
경주 여행,육월,NNP
경주 여행,중순,NNG
경주 여행,고향,NNG
경주 여행,친구,NNG
경주 여행,대릉원,NNG
경주 여행,돌담길,NNP
경주 여행,황리,NNG
경주 여행,알라딘,NNP
경주 여행,자평,NNG
경주 여행,일상,NNG
경주 여행,고고학,NNG
경주 여행,일상,NNG
경주 여행,고고학,NNG
경주 여행,개정,NNG
경주 여행,증보판,NNG
경주 여행,일상,NNG
경주 여행,고고학,NNG
경주 여행,시리즈,NNG
경주 여행,황윤,NNG
경주 여행,지음,NNG
경주 여행,고양이,NNG
경주 여행,길잡이,NNG
경주 여행,이해,NNG
경주 여행,코스,NNG
경주 여행,베스트,NNG
경주 여행,추천,NNG
경주 여행,코스,NNG
경주 여행,베스트,NNG
경주 여행,추천,NNG
경주 여행,코스,NNG
경주 여행,베스트,NNG
경주 여행,추천,NNG
경주 여행,소개,NNG
경주 여행,황리,NNG
경주 여행,상호,NNG
경주 여행,황리,NNG
경주 여행,주소,NNG
경주 여행,경상북도,NNP
경주 여행,황남동,NNP
경주 여행,전화,NNG
경주 여행,번호,NNG
경주 여행,입력,NNG
경주 여행,관련,NNG
경주 여행,키워드,NNP
경주 여행,키워드,NNP
경주 여행,코스,NNG
경주 여행,불국사,NNP
경주 여행,석굴암,NNG
경주 여행,중교,NNG
경주 여행,서울,NNP
경주 여행,불국사,NNP
경주 여행,불국사,NNP
경주 여행,국보,NNG
경주 여행,다보탑,NNG
경주 여행,석가탑,NNG
경주 여행,석굴암,NNG
경주 여행,입장료,NNG
경주 여행,불국사,NNG
경주 여행,스탬프,NNG
경주 여행,투어,NNG
경주 여행,이야기,NNG
경주 여행,불국사,NNP
경주 여행,석굴암,NNG
경주 여행,경북,NNP
경주 여행,스탬프,NNG
경주 여행,투어,NNG
경주 여행,가을,NNG
경주 여행,불국사,NNG
경주 여행,석굴암,NNG
경주 여행,동리,NNG
경주 여행,문학관,NNG
경주 여행,구경,NNG
경주 여행,다음,NNG
경주 여행,장소,NNG
경주 여행,핵심,NNG
경주 여행,메카,NNP
경주 여행,불국사,NNP
경주 여행,석굴암,NNG
경주 여행,황리,NNG
경주 여행,한옥,NNG
경주 여행,카페,NNG
경주 여행,추천,NNG
경주 여행,카페,NNP
경주 여행,아덴,NNP
경주 여행,카페,NNP
경주 여행,아덴,NNP
경주 여행,위치,NNG
경주 여행,경북,NNP
경주 여행,사정,NNG
경주 여행,운영,NNG
경주 여행,시간,NNG
경주 여행,실시간,NNG
경주 여행,예보,NNG
경주 여행,커피,NNG
경주 여행,아덴,NNP
경주 여행,시그,NNP
경주 여행,알라딘,NNP
경주 여행,자평,NNG
경주 여행,일상,NNG
경주 여행,고고학,NNG
경주 여행,일상,NNG
경주 여행,고고학,NNG
경주 여행,개정,NNG
경주 여행,증보판,NNG
경주 여행,일상,NNG
경주 여행,고고학,NNG
경주 여행,시리즈,NNG
경주 여행,황윤,NNG
경주 여행,지음,NNG
경주 여행,고양이,NNG
경주 여행,평점,NNG
경주 여행,기대,NNG
경주 여행,알라딘,NNP
경주 여행,서재,NNP
경주 여행,필수,NNG
경주 여행,필요,NNG
경주 여행,지식,NNG
경주 여행,설명,NNG
경주 여행,이해,NNG
경주 여행,사진,NNG
경주 여행,정보,NNG
경주 여행,서울,NNP
경주 여행,역사,NNG
경주 여행,한옥,NNG
경주 여행,독서,NNG
경주 여행,모임,NNG
경주 여행,주문,NNG
경주 여행,역사,NNG
경주 여행,예정,NNG
경주 여행,대릉원,NNG
경주 여행,대릉원,NNG
경주 여행,담장,NNG
경주 여행,이번,NNG
경주 여행,가을,NNG
경주 여행,만끽,NNG
경주 여행,컨셉,NNG
경주 여행,가을,NNG
경주 여행,분위기,NNG
경주 여행,고조,NNG
경주 여행,벚나무,NNG
경주 여행,좌우,NNG
경주 여행,슈만,NNP
경주 여행,클라라,NNP
경주 여행,도착,NNG
경주 여행,슈만,NNP
경주 여행,클라라,NNP
경주 여행,위치,NNG
경주 여행,요기,NP
경주 여행,여기,NP
경주 여행,버스,NNG
경주 여행,버스,NNG
경주 여행,택시,NNG
경주 여행,다음,NNG
경주 여행,문제,NNG
경주 여행,황리,NNG
경주 여행,주전부리,NNG
경주 여행,황금,NNG
경주 여행,황남,NNG
경주 여행,옥수수,NNG
경주 여행,청년,NNG
경주 여행,분식,NNG
경주 여행,황리,NNG
경주 여행,주전부리,NNG
경주 여행,저녁,NNG
경주 여행,황리,NNG
경주 여행,주전부리,NNG
경주 여행,결론,NNG
경주 여행,청년,NNG
경주 여행,분식,NNG
경주 여행,황남,NNG
경주 여행,옥수수,NNG
경주 여행,청년,NNG
경주 여행,분식,NNG
경주 여행,쥬얼,NNP
경주 여행,유혹,NNG
경주 여행,황리,NNG
경주 여행,맛집,NNG
경주 여행,여도,NNG
경주 여행,영업,NNG
경주 여행,종료,NNG
경주 여행,오늘,NNG
경주 여행,맛집,NNG
경주 여행,황리,NNG
경주 여행,맛집,NNG
경주 여행,여주,NNG
경주 여행,이야기,NNG
경주 여행,여도,NNG
경주 여행,저희,NP
경주 여행,기록,NNG
경주 여행,포스팅,NNP
경주 여행,진행,NNG
경주 여행,참고,NNG
경주 여행,한옥,NNP
경주 여행,외관,NNG
경주 여행,눈길,NNG
경주 여행,성동,NNG
경주 여행,시장,NNG
경주 여행,구경,NNG
경주 여행,가을,NNG
경주 여행,기차,NNG
경주 여행,피날레,NNG
경주 여행,가을,NNG
경주 여행,기차,NNG
경주 여행,단풍,NNG
경주 여행,은행,NNG
경주 여행,낙엽,NNG
경주 여행,언니,NNG
경주 여행,수고,NNG
경주 여행,숙소,NNG
경주 여행,변경,NNG
경주 여행,지도자,NNG
경주 여행,언니,NNG
경주 여행,봄꽃,NNG
경주 여행,마지막,NNG
경주 여행,월요일,NNG
경주 여행,벚꽃,NNG
경주 여행,상춘객,NNG
경주 여행,점심,NNG
경주 여행,집사람,NNG
경주 여행,국도,NNG
경주 여행,곳곳,NNG
경주 여행,벚꽃,NNG
경주 여행,자랑,NNG
경주 여행,열중,NNG
경주 여행,첨성대,NNG
경주 여행,대릉원,NNG
경주 여행,주차,NNG
경주 여행,주차장,NNG
경주 여행,대릉원,NNG
경주 여행,주차장,NNG
경주 여행,여기,NP
경주 여행,매표,NNG
경주 여행,혼자,NNG
경주 여행,필요,NNG
경주 여행,드라이브,NNG
경주 여행,그곳,NP
경주 여행,첨성대,NNG
경주 여행,마지막,NNG
경주 여행,선물,NNG
경주 여행,눈발,NNG
경주 여행,시작,NNG
경주 여행,세상,NNG
경주 여행,눈길,NNG
경주 여행,산책,NNG
경주 여행,불국사,NNP
경주 여행,기차,NNG
경주 여행,마무리,NNG
경주 여행,하늘,NNG
경주 여행,야경,NNG
경주 여행,매력,NNG
경주 여행,정교,NNG
경주 여행,분위기,NNG
경주 여행,저녁,NNG
경주 여행,정교,NNG
경주 여행,방문,NNG
경주 여행,추천,NNG
경주 여행,정교,NNG
경주 여행,사진,NNG
경주 여행,정교,NNG
경주 여행,야경,NNG
경주 여행,마지막,NNG
경주 여행,여기,NP
경주 여행,신라,NNP
경주 여행,신라,NNP
경주 여행,해장국,NNG
경주 여행,황남,NNG
경주 여행,맷돌,NNG
경주 여행,순두부,NNG
경주 여행,두부,NNG
경주 여행,보쌈,NNG
경주 여행,제육,NNG
경주 여행,순두부찌개,NNG
경주 여행,황남,NNG
경주 여행,맷돌,NNG
경주 여행,순두부,NNG
경주 여행,영업시간,NNG
경주 여행,황리,NNG
경주 여행,시작,NNG
경주 여행,밥집,NNG
경주 여행,영업,NNG
경주 여행,마감,NNG
경주 여행,고기,NNG
경주 여행,두부,NNG
경주 여행,순두부찌개,NNG
경주 여행,호랑이,NNG
경주 여행,막걸리,NNG
경주 여행,울주,NNP
경주 여행,새벽,NNG
경주 여행,하늘,NNG
경주 여행,예쁘다,NNP
경주 여행,월드,NNG
경주 여행,판다,NNG
경주 여행,점심,NNG
경주 여행,친절,NNG
경주 여행,떡갈비,NNG
경주 여행,계란찜,NNG
경주 여행,풍경,NNG
경주 여행,행복,NNG
경주 여행,울주,NNP
경주 여행,서출지,NNG
경주 여행,날씨,NNG
경주 여행,촬영,NNG
경주 여행,사진가,NNG
경주 여행,미안,NNG
경주 여행,생각,NNG
경주 여행,날씨,NNG
경주 여행,촬영,NNG
경주 여행,대작,NNG
경주 여행,알라딘,NNP
경주 여행,자평,NNG
경주 여행,우리,NP
경주 여행,우리,NP
경주 여행,세계,NNG
경주 여행,문화유산,NNG
경주 여행,개정판,NNG
경주 여행,답사,NNG
경주 여행,역사,NNG
경주 여행,박광일,NNP
경주 여행,전향,NNG
경주 여행,이야기,NNG
경주 여행,기획,NNG
경주 여행,성당,NNG
경주 여행,평점,NNG
경주 여행,초등,NNG
경주 여행,학교,NNG
경주 여행,학생,NNG
경주 여행,수학,NNG
경주 여행,알라딘,NNP
경주 여행,자평,NNG
경주 여행,일상,NNG
경주 여행,고고학,NNG
경주 여행,일상,NNG
경주 여행,고고학,NNG
경주 여행,개정,NNG
경주 여행,증보판,NNG
경주 여행,일상,NNG
경주 여행,고고학,NNG
경주 여행,시리즈,NNG
경주 여행,황윤,NNG
경주 여행,지음,NNG
경주 여행,고양이,NNG
경주 여행,타임캡슐,NNG
경주 여행,신라,NNG
경주 여행,특별,NNG
경주 여행,시간,NNG
경주 여행,오늘,NNG
경주 여행,날씨,NNG
경주 여행,마을,NNG
경주 여행,식당,NNG
경주 여행,양념,NNG
경주 여행,게장,NNG
경주 여행,점심,NNG
경주 여행,힐튼,NNP
경주 여행,호텔,NNG
경주 여행,커피,NNG
경주 여행,한잔,NNG
경주 여행,보문,NNG
경주 여행,나무,NNG
경주 여행,감상,NNG
경주 여행,커피,NNG
경주 여행,한잔,NNG
경주 여행,스콘,NNP
경주 여행,행복,NNG
경주 여행,월드,NNG
경주 여행,관람,NNG
경주 여행,압지,NNG
경주 여행,야경,NNG
경주 여행,투어,NNG
경주 여행,방문,NNG
경주 여행,보름달,NNG
경주 여행,하늘,NNG
경주 여행,황청,NNG
경주 여행,연못,NNG
경주 여행,야경,NNG
경주 여행,야경,NNG
경주 여행,이곳,NP
경주 여행,압지,NNG
경주 여행,알라딘,NNP
경주 여행,자평,NNG
경주 여행,우리,NP
경주 여행,우리,NP
경주 여행,신라,NNG
경주 여행,답사,NNG
경주 여행,역사,NNG
경주 여행,박광일,NNP
경주 여행,평점,NNG
경주 여행,구판,NNG
경주 여행,절판,NNG
경주 여행,아이,NNG
경주 여행,눈높이,NNG
경주 여행,알라딘,NNP
경주 여행,자평,NNG
경주 여행,일상,NNG
경주 여행,고고학,NNG
경주 여행,일상,NNG
경주 여행,고고학,NNG
경주 여행,개정,NNG
경주 여행,증보판,NNG
경주 여행,일상,NNG
경주 여행,고고학,NNG
경주 여행,시리즈,NNG
경주 여행,황윤,NNG
경주 여행,지음,NNG
경주 여행,고양이,NNG
경주 여행,평점,NNG
경주 여행,유익,NNG
경주 여행,알라딘,NNP
경주 여행,역사,NNG
경주 여행,관심,NNG
경주 여행,시작,NNG
경주 여행,생각,NNG
경주 여행,마음,NNG
경주 여행,기억,NNG
경주 여행,아이,NNG
경주 여행,신라,NNG
경주 여행,동안,NNG
경주 여행,내용,NNG
경주 여행,생각,NNG
경주 여행,유적지,NNG
경주 여행,매화,NNG
경주 여행,산수유,NNG
경주 여행,만발,NNG
경주 여행,보문,NNG
경주 여행,호수,NNG
경주 여행,산책,NNG
경주 여행,행복,NNG
경주 여행,마무리,NNG
경주 여행,알라딘,NNP
경주 여행,자평,NNG
경주 여행,일상,NNG
경주 여행,고고학,NNG
경주 여행,일상,NNG
경주 여행,고고학,NNG
경주 여행,일상,NNG
경주 여행,시리즈,NNG
경주 여행,황윤,NNG
경주 여행,지음,NNG
경주 여행,고양이,NNG
경주 여행,평점,NNG
경주 여행,마니아,NNG
경주 여행,탐방기,NNG
경주 여행,설명,NNG
경주 여행,알라딘,NNP
경주 여행,자평,NNG
경주 여행,일상,NNG
경주 여행,고고학,NNG
경주 여행,일상,NNG
경주 여행,고고학,NNG
경주 여행,개정,NNG
경주 여행,증보판,NNG
경주 여행,일상,NNG
경주 여행,고고학,NNG
경주 여행,시리즈,NNG
경주 여행,황윤,NNG
경주 여행,지음,NNG
경주 여행,고양이,NNG
경주 여행,평점,NNG
경주 여행,풍경,NNG
경주 여행,고고학,NNG
경주 여행,우리,NP
경주 여행,지적,NNG
경주 여행,힐링,NNG
경주 여행,주상,NNG
경주 여행,절리,NNG
경주 여행,스탬프,NNG
경주 여행,투어,NNG
경주 여행,목적지,NNG
경주 여행,주상,NNG
경주 여행,스탬프,NNG
경주 여행,투어,NNG
경주 여행,주상,NNG
경주 여행,절리,NNG
경주 여행,해변,NNG
경주 여행,둘레길,NNP
경주 여행,주상,NNG
경주 여행,절리,NNG
경주 여행,파도,NNG
경주 여행,소리,NNG
경주 여행,시작,NNG
경주 여행,오랫만,NNG
경주 여행,밤잠,NNG
경주 여행,시계,NNG
경주 여행,시간,NNG
경주 여행,불국사,NNP
경주 여행,황남빵,NNP
경주 여행,교리,NNG
경주 여행,김밥,NNG
경주 여행,내소,NNG
경주 여행,불국사,NNP
경주 여행,황남빵,NNP
경주 여행,교리,NNG
경주 여행,김밥,NNG
경주 여행,산내,NNG
경주 여행,소고기,NNG
경주 여행,울산,NNP
경주 여행,후배,NNG
경주 여행,울산,NNP
경주 여행,불국사,NNG
경주 여행,천마총,NNG
경주 여행,첨성대,NNG
경주 여행,나무,NNG
경주 여행,그늘,NNG
경주 여행,내부,NNG
경주 여행,전경,NNG
경주 여행,알라딘,NNP
경주 여행,자평,NNG
경주 여행,일상,NNG
경주 여행,고고학,NNG
경주 여행,개정,NNG
경주 여행,증보판,NNG
경주 여행,일상,NNG
경주 여행,고고학,NNG
경주 여행,시리즈,NNG
경주 여행,황윤,NNG
경주 여행,지음,NNG
경주 여행,고양이,NNG
경주 여행,평점,NNG
경주 여행,학교,NNG
경주 여행,공부,NNG
경주 여행,느낌,NNG
경주 여행,가보세요,NNG
경주 여행,알라딘,NNP
경주 여행,자평,NNG
경주 여행,일상,NNG
경주 여행,고고학,NNG
경주 여행,혼자,NNG
경주 여행,개정,NNG
경주 여행,증보판,NNG
경주 여행,일상,NNG
경주 여행,고고학,NNG
경주 여행,시리즈,NNG
경주 여행,황윤,NNG
경주 여행,지음,NNG
경주 여행,고양이,NNG
경주 여행,평점,NNG
경주 여행,이야기,NNG
경주 여행,작가,NNG
경주 여행,혼자,NNG
경주 여행,기대,NNG
경주 여행,매화꽃,NNG
경주 여행,산수유,NNG
경주 여행,날씨,NNG
경주 여행,바람,NNG
경주 여행,햇살,NNG
경주 여행,점심,NNG
경주 여행,황룡,NNG
경주 여행,동국,NNG
경주 여행,재단,NNG
경주 여행,운영,NNG
경주 여행,연수원,NNG
경주 여행,맷돌,NNG
경주 여행,순부,NNG
경주 여행,옆집,NNG
경주 여행,정화,NNG
경주 여행,송이,NNG
경주 여행,순두부,NNG
경주 여행,맛집,NNG
경주 여행,옆집,NNG
경주 여행,가격,NNG
경주 여행,기본,NNG
경주 여행,반찬,NNG
경주 여행,생선,NNG
경주 여행,구이,NNG
경주 여행,후배,NNG
경주 여행,순두부,NNG
경주 여행,순두부,NNG
경주 여행,파전,NNG
경주 여행,주문,NNG
경주 여행,새송이,NNP
경주 여행,탁주,NNG
경주 여행,주문,NNG
경주 여행,낮술,NNG
경주 여행,남산,NNP
경주 여행,칠불암,NNG
경주 여행,케이트,NNP
경주 여행,진입,NNG
경주 여행,서라벌,NNP
경주 여행,휴게소,NNG
경주 여행,통일전,NNP
경주 여행,주차장,NNG
경주 여행,주차,NNG
경주 여행,염불,NNG
경주 여행,사지,NNG
경주 여행,삼층석탑,NNP
경주 여행,주차,NNG
경주 여행,여기,NP
경주 여행,도착,NNG
경주 여행,주차,NNG
경주 여행,아침,NNG
경주 여행,국내,NNG
경주 여행,사진,NNG
경주 여행,국내,NNG
경주 여행,테마,NNG
경주 여행,벚꽃,NNG
경주 여행,시기,NNG
경주 여행,아쉬움,NNG
경주 여행,대능원,NNP
경주 여행,출입문,NNG
경주 여행,능원,NNG
경주 여행,소나무,NNG
경주 여행,천마총,NNG
경주 여행,안압지,NNP
경주 여행,분황사,NNG
경주 여행,모전,NNG
경주 여행,석탑,NNG
경주 여행,원래,NNG
경주 여행,알라딘,NNP
경주 여행,자평,NNG
경주 여행,일상,NNG
경주 여행,고고학,NNG
경주 여행,일상,NNG
경주 여행,고고학,NNG
경주 여행,개정,NNG
경주 여행,증보판,NNG
경주 여행,일상,NNG
경주 여행,고고학,NNG
경주 여행,시리즈,NNG
경주 여행,황윤,NNG
경주 여행,지음,NNG
경주 여행,고양이,NNG
경주 여행,평점,NNG
경주 여행,마음,NNG
경주 여행,중학교,NNG
경주 여행,수학,NNG
경주 여행,힐튼,NNP
경주 여행,호텔,NNG
경주 여행,한국,NNP
경주 여행,서울,NNP
경주 여행,호텔,NNG
경주 여행,체인,NNG
경주 여행,이상,NNG
경주 여행,두산,NNP
경주 여행,참고,NNG
경주 여행,미국,NNP
경주 여행,모델,NNG
경주 여행,손님,NNG
경주 여행,배려,NNG
경주 여행,호텔,NNG
경주 여행,토함산,NNP
경주 여행,단풍,NNG
경주 여행,터널,NNG
경주 여행,자연,NNG
경주 여행,수채화,NNG
경주 여행,단풍,NNG
경주 여행,숲길,NNG
경주 여행,불국사,NNP
경주 여행,석굴암,NNG
경주 여행,토함산,NNP
경주 여행,숲길,NNG
경주 여행,월산,NNG
경주 여행,고갯길,NNG
경주 여행,신라,NNP
경주 여행,역사,NNG
경주 여행,시내,NNG
경주 여행,배롱나무,NNG
경주 여행,첨성대,NNG
경주 여행,야경,NNG
경주 여행,수학,NNG
경주 여행,사람,NNG
경주 여행,자녀,NNG
경주 여행,역사,NNG
경주 여행,유적,NNG
경주 여행,답사,NNG
경주 여행,동행,NNG
경주 여행,생각,NNG
경주 여행,국내,NNG
경주 여행,특징,NNG
경주 여행,평온,NNG
경주 여행,자연,NNG
경주 여행,황리,NNG
경주 여행,카페,NNG
경주 여행,카페,NNG
경주 여행,카페,NNG
경주 여행,황리,NNG
경주 여행,거리,NNG
경주 여행,위치,NNG
경주 여행,거리,NNG
경주 여행,인테리어,NNG
경주 여행,눈길,NNG
경주 여행,카페,NNG
경주 여행,황리,NNG
경주 여행,카페,NNG
경주 여행,카페,NNG
경주 여행,날씨,NNG
경주 여행,경북,NNP
경주 여행,국밥,NNG
경주 여행,맛집,NNG
경주 여행,보문,NNG
경주 여행,경북,NNP
경주 여행,교촌,NNP
경주 여행,마을,NNG
경주 여행,교촌,NNG
경주 여행,보관,NNG
경주 여행,아이,NNG
경주 여행,가족,NNG
경주 여행,가족,NNG
경주 여행,기록,NNG
경주 여행,오늘,NNG
경주 여행,가족,NNG
경주 여행,모임,NNG
경주 여행,경북,NNP
경주 여행,불국사역,NNP
경주 여행,동대구,NNG
경주 여행,기차,NNG
경주 여행,무궁화호,NNP
경주 여행,시간,NNG
경주 여행,시외,NNG
경주 여행,고속,NNG
경주 여행,버스,NNG
경주 여행,터미널,NNG
경주 여행,거리,NNG
경주 여행,어디,NP
경주 여행,대중,NNG
경주 여행,교통,NNG
경주 여행,종류,NNG
경주 여행,서울,NNP
경주 여행,대전,NNP
경주 여행,이상,NNG
경주 여행,코스,NNG
경주 여행,하늘,NNG
경주 여행,구름,NNG
경주 여행,고속도로,NNP
경주 여행,오늘,NNG
경주 여행,힐링,NNG
경주 여행,산송,NNG
경주 여행,한우구,NNP
경주 여행,언양,NNP
경주 여행,불고기,NNG
경주 여행,더덕구이,NNG
경주 여행,라떼,NNG
경주 여행,한잔,NNG
경주 여행,노천온천,NNP
경주 여행,하늘,NNG
경주 여행,알라딘,NNP
경주 여행,자평,NNG
경주 여행,일상,NNG
경주 여행,고고학,NNG
경주 여행,지음,NNG
경주 여행,고양이,NNG
경주 여행,평점,NNG
경주 여행,도시,NNG
경주 여행,시간,NNG
경주 여행,기분,NNG
경주 여행,행복,NNG
경주 여행,코로나,NNP
경주 여행,알라딘,NNP
경주 여행,자평,NNG
경주 여행,일상,NNG
경주 여행,고고학,NNG
경주 여행,일상,NNG
경주 여행,고고학,NNG
경주 여행,개정,NNG
경주 여행,증보판,NNG
경주 여행,일상,NNG
경주 여행,고고학,NNG
경주 여행,시리즈,NNG
경주 여행,황윤,NNG
경주 여행,지음,NNG
경주 여행,고양이,NNG
경주 여행,평점,NNG
경주 여행,구경,NNG
경주 여행,코로나,NNP
경주 여행,알라딘,NNP
경주 여행,자평,NNG
경주 여행,일상,NNG
경주 여행,고고학,NNG
경주 여행,일상,NNG
경주 여행,고고학,NNG
경주 여행,개정,NNG
경주 여행,증보판,NNG
경주 여행,일상,NNG
경주 여행,고고학,NNG
경주 여행,시리즈,NNG
경주 여행,황윤,NNG
경주 여행,지음,NNG
경주 여행,고양이,NNG
경주 여행,평점,NNG
경주 여행,수학,NNG
경주 여행,이후,NNG
경주 여행,생각,NNG
경주 여행,알라딘,NNP
경주 여행,자평,NNG
경주 여행,일상,NNG
경주 여행,고고학,NNG
경주 여행,평점,NNG
경주 여행,가을,NNG
경주 여행,실천,NNG
경주 여행,사람,NNG
경주 여행,기대,NNG
경주 여행,나정,NNG
경주 여행,맛집,NNG
경주 여행,나정,NNG
경주 여행,라면,NNG
경주 여행,맛집,NNG
경주 여행,에도,NNP
경주 여행,바다,NNG
경주 여행,나정,NNG
경주 여행,스토리,NNG
경주 여행,에도,NNP
경주 여행,바다,NNG
경주 여행,사실,NNG
경주 여행,아시나,NNP
경주 여행,바다,NNG
경주 여행,남편,NNG
경주 여행,역사,NNG
경주 여행,유적지,NNG
경주 여행,가을,NNG
경주 여행,도착,NNG
경주 여행,오늘,NNG
경주 여행,작년,NNG
경주 여행,여름,NNG
경주 여행,코스,NNG
경주 여행,서출지,NNG
경주 여행,통일전,NNP
경주 여행,산림,NNG
경주 여행,연구원,NNG
경주 여행,핑크,NNG
경주 여행,첨성대,NNG
경주 여행,주변,NNG
경주 여행,황리,NNG
경주 여행,구경,NNG
경주 여행,점심,NNG
경주 여행,커피,NNG
경주 여행,조금,NNG
경주 여행,가을,NNG
경주 여행,알라딘,NNP
경주 여행,자평,NNG
경주 여행,일상,NNG
경주 여행,고고학,NNG
경주 여행,일상,NNG
경주 여행,고고학,NNG
경주 여행,개정,NNG
경주 여행,증보판,NNG
경주 여행,일상,NNG
경주 여행,고고학,NNG
경주 여행,시리즈,NNG
경주 여행,황윤,NNG
경주 여행,지음,NNG
경주 여행,고양이,NNG
경주 여행,평점,NNG
경주 여행,수학,NNG
경주 여행,역사,NNG
경주 여행,의미,NNG
경주 여행,이제,NNG
경주 여행,풍경,NNG
경주 여행,알라딘,NNP
경주 여행,자평,NNG
경주 여행,일상,NNG
경주 여행,고고학,NNG
경주 여행,출간,NNG
경주 여행,일상,NNG
경주 여행,고고학,NNG
경주 여행,혼자,NNG
경주 여행,백제,NNG
경주 여행,이번,NNG
경주 여행,전작,NNG
경주 여행,백제,NNG
경주 여행,만족,NNG
경주 여행,이번,NNG
경주 여행,탑승,NNG
경주 여행,경북,NNP
경주 여행,천문,NNG
경주 여행,기상,NNG
경주 여행,관측대,NNG
경주 여행,첨성대,NNG
경주 여행,일자,NNG
경주 여행,인원,NNG
경주 여행,친구,NNG
경주 여행,첨성대,NNG
경주 여행,경북,NNP
경주 여행,인왕동,NNP
경주 여행,전화,NNG
경주 여행,첨성대,NNG
경주 여행,관람료,NNG
경주 여행,무료,NNG
경주 여행,경북,NNP
경주 여행,이야기,NNG
경주 여행,첨성대,NNG
경주 여행,대릉원,NNG
경주 여행,야경,NNG
경주 여행,데이,NNG
경주 여행,택시,NNG
경주 여행,투어,NNG
경주 여행,감사,NNG
경주 여행,구매,NNG
경주 여행,플레이스,NNG
경주 여행,데이,NNG
경주 여행,택시,NNG
경주 여행,투어,NNG
경주 여행,돌고래,NNG
경주 여행,돌핀,NNG
경주 여행,스토어,NNG
경주 여행,플레이스,NNG
경주 여행,데이,NNG
경주 여행,택시,NNG
경주 여행,투어,NNG
경주 여행,울산,NNP
경주 여행,동궁,NNG
경주 여행,월지,NNG
경주 여행,누리,NNG
경주 여행,정원,NNG
경주 여행,성호,NNG
경주 여행,리조트,NNG
경주 여행,장생포,NNG
경주 여행,고래,NNG
경주 여행,문화,NNG
경주 여행,특구,NNP
경주 여행,이름,NNG
경주 여행,고래,NNG
경주 여행,주제,NNG
경주 여행,관광지,NNG
경주 여행,형성,NNG
경주 여행,박물관,NNG
경주 여행,생태,NNG
경주 여행,국내,NNG
경주 여행,울산,NNP
경주 여행,루비,NNG
경주 여행,정원,NNG
경주 여행,연휴,NNG
경주 여행,시작,NNG
경주 여행,신청,NNG
경주 여행,센터,NNG
경주 여행,부지,NNG
경주 여행,자리,NNG
경주 여행,역사,NNG
경주 여행,마당,NNG
경주 여행,연휴,NNG
경주 여행,계획,NNG
경주 여행,이용,NNG
경주 여행,루비,NNG
경주 여행,출장,NNG
경주 여행,조식,NNG
경주 여행,제공,NNG
경주 여행,에이치,NNG
경주 여행,비뉴,NNG
경주 여행,호텔,NNG
경주 여행,불국사,NNP
경주 여행,도보,NNG
경주 여행,거리,NNG
경주 여행,피로,NNG
경주 여행,조금,NNG
경주 여행,아침,NNG
경주 여행,불국사,NNG
경주 여행,방문,NNG
경주 여행,고요,NNG
경주 여행,분위기,NNG
경주 여행,산책,NNG
경주 여행,최적,NNG
경주 여행,위치,NNG
경주 여행,스테이,NNG
경주 여행,보문,NNG
경주 여행,벚꽃,NNG
경주 여행,보문호,NNP
경주 여행,선사,NNG
경주 여행,최적,NNG
경주 여행,지이,NNG
경주 여행,도로,NNG
경주 여행,꽃길,NNG
경주 여행,시각,NNG
경주 여행,힐링,NNG
경주 여행,만개,NNG
경주 여행,경관,NNG
경주 여행,보문,NNG
경주 여행,단지,NNG
경주 여행,시가지,NNG
경주 여행,동쪽,NNG
경주 여행,정도,NNG
경주 여행,활산,NNP
경주 여행,성터,NNG
경주 여행,세계,NNG
경주 여행,문화유산,NNG
경주 여행,양동,NNP
경주 여행,마을,NNG
경주 여행,시간,NNG
경주 여행,조상,NNG
경주 여행,모습,NNG
경주 여행,간직,NNG
경주 여행,숨결,NNG
경주 여행,양동,NNP
경주 여행,마을,NNG
경주 여행,제격,NNG
경주 여행,경상북도,NNP
경주 여행,강동면,NNP
경주 여행,양동,NNP
경주 여행,마을,NNG
경주 여행,지번,NNG
경주 여행,경상북도,NNP
경주 여행,강동면,NNP
경주 여행,경북,NNP
경주 여행,불국사,NNG
경주 여행,겹벚꽃,NNG
경주 여행,벚꽃,NNG
경주 여행,벚꽃,NNG
경주 여행,고수,NNG
경주 여행,티켓,NNG
경주 여행,예약,NNG
경주 여행,지역,NNG
경주 여행,벚꽃,NNG
경주 여행,불국사,NNG
경주 여행,겹벚꽃,NNG
경주 여행,불국사,NNP
경주 여행,입구,NNG
경주 여행,아기,NNG
경주 여행,후기,NNG
경주 여행,정글,NNG
경주 여행,법칙,NNG
경주 여행,미디어,NNG
경주 여행,파크,NNG
경주 여행,버드,NNP
경주 여행,파크,NNG
경주 여행,일정,NNG
경주 여행,버드,NNP
경주 여행,파크,NNG
경주 여행,위치,NNG
경주 여행,경북,NNP
경주 여행,보문,NNG
경주 여행,북군동,NNP
경주 여행,전화,NNG
경주 여행,운영,NNG
경주 여행,시간,NNG
경주 여행,입장료,NNG
경주 여행,대인,NNG
경주 여행,소인,NNG
경주 여행,경북,NNP
경주 여행,목련,NNG
경주 여행,대릉원,NNG
경주 여행,목련,NNG
경주 여행,풍경,NNG
경주 여행,최근,NNG
경주 여행,코스,NNG
경주 여행,야경,NNG
경주 여행,연인,NNG
경주 여행,당신,NP
경주 여행,야경,NNG
경주 여행,투어,NNG
경주 여행,코스,NNG
경주 여행,소개,NNG
경주 여행,준비,NNG
경주 여행,패밀리,NNG
경주 여행,일상,NNG
경주 여행,오늘,NNG
경주 여행,목적지,NNG
경주 여행,회사,NNG
경주 여행,제휴,NNG
경주 여행,숙소,NNG
경주 여행,예약,NNG
경주 여행,도착,NNG
경주 여행,우리,NP
경주 여행,가족,NNG
경주 여행,국수집,NNG
경주 여행,와이프,NNG
경주 여행,검색,NNG
경주 여행,갈비,NNG
경주 여행,국수,NNG
경주 여행,경북,NNP
경주 여행,다리,NNG
경주 여행,정교,NNG
경주 여행,교촌,NNG
경주 여행,마을,NNG
경주 여행,도착,NNG
경주 여행,행사,NNG
경주 여행,최근,NNG
경주 여행,연인,NNG
경주 여행,당신,NP
경주 여행,야경,NNG
경주 여행,투어,NNG
경주 여행,코스,NNG
경주 여행,소개,NNG
경주 여행,준비,NNG
경주 여행,야경,NNG
경주 여행,안압지,NNP
경주 여행,첨성대,NNG
경주 여행,관광지,NNG
경주 여행,첨성대,NNG
경주 여행,첨성대,NNG
경주 여행,신라,NNP
경주 여행,시대,NNG
경주 여행,관측,NNG
경주 여행,최근,NNG
경주 여행,코스,NNG
경주 여행,야경,NNG
경주 여행,사람,NNG
경주 여행,지인,NNG
경주 여행,경험,NNG
경주 여행,생각,NNG
경주 여행,주목,NNG
경주 여행,장소,NNG
경주 여행,정리,NNG
경주 여행,산사,NNG
경주 여행,옥천사,NNG
경주 여행,수학,NNG
경주 여행,성지,NNG
경주 여행,역사,NNG
경주 여행,탐방,NNG
경주 여행,중심지,NNG
경주 여행,주변,NNG
경주 여행,알라딘,NNP
경주 여행,자평,NNG
경주 여행,일상,NNG
경주 여행,고고학,NNG
경주 여행,일상,NNG
경주 여행,고고학,NNG
경주 여행,개정,NNG
경주 여행,증보판,NNG
경주 여행,일상,NNG
경주 여행,고고학,NNG
경주 여행,시리즈,NNG
경주 여행,황윤,NNG
경주 여행,지음,NNG
경주 여행,고양이,NNG
경주 여행,평점,NNG
경주 여행,역사,NNG
경주 여행,사랑,NNG
경주 여행,사람,NNG
경주 여행,사랑,NNG
경주 여행,평화,NNG
경주 여행,강릉,NNP
경주 여행,서나,NNG
경주 여행,강릉,NNP
경주 여행,한옥,NNG
경주 여행,숙소,NNG
경주 여행,소설,NNG
경주 여행,첨성,NNG
경주 여행,대점,NNG
경주 여행,비향,NNP
경주 여행,한옥,NNG
경주 여행,숙소,NNG
경주 여행,이름,NNG
경주 여행,소설,NNG
경주 여행,첨성,NNG
경주 여행,대점,NNG
경주 여행,첨성대,NNG
경주 여행,첨성,NNG
경주 여행,대점,NNG
경주 여행,한옥,NNG
경주 여행,소설,NNG
경주 여행,인기,NNG
경주 여행,주말,NNG
경주 여행,이동은,NNP
경주 여행,기차,NNG
경주 여행,자전거,NNG
경주 여행,도보,NNG
경주 여행,버스,NNG
경주 여행,투어,NNG
경주 여행,가능,NNG
경주 여행,코스,NNG
경주 여행,시내,NNG
경주 여행,천마총,NNG
경주 여행,왕릉,NNG
경주 여행,첨성대,NNG
경주 여행,계림,NNG
경주 여행,포석정,NNP
경주 여행,안압지,NNP
경주 여행,알라딘,NNP
경주 여행,황금,NNG
경주 여행,호두,NNG
경주 여행,무웅,NNP
경주 여행,코스,NNG
경주 여행,느낌,NNG
경주 여행,느낌,NNG
경주 여행,신라,NNP
경주 여행,아이,NNG
경주 여행,티비,NNG
경주 여행,감포,NNP
경주 여행,대말,NNG
경주 여행,체험,NNG
경주 여행,전시관,NNG
경주 여행,위치,NNG
경주 여행,경북,NNP
경주 여행,척사,NNG
경주 여행,운영,NNG
경주 여행,시간,NNG
경주 여행,연중무휴,NNG
경주 여행,대표,NNG
경주 여행,전화,NNG
경주 여행,입장료,NNG
경주 여행,무료,NNG
경주 여행,대말,NNG
경주 여행,체험,NNG
경주 여행,아이,NNG
경주 여행,점심,NNG
경주 여행,시간,NNG
경주 여행,운영,NNG
경주 여행,알라딘,NNP
경주 여행,자평,NNG
경주 여행,일상,NNG
경주 여행,고고학,NNG
경주 여행,일상,NNG
경주 여행,고고학,NNG
경주 여행,개정,NNG
경주 여행,증보판,NNG
경주 여행,일상,NNG
경주 여행,고고학,NNG
경주 여행,시리즈,NNG
경주 여행,황윤,NNG
경주 여행,지음,NNG
경주 여행,고양이,NNG
경주 여행,오랜만,NNG
경주 여행,저자,NNG
경주 여행,역사,NNG
경주 여행,느낌,NNG
경주 여행,교리,NNG
경주 여행,김밥,NNG
경주 여행,맛집,NNG
경주 여행,김밥,NNG
경주 여행,남산,NNG
경주 여행,등산,NNG
경주 여행,포함,NNG
경주 여행,당일,NNG
경주 여행,계획,NNG
경주 여행,코스,NNG
경주 여행,정도,NNG
경주 여행,생각,NNG
경주 여행,남산,NNG
경주 여행,놀부,NNG
경주 여행,보쌈,NNG
경주 여행,황오,NNP
경주 여행,배달,NNG
경주 여행,후기,NNG
경주 여행,숙소,NNG
경주 여행,황남,NNG
경주 여행,저녁,NNG
경주 여행,아이,NNG
경주 여행,배민,NNG
경주 여행,놀부,NNG
경주 여행,보쌈,NNG
경주 여행,검색,NNG
경주 여행,황오,NNP
경주 여행,배달,NNG
경주 여행,가능,NNG
경주 여행,저희,NP
경주 여행,황남,NNG
경주 여행,기차,NNG
경주 여행,일전,NNG
경주 여행,크리스마스,NNG
경주 여행,오늘,NNG
경주 여행,안녕,NNG
경주 여행,이번,NNG
경주 여행,컨셉,NNG
경주 여행,호텔,NNG
경주 여행,알라딘,NNP
경주 여행,서재,NNP
경주 여행,이야기,NNG
경주 여행,일상,NNG
경주 여행,고고학,NNG
경주 여행,무대,NNG
경주 여행,에세이,NNG
경주 여행,문화재,NNG
경주 여행,사전,NNG
경주 여행,지식,NNG
경주 여행,얼마,NNG
경주 여행,의미,NNG
경주 여행,코스,NNG
경주 여행,읍천항,NNP
경주 여행,주상,NNG
경주 여행,절리,NNG
경주 여행,파도,NNG
경주 여행,소리,NNG
경주 여행,주상,NNG
경주 여행,절리,NNG
경주 여행,제주도,NNP
경주 여행,읍천항,NNP
경주 여행,코스,NNG
경주 여행,읍천항,NNP
경주 여행,자리,NNG
경주 여행,주상,NNG
경주 여행,절리,NNG
경주 여행,파도,NNG
경주 여행,소리,NNG
경주 여행,주차장,NNG
경주 여행,등대,NNG
경주 여행,차량,NNG
경주 여행,대절,NNG
경주 여행,가격,NNG
경주 여행,공유,NNG
경주 여행,정답,NNG
경주 여행,고도,NNG
경주 여행,매미,NNG
경주 여행,소리,NNG
경주 여행,귀뚜라미,NNG
경주 여행,소리,NNG
경주 여행,풍요,NNG
경주 여행,계절,NNG
경주 여행,가을,NNG
경주 여행,가을,NNG
경주 여행,감상,NNG
경주 여행,돌고래,NNG
경주 여행,아침,NNG
경주 여행,식사,NNG
경주 여행,추천,NNG
경주 여행,용강,NNG
경주 여행,국밥,NNG
경주 여행,따로국밥,NNG
경주 여행,용강,NNG
경주 여행,국밥,NNG
경주 여행,위치,NNG
경주 여행,경북,NNP
경주 여행,봉황,NNG
경주 여행,운영,NNG
경주 여행,시간,NNG
경주 여행,아침,NNG
경주 여행,국밥,NNG
경주 여행,국밥,NNG
경주 여행,라면,NNG
경주 여행,홍게,NNP
경주 여행,아침,NNG
경주 여행,알라딘,NNP
경주 여행,자평,NNG
경주 여행,일상,NNG
경주 여행,고고학,NNG
경주 여행,일상,NNG
경주 여행,고고학,NNG
경주 여행,개정,NNG
경주 여행,증보판,NNG
경주 여행,일상,NNG
경주 여행,고고학,NNG
경주 여행,시리즈,NNG
경주 여행,황윤,NNG
경주 여행,지음,NNG
경주 여행,고양이,NNG
경주 여행,평점,NNG
경주 여행,신라,NNP
경주 여행,유적지,NNG
경주 여행,전문가,NNG
경주 여행,저저,NNG
경주 여행,안목,NNG
경주 여행,필요,NNG
경주 여행,시외버스,NNG
경주 여행,터미널,NNG
경주 여행,시간표,NNG
경주 여행,요금표,NNG
경주 여행,필요,NNG
경주 여행,시외버스,NNG
경주 여행,터미널,NNG
경주 여행,시간표,NNG
경주 여행,요금표,NNG
경주 여행,신라,NNG
경주 여행,고도,NNG
경주 여행,필요,NNG
경주 여행,정보,NNG
경주 여행,버스,NNG
경주 여행,이용,NNG
경주 여행,정보,NNG
경주 여행,필요,NNG
경주 여행,가본,NNG
경주 여행,동궁,NNG
경주 여행,커피,NNG
경주 여행,열매,NNG
경주 여행,노천온천,NNP
경주 여행,행복,NNG
경주 여행,황리,NNG
경주 여행,보문,NNG
경주 여행,왕릉,NNG
경주 여행,탐방,NNG
경주 여행,데이트,NNG
경주 여행,코스,NNG
경주 여행,황리,NNG
경주 여행,마음,NNG
경주 여행,낭만,NNG
경주 여행,경상도,NNP
경주 여행,거리,NNG
경주 여행,유적지,NNG
경주 여행,한옥,NNG
경주 여행,고도,NNG
경주 여행,밀면,NNP
경주 여행,가격,NNG
경주 여행,비빔,NNG
경주 여행,떡갈비,NNG
경주 여행,밥상,NNG
경주 여행,육수,NNG
경주 여행,평가,NNG
경주 여행,입맛,NNG
경주 여행,취향,NNG
경주 여행,엑스,NNG
경주 여행,포대,NNG
경주 여행,공원,NNG
경주 여행,애벌레,NNG
경주 여행,보문호,NNP
경주 여행,주변,NNG
경주 여행,엑스,NNG
경주 여행,포대,NNG
경주 여행,공원,NNG
경주 여행,입장,NNG
경주 여행,엑스포,NNG
경주 여행,기념관,NNG
경주 여행,천마,NNG
경주 여행,궁전,NNG
경주 여행,타워,NNG
경주 여행,솔거,NNG
경주 여행,미술관,NNG
경주 여행,자연사,NNG
경주 여행,박물관,NNG
경주 여행,동방역,NNP
경주 여행,능소화,NNG
경주 여행,서출지,NNG
경주 여행,경북,NNP
경주 여행,산림,NNG
경주 여행,연구원,NNG
경주 여행,동방역,NNP
경주 여행,능소화,NNG
경주 여행,서출지,NNG
경주 여행,경북,NNP
경주 여행,산림,NNG
경주 여행,연구원,NNG
경주 여행,모녀,NNG
경주 여행,바보,NNG
경주 여행,블로그,NNG
경주 여행,모녀,NNG
경주 여행,첨성대,NNG
경주 여행,야생,NNG
경주 여행,계림,NNG
경주 여행,월지,NNG
경주 여행,안압지,NNP
경주 여행,계림,NNP
경주 여행,월지,NNP
경주 여행,안압지,NNP
경주 여행,야경,NNG
경주 여행,박물관,NNG
경주 여행,김유신,NNP
경주 여행,장군,NNG
경주 여행,석굴암,NNG
경주 여행,알라딘,NNP
경주 여행,일상,NNG
경주 여행,고고학,NNG
경주 여행,일상,NNG
경주 여행,고고학,NNG
경주 여행,개정,NNG
경주 여행,증보판,NNG
경주 여행,일상,NNG
경주 여행,고고학,NNG
경주 여행,시리즈,NNG
경주 여행,황윤,NNG
경주 여행,지음,NNG
경주 여행,고양이,NNG
경주 여행,평점,NNG
경주 여행,수학,NNG
경주 여행,추억,NNG
경주 여행,역사,NNG
경주 여행,알라딘,NNP
경주 여행,자평,NNG
경주 여행,일상,NNG
경주 여행,고고학,NNG
경주 여행,일상,NNG
경주 여행,고고학,NNG
경주 여행,개정,NNG
경주 여행,증보판,NNG
경주 여행,일상,NNG
경주 여행,고고학,NNG
경주 여행,시리즈,NNG
경주 여행,황윤,NNG
경주 여행,지음,NNG
경주 여행,고양이,NNG
경주 여행,평점,NNG
경주 여행,삼국,NNG
경주 여행,시대,NNG
경주 여행,자료,NNG
경주 여행,섭렵,NNG
경주 여행,소장,NNG
경주 여행,역사,NNG
경주 여행,학자,NNG
경주 여행,순수,NNG
경주 여행,시각,NNG
경주 여행,경비,NNG
경주 여행,혼자,NNG
경주 여행,이동,NNG
경주 여행,수단,NNG
경주 여행,시외버스,NNG
경주 여행,버스,NNG
경주 여행,택시,NNG
경주 여행,시티투어,NNP
경주 여행,버스,NNG
경주 여행,기타,NNG
경주 여행,생필품,NNG
경주 여행,샴푸,NNG
경주 여행,린스,NNG
경주 여행,바디,NNG
경주 여행,워시,NNP
경주 여행,버블,NNG
경주 여행,경비,NNG
경주 여행,경북,NNP
경주 여행,현대,NNG
경주 여행,호텔,NNG
경주 여행,현대,NNP
경주 여행,호텔,NNG
경주 여행,현대,NNG
경주 여행,호텔,NNG
경주 여행,보문,NNP
경주 여행,수상,NNG
경주 여행,공연장,NNG
경주 여행,보문관광단지,NNP
경주 여행,보문호,NNP
경주 여행,신라,NNP
경주 여행,컨트리클럽,NNG
경주 여행,숙박,NNG
경주 여행,현대,NNG
경주 여행,호텔,NNG
경주 여행,방문,NNG
경주 여행,일자,NNG
경주 여행,현대,NNG
경주 여행,호텔,NNG
경주 여행,경북,NNP
경주 여행,신평동,NNP
경주 여행,석굴암,NNG
경주 여행,불국사,NNG
경주 여행,석굴암,NNG
경주 여행,불국사,NNG
경주 여행,일시,NNG
경주 여행,장소,NNG
경주 여행,석굴암,NNG
경주 여행,불국사,NNG
경주 여행,참여,NNG
경주 여행,우리,NP
경주 여행,가족,NNG
경주 여행,송국영,NNP
경주 여행,안종,NNP
경주 여행,송진주,NNP
경주 여행,김홍식,NNP
경주 여행,김연우,NNP
경주 여행,연주,NNP
경주 여행,조광민,NNP
경주 여행,대릉원,NNG
경주 여행,스탬프,NNG
경주 여행,투어,NNG
경주 여행,이야기,NNG
경주 여행,대릉원,NNG
경주 여행,천마,NNG
경주 여행,경북,NNP
경주 여행,스탬프,NNG
경주 여행,투어,NNG
경주 여행,오릉,NNG
경주 여행,대릉원,NNG
경주 여행,천마총,NNG
경주 여행,오릉,NNG
경주 여행,교촌,NNG
경주 여행,마을,NNG
경주 여행,투어,NNG
경주 여행,다음,NNG
경주 여행,오릉,NNG
경주 여행,교촌,NNG
경주 여행,마을,NNG
경주 여행,느낌,NNG
경주 여행,유적지,NNG
경주 여행,트레,NNP
경주 여행,대상지,NNG
경주 여행,유적지,NNG
경주 여행,트레,NNP
경주 여행,소재지,NNG
경주 여행,경북,NNP
경주 여행,동궁,NNG
경주 여행,월지,NNG
경주 여행,반월,NNG
경주 여행,교촌,NNG
경주 여행,대릉원,NNG
경주 여행,고분,NNG
경주 여행,분황사,NNG
경주 여행,황룡사,NNG
경주 여행,역사,NNG
경주 여행,문화원,NNG
경주 여행,동궁,NNG
경주 여행,월지,NNG
경주 여행,주차장,NNG
경주 여행,반월,NNG
경주 여행,일요일,NNG
경주 여행,오전,NNG
경주 여행,오후,NNG
경주 여행,고향,NNG
경주 여행,친구,NNG
경주 여행,신라,NNP
경주 여행,대종,NNG
경주 여행,장맛비,NNG
경주 여행,시작,NNG
경주 여행,육월,NNP
경주 여행,중순,NNG
경주 여행,고향,NNG
경주 여행,친구,NNG
경주 여행,대릉원,NNG
경주 여행,돌담길,NNP
경주 여행,황리,NNG
경주 여행,이야기,NNG
경주 여행,계명,NNG
경주 여행,대학교,NNG
경주 여행,동산,NNG
경주 여행,병원,NNG
경주 여행,일자,NNG
경주 여행,인원,NNG
경주 여행,친구,NNG
경주 여행,시외버스,NNG
경주 여행,터미널,NNG
경주 여행,경북,NNP
경주 여행,노서동,NNP
경주 여행,전화,NNG
경주 여행,시외버스,NNG
경주 여행,터미널,NNG
경주 여행,동궁,NNG
경주 여행,월지,NNG
경주 여행,안압지,NNP
경주 여행,야경,NNG
경주 여행,해외,NNG
경주 여행,이야기,NNG
경주 여행,후기,NNG
경주 여행,동궁,NNG
경주 여행,월지,NNG
경주 여행,안압지,NNP
경주 여행,야경,NNG
경주 여행,훌리아,NNP
경주 여행,여름,NNG
경주 여행,사진,NNG
경주 여행,보관,NNG
경주 여행,구독,NNG
경주 여행,해외,NNG
경주 여행,이야기,NNG
경주 여행,후기,NNG
경주 여행,알라딘,NNP
경주 여행,자평,NNG
경주 여행,일상,NNG
경주 여행,고고학,NNG
경주 여행,일상,NNG
경주 여행,고고학,NNG
경주 여행,개정,NNG
경주 여행,증보판,NNG
경주 여행,일상,NNG
경주 여행,고고학,NNG
경주 여행,시리즈,NNG
경주 여행,황윤,NNG
경주 여행,지음,NNG
경주 여행,고양이,NNG
경주 여행,길잡이,NNG
경주 여행,이해,NNG
경주 여행,코스,NNG
경주 여행,불국사,NNP
경주 여행,석굴암,NNG
경주 여행,중교,NNG
경주 여행,서울,NNP
경주 여행,불국사,NNP
경주 여행,불국사,NNP
경주 여행,국보,NNG
경주 여행,다보탑,NNG
경주 여행,석가탑,NNG
경주 여행,석굴암,NNG
경주 여행,입장료,NNG
경주 여행,코스,NNG
경주 여행,베스트,NNG
경주 여행,추천,NNG
경주 여행,코스,NNG
경주 여행,베스트,NNG
경주 여행,추천,NNG
경주 여행,코스,NNG
경주 여행,베스트,NNG
경주 여행,추천,NNG
경주 여행,소개,NNG
경주 여행,황리,NNG
경주 여행,상호,NNG
경주 여행,황리,NNG
경주 여행,주소,NNG
경주 여행,경상북도,NNP
경주 여행,황남동,NNP
경주 여행,전화,NNG
경주 여행,번호,NNG
경주 여행,입력,NNG
경주 여행,관련,NNG
경주 여행,키워드,NNP
경주 여행,키워드,NNP
경주 여행,불국사,NNG
경주 여행,스탬프,NNG
경주 여행,투어,NNG
경주 여행,이야기,NNG
경주 여행,불국사,NNP
경주 여행,석굴암,NNG
경주 여행,경북,NNP
경주 여행,스탬프,NNG
경주 여행,투어,NNG
경주 여행,가을,NNG
경주 여행,불국사,NNG
경주 여행,석굴암,NNG
경주 여행,동리,NNG
경주 여행,문학관,NNG
경주 여행,구경,NNG
경주 여행,다음,NNG
경주 여행,장소,NNG
경주 여행,핵심,NNG
경주 여행,메카,NNP
경주 여행,불국사,NNP
경주 여행,석굴암,NNG
경주 여행,황리,NNG
경주 여행,한옥,NNG
경주 여행,카페,NNG
경주 여행,추천,NNG
경주 여행,카페,NNP
경주 여행,아덴,NNP
경주 여행,카페,NNP
경주 여행,아덴,NNP
경주 여행,위치,NNG
경주 여행,경북,NNP
경주 여행,사정,NNG
경주 여행,운영,NNG
경주 여행,시간,NNG
경주 여행,실시간,NNG
경주 여행,예보,NNG
경주 여행,커피,NNG
경주 여행,아덴,NNP
경주 여행,시그,NNP
경주 여행,알라딘,NNP
경주 여행,자평,NNG
경주 여행,일상,NNG
경주 여행,고고학,NNG
경주 여행,일상,NNG
경주 여행,고고학,NNG
경주 여행,개정,NNG
경주 여행,증보판,NNG
경주 여행,일상,NNG
경주 여행,고고학,NNG
경주 여행,시리즈,NNG
경주 여행,황윤,NNG
경주 여행,지음,NNG
경주 여행,고양이,NNG
경주 여행,평점,NNG
경주 여행,기대,NNG
경주 여행,알라딘,NNP
경주 여행,서재,NNP
경주 여행,필수,NNG
경주 여행,필요,NNG
경주 여행,지식,NNG
경주 여행,설명,NNG
경주 여행,이해,NNG
경주 여행,사진,NNG
경주 여행,정보,NNG
경주 여행,서울,NNP
경주 여행,역사,NNG
경주 여행,한옥,NNG
경주 여행,독서,NNG
경주 여행,모임,NNG
경주 여행,주문,NNG
경주 여행,역사,NNG
경주 여행,예정,NNG
경주 여행,황리,NNG
경주 여행,맛집,NNG
경주 여행,여도,NNG
경주 여행,영업,NNG
경주 여행,종료,NNG
경주 여행,오늘,NNG
경주 여행,맛집,NNG
경주 여행,황리,NNG
경주 여행,맛집,NNG
경주 여행,여주,NNG
경주 여행,이야기,NNG
경주 여행,여도,NNG
경주 여행,저희,NP
경주 여행,기록,NNG
경주 여행,포스팅,NNP
경주 여행,진행,NNG
경주 여행,참고,NNG
경주 여행,한옥,NNP
경주 여행,외관,NNG
경주 여행,눈길,NNG
경주 여행,성동,NNG
경주 여행,시장,NNG
경주 여행,구경,NNG
경주 여행,가을,NNG
경주 여행,기차,NNG
경주 여행,피날레,NNG
경주 여행,가을,NNG
경주 여행,기차,NNG
경주 여행,단풍,NNG
경주 여행,은행,NNG
경주 여행,낙엽,NNG
경주 여행,언니,NNG
경주 여행,수고,NNG
경주 여행,숙소,NNG
경주 여행,변경,NNG
경주 여행,지도자,NNG
경주 여행,언니,NNG
경주 여행,황리,NNG
경주 여행,주전부리,NNG
경주 여행,황금,NNG
경주 여행,황남,NNG
경주 여행,옥수수,NNG
경주 여행,청년,NNG
경주 여행,분식,NNG
경주 여행,황리,NNG
경주 여행,주전부리,NNG
경주 여행,저녁,NNG
경주 여행,황리,NNG
경주 여행,주전부리,NNG
경주 여행,결론,NNG
경주 여행,청년,NNG
경주 여행,분식,NNG
경주 여행,황남,NNG
경주 여행,옥수수,NNG
경주 여행,청년,NNG
경주 여행,분식,NNG
경주 여행,쥬얼,NNP
경주 여행,유혹,NNG
경주 여행,봄꽃,NNG
경주 여행,마지막,NNG
경주 여행,월요일,NNG
경주 여행,벚꽃,NNG
경주 여행,상춘객,NNG
경주 여행,점심,NNG
경주 여행,집사람,NNG
경주 여행,국도,NNG
경주 여행,곳곳,NNG
경주 여행,벚꽃,NNG
경주 여행,자랑,NNG
경주 여행,열중,NNG
경주 여행,첨성대,NNG
경주 여행,대릉원,NNG
경주 여행,주차,NNG
경주 여행,주차장,NNG
경주 여행,대릉원,NNG
경주 여행,주차장,NNG
경주 여행,여기,NP
경주 여행,매표,NNG
경주 여행,혼자,NNG
경주 여행,필요,NNG
경주 여행,드라이브,NNG
경주 여행,그곳,NP
경주 여행,첨성대,NNG
경주 여행,대릉원,NNG
경주 여행,대릉원,NNG
경주 여행,담장,NNG
경주 여행,이번,NNG
경주 여행,가을,NNG
경주 여행,만끽,NNG
경주 여행,컨셉,NNG
경주 여행,가을,NNG
경주 여행,분위기,NNG
경주 여행,고조,NNG
경주 여행,벚나무,NNG
경주 여행,좌우,NNG
경주 여행,슈만,NNP
경주 여행,클라라,NNP
경주 여행,도착,NNG
경주 여행,슈만,NNP
경주 여행,클라라,NNP
경주 여행,위치,NNG
경주 여행,요기,NP
경주 여행,여기,NP
경주 여행,버스,NNG
경주 여행,버스,NNG
경주 여행,택시,NNG
경주 여행,다음,NNG
경주 여행,문제,NNG
경주 여행,마지막,NNG
경주 여행,선물,NNG
경주 여행,눈발,NNG
경주 여행,시작,NNG
경주 여행,세상,NNG
경주 여행,눈길,NNG
경주 여행,산책,NNG
경주 여행,불국사,NNP
경주 여행,기차,NNG
경주 여행,마무리,NNG
경주 여행,하늘,NNG
경주 여행,울주,NNP
경주 여행,새벽,NNG
경주 여행,하늘,NNG
경주 여행,예쁘다,NNP
경주 여행,월드,NNG
경주 여행,판다,NNG
경주 여행,점심,NNG
경주 여행,친절,NNG
경주 여행,떡갈비,NNG
경주 여행,계란찜,NNG
경주 여행,풍경,NNG
경주 여행,행복,NNG
경주 여행,울주,NNP
경주 여행,황남,NNG
경주 여행,맷돌,NNG
경주 여행,순두부,NNG
경주 여행,두부,NNG
경주 여행,보쌈,NNG
경주 여행,제육,NNG
경주 여행,순두부찌개,NNG
경주 여행,황남,NNG
경주 여행,맷돌,NNG
경주 여행,순두부,NNG
경주 여행,영업시간,NNG
경주 여행,황리,NNG
경주 여행,시작,NNG
경주 여행,밥집,NNG
경주 여행,영업,NNG
경주 여행,마감,NNG
경주 여행,고기,NNG
경주 여행,두부,NNG
경주 여행,순두부찌개,NNG
경주 여행,호랑이,NNG
경주 여행,막걸리,NNG
경주 여행,야경,NNG
경주 여행,매력,NNG
경주 여행,정교,NNG
경주 여행,분위기,NNG
경주 여행,저녁,NNG
경주 여행,정교,NNG
경주 여행,방문,NNG
경주 여행,추천,NNG
경주 여행,정교,NNG
경주 여행,사진,NNG
경주 여행,정교,NNG
경주 여행,야경,NNG
경주 여행,마지막,NNG
경주 여행,여기,NP
경주 여행,신라,NNP
경주 여행,신라,NNP
경주 여행,해장국,NNG
경주 여행,알라딘,NNP
경주 여행,자평,NNG
경주 여행,우리,NP
경주 여행,우리,NP
경주 여행,세계,NNG
경주 여행,문화유산,NNG
경주 여행,개정판,NNG
경주 여행,답사,NNG
경주 여행,역사,NNG
경주 여행,박광일,NNP
경주 여행,전향,NNG
경주 여행,이야기,NNG
경주 여행,기획,NNG
경주 여행,성당,NNG
경주 여행,평점,NNG
경주 여행,초등,NNG
경주 여행,학교,NNG
경주 여행,학생,NNG
경주 여행,수학,NNG
경주 여행,서출지,NNG
경주 여행,날씨,NNG
경주 여행,촬영,NNG
경주 여행,사진가,NNG
경주 여행,미안,NNG
경주 여행,생각,NNG
경주 여행,날씨,NNG
경주 여행,촬영,NNG
경주 여행,대작,NNG
경주 여행,알라딘,NNP
경주 여행,자평,NNG
경주 여행,일상,NNG
경주 여행,고고학,NNG
경주 여행,일상,NNG
경주 여행,고고학,NNG
경주 여행,개정,NNG
경주 여행,증보판,NNG
경주 여행,일상,NNG
경주 여행,고고학,NNG
경주 여행,시리즈,NNG
경주 여행,황윤,NNG
경주 여행,지음,NNG
경주 여행,고양이,NNG
경주 여행,타임캡슐,NNG
경주 여행,신라,NNG
경주 여행,특별,NNG
경주 여행,시간,NNG
경주 여행,알라딘,NNP
경주 여행,자평,NNG
경주 여행,우리,NP
경주 여행,우리,NP
경주 여행,신라,NNG
경주 여행,답사,NNG
경주 여행,역사,NNG
경주 여행,박광일,NNP
경주 여행,평점,NNG
경주 여행,구판,NNG
경주 여행,절판,NNG
경주 여행,아이,NNG
경주 여행,눈높이,NNG
경주 여행,오늘,NNG
경주 여행,날씨,NNG
경주 여행,마을,NNG
경주 여행,식당,NNG
경주 여행,양념,NNG
경주 여행,게장,NNG
경주 여행,점심,NNG
경주 여행,힐튼,NNP
경주 여행,호텔,NNG
경주 여행,커피,NNG
경주 여행,한잔,NNG
경주 여행,보문,NNG
경주 여행,나무,NNG
경주 여행,감상,NNG
경주 여행,커피,NNG
경주 여행,한잔,NNG
경주 여행,스콘,NNP
경주 여행,행복,NNG
경주 여행,월드,NNG
경주 여행,관람,NNG
경주 여행,압지,NNG
경주 여행,야경,NNG
경주 여행,투어,NNG
경주 여행,방문,NNG
경주 여행,보름달,NNG
경주 여행,하늘,NNG
경주 여행,황청,NNG
경주 여행,연못,NNG
경주 여행,야경,NNG
경주 여행,야경,NNG
경주 여행,이곳,NP
경주 여행,압지,NNG
경주 여행,알라딘,NNP
경주 여행,자평,NNG
경주 여행,일상,NNG
경주 여행,고고학,NNG
경주 여행,일상,NNG
경주 여행,고고학,NNG
경주 여행,개정,NNG
경주 여행,증보판,NNG
경주 여행,일상,NNG
경주 여행,고고학,NNG
경주 여행,시리즈,NNG
경주 여행,황윤,NNG
경주 여행,지음,NNG
경주 여행,고양이,NNG
경주 여행,평점,NNG
경주 여행,유익,NNG
경주 여행,알라딘,NNP
경주 여행,역사,NNG
경주 여행,관심,NNG
경주 여행,시작,NNG
경주 여행,생각,NNG
경주 여행,마음,NNG
경주 여행,기억,NNG
경주 여행,아이,NNG
경주 여행,신라,NNG
경주 여행,동안,NNG
경주 여행,내용,NNG
경주 여행,생각,NNG
경주 여행,유적지,NNG
경주 여행,매화,NNG
경주 여행,산수유,NNG
경주 여행,만발,NNG
경주 여행,보문,NNG
경주 여행,호수,NNG
경주 여행,산책,NNG
경주 여행,행복,NNG
경주 여행,마무리,NNG
경주 여행,알라딘,NNP
경주 여행,자평,NNG
경주 여행,일상,NNG
경주 여행,고고학,NNG
경주 여행,일상,NNG
경주 여행,고고학,NNG
경주 여행,일상,NNG
경주 여행,시리즈,NNG
경주 여행,황윤,NNG
경주 여행,지음,NNG
경주 여행,고양이,NNG
경주 여행,평점,NNG
경주 여행,마니아,NNG
경주 여행,탐방기,NNG
경주 여행,설명,NNG
경주 여행,알라딘,NNP
경주 여행,자평,NNG
경주 여행,일상,NNG
경주 여행,고고학,NNG
경주 여행,일상,NNG
경주 여행,고고학,NNG
경주 여행,개정,NNG
경주 여행,증보판,NNG
경주 여행,일상,NNG
경주 여행,고고학,NNG
경주 여행,시리즈,NNG
경주 여행,황윤,NNG
경주 여행,지음,NNG
경주 여행,고양이,NNG
경주 여행,평점,NNG
경주 여행,풍경,NNG
경주 여행,고고학,NNG
경주 여행,우리,NP
경주 여행,지적,NNG
경주 여행,힐링,NNG
경주 여행,주상,NNG
경주 여행,절리,NNG
경주 여행,스탬프,NNG
경주 여행,투어,NNG
경주 여행,목적지,NNG
경주 여행,주상,NNG
경주 여행,스탬프,NNG
경주 여행,투어,NNG
경주 여행,주상,NNG
경주 여행,절리,NNG
경주 여행,해변,NNG
경주 여행,둘레길,NNP
경주 여행,주상,NNG
경주 여행,절리,NNG
경주 여행,파도,NNG
경주 여행,소리,NNG
경주 여행,시작,NNG
경주 여행,오랫만,NNG
경주 여행,밤잠,NNG
경주 여행,시계,NNG
경주 여행,시간,NNG
경주 여행,불국사,NNP
경주 여행,황남빵,NNP
경주 여행,교리,NNG
경주 여행,김밥,NNG
경주 여행,내소,NNG
경주 여행,불국사,NNP
경주 여행,황남빵,NNP
경주 여행,교리,NNG
경주 여행,김밥,NNG
경주 여행,산내,NNG
경주 여행,소고기,NNG
경주 여행,울산,NNP
경주 여행,후배,NNG
경주 여행,울산,NNP
경주 여행,불국사,NNG
경주 여행,천마총,NNG
경주 여행,첨성대,NNG
경주 여행,나무,NNG
경주 여행,그늘,NNG
경주 여행,내부,NNG
경주 여행,전경,NNG
경주 여행,알라딘,NNP
경주 여행,자평,NNG
경주 여행,일상,NNG
경주 여행,고고학,NNG
경주 여행,혼자,NNG
경주 여행,개정,NNG
경주 여행,증보판,NNG
경주 여행,일상,NNG
경주 여행,고고학,NNG
경주 여행,시리즈,NNG
경주 여행,황윤,NNG
경주 여행,지음,NNG
경주 여행,고양이,NNG
경주 여행,평점,NNG
경주 여행,이야기,NNG
경주 여행,작가,NNG
경주 여행,혼자,NNG
경주 여행,기대,NNG
경주 여행,알라딘,NNP
경주 여행,자평,NNG
경주 여행,일상,NNG
경주 여행,고고학,NNG
경주 여행,개정,NNG
경주 여행,증보판,NNG
경주 여행,일상,NNG
경주 여행,고고학,NNG
경주 여행,시리즈,NNG
경주 여행,황윤,NNG
경주 여행,지음,NNG
경주 여행,고양이,NNG
경주 여행,평점,NNG
경주 여행,학교,NNG
경주 여행,공부,NNG
경주 여행,느낌,NNG
경주 여행,가보세요,NNG
경주 여행,매화꽃,NNG
경주 여행,산수유,NNG
경주 여행,날씨,NNG
경주 여행,바람,NNG
경주 여행,햇살,NNG
경주 여행,점심,NNG
경주 여행,황룡,NNG
경주 여행,동국,NNG
경주 여행,재단,NNG
경주 여행,운영,NNG
경주 여행,연수원,NNG
경주 여행,맷돌,NNG
경주 여행,순부,NNG
경주 여행,옆집,NNG
경주 여행,정화,NNG
경주 여행,송이,NNG
경주 여행,순두부,NNG
경주 여행,맛집,NNG
경주 여행,옆집,NNG
경주 여행,가격,NNG
경주 여행,기본,NNG
경주 여행,반찬,NNG
경주 여행,생선,NNG
경주 여행,구이,NNG
경주 여행,후배,NNG
경주 여행,순두부,NNG
경주 여행,순두부,NNG
경주 여행,파전,NNG
경주 여행,주문,NNG
경주 여행,새송이,NNP
경주 여행,탁주,NNG
경주 여행,주문,NNG
경주 여행,낮술,NNG
경주 여행,남산,NNP
경주 여행,칠불암,NNG
경주 여행,케이트,NNP
경주 여행,진입,NNG
경주 여행,서라벌,NNP
경주 여행,휴게소,NNG
경주 여행,통일전,NNP
경주 여행,주차장,NNG
경주 여행,주차,NNG
경주 여행,염불,NNG
경주 여행,사지,NNG
경주 여행,삼층석탑,NNP
경주 여행,주차,NNG
경주 여행,여기,NP
경주 여행,도착,NNG
경주 여행,주차,NNG
경주 여행,아침,NNG
경주 여행,알라딘,NNP
경주 여행,자평,NNG
경주 여행,일상,NNG
경주 여행,고고학,NNG
경주 여행,일상,NNG
경주 여행,고고학,NNG
경주 여행,개정,NNG
경주 여행,증보판,NNG
경주 여행,일상,NNG
경주 여행,고고학,NNG
경주 여행,시리즈,NNG
경주 여행,황윤,NNG
경주 여행,지음,NNG
경주 여행,고양이,NNG
경주 여행,평점,NNG
경주 여행,마음,NNG
경주 여행,중학교,NNG
경주 여행,수학,NNG
경주 여행,국내,NNG
경주 여행,사진,NNG
경주 여행,국내,NNG
경주 여행,테마,NNG
경주 여행,벚꽃,NNG
경주 여행,시기,NNG
경주 여행,아쉬움,NNG
경주 여행,대능원,NNP
경주 여행,출입문,NNG
경주 여행,능원,NNG
경주 여행,소나무,NNG
경주 여행,천마총,NNG
경주 여행,안압지,NNP
경주 여행,분황사,NNG
경주 여행,모전,NNG
경주 여행,석탑,NNG
경주 여행,원래,NNG
경주 여행,배롱나무,NNG
경주 여행,첨성대,NNG
경주 여행,야경,NNG
경주 여행,수학,NNG
경주 여행,사람,NNG
경주 여행,자녀,NNG
경주 여행,역사,NNG
경주 여행,유적,NNG
경주 여행,답사,NNG
경주 여행,동행,NNG
경주 여행,생각,NNG
경주 여행,국내,NNG
경주 여행,특징,NNG
경주 여행,평온,NNG
경주 여행,자연,NNG
경주 여행,힐튼,NNP
경주 여행,호텔,NNG
경주 여행,한국,NNP
경주 여행,서울,NNP
경주 여행,호텔,NNG
경주 여행,체인,NNG
경주 여행,이상,NNG
경주 여행,두산,NNP
경주 여행,참고,NNG
경주 여행,미국,NNP
경주 여행,모델,NNG
경주 여행,손님,NNG
경주 여행,배려,NNG
경주 여행,호텔,NNG
경주 여행,토함산,NNP
경주 여행,단풍,NNG
경주 여행,터널,NNG
경주 여행,자연,NNG
경주 여행,수채화,NNG
경주 여행,단풍,NNG
경주 여행,숲길,NNG
경주 여행,불국사,NNP
경주 여행,석굴암,NNG
경주 여행,토함산,NNP
경주 여행,숲길,NNG
경주 여행,월산,NNG
경주 여행,고갯길,NNG
경주 여행,신라,NNP
경주 여행,역사,NNG
경주 여행,시내,NNG
경주 여행,경북,NNP
경주 여행,국밥,NNG
경주 여행,맛집,NNG
경주 여행,보문,NNG
경주 여행,경북,NNP
경주 여행,교촌,NNP
경주 여행,마을,NNG
경주 여행,교촌,NNG
경주 여행,보관,NNG
경주 여행,아이,NNG
경주 여행,가족,NNG
경주 여행,가족,NNG
경주 여행,기록,NNG
경주 여행,오늘,NNG
경주 여행,가족,NNG
경주 여행,모임,NNG
경주 여행,경북,NNP
경주 여행,황리,NNG
경주 여행,카페,NNG
경주 여행,카페,NNG
경주 여행,카페,NNG
경주 여행,황리,NNG
경주 여행,거리,NNG
경주 여행,위치,NNG
경주 여행,거리,NNG
경주 여행,인테리어,NNG
경주 여행,눈길,NNG
경주 여행,카페,NNG
경주 여행,황리,NNG
경주 여행,카페,NNG
경주 여행,카페,NNG
경주 여행,날씨,NNG
경주 여행,불국사역,NNP
경주 여행,동대구,NNG
경주 여행,기차,NNG
경주 여행,무궁화호,NNP
경주 여행,시간,NNG
경주 여행,시외,NNG
경주 여행,고속,NNG
경주 여행,버스,NNG
경주 여행,터미널,NNG
경주 여행,거리,NNG
경주 여행,어디,NP
경주 여행,대중,NNG
경주 여행,교통,NNG
경주 여행,종류,NNG
경주 여행,서울,NNP
경주 여행,대전,NNP
경주 여행,이상,NNG
경주 여행,코스,NNG
경주 여행,알라딘,NNP
경주 여행,자평,NNG
경주 여행,일상,NNG
경주 여행,고고학,NNG
경주 여행,일상,NNG
경주 여행,고고학,NNG
경주 여행,개정,NNG
경주 여행,증보판,NNG
경주 여행,일상,NNG
경주 여행,고고학,NNG
경주 여행,시리즈,NNG
경주 여행,황윤,NNG
경주 여행,지음,NNG
경주 여행,고양이,NNG
경주 여행,평점,NNG
경주 여행,수학,NNG
경주 여행,역사,NNG
경주 여행,의미,NNG
경주 여행,이제,NNG
경주 여행,풍경,NNG
경주 여행,알라딘,NNP
경주 여행,자평,NNG
경주 여행,일상,NNG
경주 여행,고고학,NNG
경주 여행,출간,NNG
경주 여행,일상,NNG
경주 여행,고고학,NNG
경주 여행,혼자,NNG
경주 여행,백제,NNG
경주 여행,이번,NNG
경주 여행,전작,NNG
경주 여행,백제,NNG
경주 여행,만족,NNG
경주 여행,이번,NNG
경주 여행,탑승,NNG
경주 여행,하늘,NNG
경주 여행,구름,NNG
경주 여행,고속도로,NNP
경주 여행,오늘,NNG
경주 여행,힐링,NNG
경주 여행,산송,NNG
경주 여행,한우구,NNP
경주 여행,언양,NNP
경주 여행,불고기,NNG
경주 여행,더덕구이,NNG
경주 여행,라떼,NNG
경주 여행,한잔,NNG
경주 여행,노천온천,NNP
경주 여행,하늘,NNG
경주 여행,알라딘,NNP
경주 여행,자평,NNG
경주 여행,일상,NNG
경주 여행,고고학,NNG
경주 여행,지음,NNG
경주 여행,고양이,NNG
경주 여행,평점,NNG
경주 여행,도시,NNG
경주 여행,시간,NNG
경주 여행,기분,NNG
경주 여행,행복,NNG
경주 여행,코로나,NNP
경주 여행,알라딘,NNP
경주 여행,자평,NNG
경주 여행,일상,NNG
경주 여행,고고학,NNG
경주 여행,일상,NNG
경주 여행,고고학,NNG
경주 여행,개정,NNG
경주 여행,증보판,NNG
경주 여행,일상,NNG
경주 여행,고고학,NNG
경주 여행,시리즈,NNG
경주 여행,황윤,NNG
경주 여행,지음,NNG
경주 여행,고양이,NNG
경주 여행,평점,NNG
경주 여행,수학,NNG
경주 여행,이후,NNG
경주 여행,생각,NNG
경주 여행,알라딘,NNP
경주 여행,자평,NNG
경주 여행,일상,NNG
경주 여행,고고학,NNG
경주 여행,일상,NNG
경주 여행,고고학,NNG
경주 여행,개정,NNG
경주 여행,증보판,NNG
경주 여행,일상,NNG
경주 여행,고고학,NNG
경주 여행,시리즈,NNG
경주 여행,황윤,NNG
경주 여행,지음,NNG
경주 여행,고양이,NNG
경주 여행,평점,NNG
경주 여행,구경,NNG
경주 여행,코로나,NNP
경주 여행,나정,NNG
경주 여행,맛집,NNG
경주 여행,나정,NNG
경주 여행,라면,NNG
경주 여행,맛집,NNG
경주 여행,에도,NNP
경주 여행,바다,NNG
경주 여행,나정,NNG
경주 여행,스토리,NNG
경주 여행,에도,NNP
경주 여행,바다,NNG
경주 여행,사실,NNG
경주 여행,아시나,NNP
경주 여행,바다,NNG
경주 여행,남편,NNG
경주 여행,역사,NNG
경주 여행,유적지,NNG
경주 여행,가을,NNG
경주 여행,도착,NNG
경주 여행,오늘,NNG
경주 여행,작년,NNG
경주 여행,여름,NNG
경주 여행,코스,NNG
경주 여행,서출지,NNG
경주 여행,통일전,NNP
경주 여행,산림,NNG
경주 여행,연구원,NNG
경주 여행,핑크,NNG
경주 여행,첨성대,NNG
경주 여행,주변,NNG
경주 여행,황리,NNG
경주 여행,구경,NNG
경주 여행,점심,NNG
경주 여행,커피,NNG
경주 여행,조금,NNG
경주 여행,가을,NNG
경주 여행,알라딘,NNP
경주 여행,자평,NNG
경주 여행,일상,NNG
경주 여행,고고학,NNG
경주 여행,평점,NNG
경주 여행,가을,NNG
경주 여행,실천,NNG
경주 여행,사람,NNG
경주 여행,기대,NNG
경주 여행,데이,NNG
경주 여행,택시,NNG
경주 여행,투어,NNG
경주 여행,감사,NNG
경주 여행,구매,NNG
경주 여행,플레이스,NNG
경주 여행,데이,NNG
경주 여행,택시,NNG
경주 여행,투어,NNG
경주 여행,돌고래,NNG
경주 여행,돌핀,NNG
경주 여행,스토어,NNG
경주 여행,플레이스,NNG
경주 여행,데이,NNG
경주 여행,택시,NNG
경주 여행,투어,NNG
경주 여행,패밀리,NNG
경주 여행,일상,NNG
경주 여행,오늘,NNG
경주 여행,목적지,NNG
경주 여행,회사,NNG
경주 여행,제휴,NNG
경주 여행,숙소,NNG
경주 여행,예약,NNG
경주 여행,도착,NNG
경주 여행,우리,NP
경주 여행,가족,NNG
경주 여행,국수집,NNG
경주 여행,와이프,NNG
경주 여행,검색,NNG
경주 여행,갈비,NNG
경주 여행,국수,NNG
경주 여행,경북,NNP
경주 여행,불국사,NNG
경주 여행,겹벚꽃,NNG
경주 여행,벚꽃,NNG
경주 여행,벚꽃,NNG
경주 여행,고수,NNG
경주 여행,티켓,NNG
경주 여행,예약,NNG
경주 여행,지역,NNG
경주 여행,벚꽃,NNG
경주 여행,불국사,NNG
경주 여행,겹벚꽃,NNG
경주 여행,불국사,NNP
경주 여행,입구,NNG
경주 여행,야경,NNG
경주 여행,안압지,NNP
경주 여행,첨성대,NNG
경주 여행,관광지,NNG
경주 여행,첨성대,NNG
경주 여행,첨성대,NNG
경주 여행,신라,NNP
경주 여행,시대,NNG
경주 여행,관측,NNG
경주 여행,최근,NNG
경주 여행,코스,NNG
경주 여행,야경,NNG
경주 여행,세계,NNG
경주 여행,문화유산,NNG
경주 여행,양동,NNP
경주 여행,마을,NNG
경주 여행,시간,NNG
경주 여행,조상,NNG
경주 여행,모습,NNG
경주 여행,간직,NNG
경주 여행,숨결,NNG
경주 여행,양동,NNP
경주 여행,마을,NNG
경주 여행,제격,NNG
경주 여행,경상북도,NNP
경주 여행,강동면,NNP
경주 여행,양동,NNP
경주 여행,마을,NNG
경주 여행,지번,NNG
경주 여행,경상북도,NNP
경주 여행,강동면,NNP
경주 여행,아기,NNG
경주 여행,후기,NNG
경주 여행,정글,NNG
경주 여행,법칙,NNG
경주 여행,미디어,NNG
경주 여행,파크,NNG
경주 여행,버드,NNP
경주 여행,파크,NNG
경주 여행,일정,NNG
경주 여행,버드,NNP
경주 여행,파크,NNG
경주 여행,위치,NNG
경주 여행,경북,NNP
경주 여행,보문,NNG
경주 여행,북군동,NNP
경주 여행,전화,NNG
경주 여행,운영,NNG
경주 여행,시간,NNG
경주 여행,입장료,NNG
경주 여행,대인,NNG
경주 여행,소인,NNG
경주 여행,보문,NNG
경주 여행,벚꽃,NNG
경주 여행,보문호,NNP
경주 여행,선사,NNG
경주 여행,최적,NNG
경주 여행,지이,NNG
경주 여행,도로,NNG
경주 여행,꽃길,NNG
경주 여행,시각,NNG
경주 여행,힐링,NNG
경주 여행,만개,NNG
경주 여행,경관,NNG
경주 여행,보문,NNG
경주 여행,단지,NNG
경주 여행,시가지,NNG
경주 여행,동쪽,NNG
경주 여행,정도,NNG
경주 여행,활산,NNP
경주 여행,성터,NNG
경주 여행,경북,NNP
경주 여행,목련,NNG
경주 여행,대릉원,NNG
경주 여행,목련,NNG
경주 여행,풍경,NNG
경주 여행,최근,NNG
경주 여행,코스,NNG
경주 여행,야경,NNG
경주 여행,연인,NNG
경주 여행,당신,NP
경주 여행,야경,NNG
경주 여행,투어,NNG
경주 여행,코스,NNG
경주 여행,소개,NNG
경주 여행,준비,NNG
경주 여행,경북,NNP
경주 여행,다리,NNG
경주 여행,정교,NNG
경주 여행,교촌,NNG
경주 여행,마을,NNG
경주 여행,도착,NNG
경주 여행,행사,NNG
경주 여행,최근,NNG
경주 여행,연인,NNG
경주 여행,당신,NP
경주 여행,야경,NNG
경주 여행,투어,NNG
경주 여행,코스,NNG
경주 여행,소개,NNG
경주 여행,준비,NNG
경주 여행,사람,NNG
경주 여행,지인,NNG
경주 여행,경험,NNG
경주 여행,생각,NNG
경주 여행,주목,NNG
경주 여행,장소,NNG
경주 여행,정리,NNG
경주 여행,산사,NNG
경주 여행,옥천사,NNG
경주 여행,수학,NNG
경주 여행,성지,NNG
경주 여행,역사,NNG
경주 여행,탐방,NNG
경주 여행,중심지,NNG
경주 여행,주변,NNG
경주 여행,울산,NNP
경주 여행,동궁,NNG
경주 여행,월지,NNG
경주 여행,누리,NNG
경주 여행,정원,NNG
경주 여행,성호,NNG
경주 여행,리조트,NNG
경주 여행,장생포,NNG
경주 여행,고래,NNG
경주 여행,문화,NNG
경주 여행,특구,NNP
경주 여행,이름,NNG
경주 여행,고래,NNG
경주 여행,주제,NNG
경주 여행,관광지,NNG
경주 여행,형성,NNG
경주 여행,박물관,NNG
경주 여행,생태,NNG
경주 여행,국내,NNG
경주 여행,울산,NNP
경주 여행,루비,NNG
경주 여행,정원,NNG
경주 여행,연휴,NNG
경주 여행,시작,NNG
경주 여행,신청,NNG
경주 여행,센터,NNG
경주 여행,부지,NNG
경주 여행,자리,NNG
경주 여행,역사,NNG
경주 여행,마당,NNG
경주 여행,연휴,NNG
경주 여행,계획,NNG
경주 여행,이용,NNG
경주 여행,루비,NNG
경주 여행,출장,NNG
경주 여행,조식,NNG
경주 여행,제공,NNG
경주 여행,에이치,NNG
경주 여행,비뉴,NNG
경주 여행,호텔,NNG
경주 여행,불국사,NNP
경주 여행,도보,NNG
경주 여행,거리,NNG
경주 여행,피로,NNG
경주 여행,조금,NNG
경주 여행,아침,NNG
경주 여행,불국사,NNG
경주 여행,방문,NNG
경주 여행,고요,NNG
경주 여행,분위기,NNG
경주 여행,산책,NNG
경주 여행,최적,NNG
경주 여행,위치,NNG
경주 여행,스테이,NNG
경주 여행,알라딘,NNP
경주 여행,자평,NNG
경주 여행,일상,NNG
경주 여행,고고학,NNG
경주 여행,일상,NNG
경주 여행,고고학,NNG
경주 여행,개정,NNG
경주 여행,증보판,NNG
경주 여행,일상,NNG
경주 여행,고고학,NNG
경주 여행,시리즈,NNG
경주 여행,황윤,NNG
경주 여행,지음,NNG
경주 여행,고양이,NNG
경주 여행,평점,NNG
경주 여행,역사,NNG
경주 여행,사랑,NNG
경주 여행,사람,NNG
경주 여행,사랑,NNG
경주 여행,평화,NNG
경주 여행,강릉,NNP
경주 여행,서나,NNG
경주 여행,강릉,NNP
경주 여행,한옥,NNG
경주 여행,숙소,NNG
경주 여행,소설,NNG
경주 여행,첨성,NNG
경주 여행,대점,NNG
경주 여행,비향,NNP
경주 여행,한옥,NNG
경주 여행,숙소,NNG
경주 여행,이름,NNG
경주 여행,소설,NNG
경주 여행,첨성,NNG
경주 여행,대점,NNG
경주 여행,첨성대,NNG
경주 여행,첨성,NNG
경주 여행,대점,NNG
경주 여행,한옥,NNG
경주 여행,소설,NNG
경주 여행,인기,NNG
경주 여행,주말,NNG
경주 여행,알라딘,NNP
경주 여행,황금,NNG
경주 여행,호두,NNG
경주 여행,무웅,NNP
경주 여행,코스,NNG
경주 여행,느낌,NNG
경주 여행,느낌,NNG
경주 여행,신라,NNP
경주 여행,아이,NNG
경주 여행,티비,NNG
경주 여행,이동은,NNP
경주 여행,기차,NNG
경주 여행,자전거,NNG
경주 여행,도보,NNG
경주 여행,버스,NNG
경주 여행,투어,NNG
경주 여행,가능,NNG
경주 여행,코스,NNG
경주 여행,시내,NNG
경주 여행,천마총,NNG
경주 여행,왕릉,NNG
경주 여행,첨성대,NNG
경주 여행,계림,NNG
경주 여행,포석정,NNP
경주 여행,안압지,NNP
경주 여행,알라딘,NNP
경주 여행,자평,NNG
경주 여행,일상,NNG
경주 여행,고고학,NNG
경주 여행,일상,NNG
경주 여행,고고학,NNG
경주 여행,개정,NNG
경주 여행,증보판,NNG
경주 여행,일상,NNG
경주 여행,고고학,NNG
경주 여행,시리즈,NNG
경주 여행,황윤,NNG
경주 여행,지음,NNG
경주 여행,고양이,NNG
경주 여행,오랜만,NNG
경주 여행,저자,NNG
경주 여행,역사,NNG
경주 여행,느낌,NNG
경주 여행,감포,NNP
경주 여행,대말,NNG
경주 여행,체험,NNG
경주 여행,전시관,NNG
경주 여행,위치,NNG
경주 여행,경북,NNP
경주 여행,척사,NNG
경주 여행,운영,NNG
경주 여행,시간,NNG
경주 여행,연중무휴,NNG
경주 여행,대표,NNG
경주 여행,전화,NNG
경주 여행,입장료,NNG
경주 여행,무료,NNG
경주 여행,대말,NNG
경주 여행,체험,NNG
경주 여행,아이,NNG
경주 여행,점심,NNG
경주 여행,시간,NNG
경주 여행,운영,NNG
경주 여행,코스,NNG
경주 여행,읍천항,NNP
경주 여행,주상,NNG
경주 여행,절리,NNG
경주 여행,파도,NNG
경주 여행,소리,NNG
경주 여행,주상,NNG
경주 여행,절리,NNG
경주 여행,제주도,NNP
경주 여행,읍천항,NNP
경주 여행,코스,NNG
경주 여행,읍천항,NNP
경주 여행,자리,NNG
경주 여행,주상,NNG
경주 여행,절리,NNG
경주 여행,파도,NNG
경주 여행,소리,NNG
경주 여행,주차장,NNG
경주 여행,등대,NNG
경주 여행,교리,NNG
경주 여행,김밥,NNG
경주 여행,맛집,NNG
경주 여행,김밥,NNG
경주 여행,남산,NNG
경주 여행,등산,NNG
경주 여행,포함,NNG
경주 여행,당일,NNG
경주 여행,계획,NNG
경주 여행,코스,NNG
경주 여행,정도,NNG
경주 여행,생각,NNG
경주 여행,남산,NNG
경주 여행,기차,NNG
경주 여행,일전,NNG
경주 여행,크리스마스,NNG
경주 여행,오늘,NNG
경주 여행,안녕,NNG
경주 여행,이번,NNG
경주 여행,컨셉,NNG
경주 여행,호텔,NNG
경주 여행,알라딘,NNP
경주 여행,서재,NNP
경주 여행,이야기,NNG
경주 여행,일상,NNG
경주 여행,고고학,NNG
경주 여행,무대,NNG
경주 여행,에세이,NNG
경주 여행,문화재,NNG
경주 여행,사전,NNG
경주 여행,지식,NNG
경주 여행,얼마,NNG
경주 여행,의미,NNG
경주 여행,놀부,NNG
경주 여행,보쌈,NNG
경주 여행,황오,NNP
경주 여행,배달,NNG
경주 여행,후기,NNG
경주 여행,숙소,NNG
경주 여행,황남,NNG
경주 여행,저녁,NNG
경주 여행,아이,NNG
경주 여행,배민,NNG
경주 여행,놀부,NNG
경주 여행,보쌈,NNG
경주 여행,검색,NNG
경주 여행,황오,NNP
경주 여행,배달,NNG
경주 여행,가능,NNG
경주 여행,저희,NP
경주 여행,황남,NNG
경주 여행,알라딘,NNP
경주 여행,자평,NNG
경주 여행,일상,NNG
경주 여행,고고학,NNG
경주 여행,일상,NNG
경주 여행,고고학,NNG
경주 여행,개정,NNG
경주 여행,증보판,NNG
경주 여행,일상,NNG
경주 여행,시리즈,NNG
경주 여행,황윤,NNG
경주 여행,지음,NNG
경주 여행,고양이,NNG
경주 여행,평점,NNG
경주 여행,학교,NNG
경주 여행,수학,NNG
경주 여행,추억,NNG
경주 여행,장소라,NNP
경주 여행,알라딘,NNP
경주 여행,자평,NNG
경주 여행,일상,NNG
경주 여행,고고학,NNG
경주 여행,일상,NNG
경주 여행,고고학,NNG
경주 여행,개정,NNG
경주 여행,증보판,NNG
경주 여행,일상,NNG
경주 여행,고고학,NNG
경주 여행,시리즈,NNG
경주 여행,황윤,NNG
경주 여행,지음,NNG
경주 여행,고양이,NNG
경주 여행,평점,NNG
경주 여행,신라,NNP
경주 여행,마니아,NNG
경주 여행,기라,NNG
경주 여행,관심,NNG
경주 여행,가요,NNG
경주 여행,고고학,NNG
경주 여행,관점,NNG
경주 여행,알라딘,NNP
경주 여행,자평,NNG
경주 여행,일상,NNG
경주 여행,고고학,NNG
경주 여행,일상,NNG
경주 여행,고고학,NNG
경주 여행,개정,NNG
경주 여행,증보판,NNG
경주 여행,일상,NNG
경주 여행,고고학,NNG
경주 여행,시리즈,NNG
경주 여행,황윤,NNG
경주 여행,지음,NNG
경주 여행,고양이,NNG
경주 여행,이야기,NNG
경주 여행,호기심,NNG
경주 여행,경북,NNP
경주 여행,황룡,NNG
경주 여행,사지,NNG
경주 여행,황화,NNG
경주 여행,코스모스,NNG
경주 여행,황룡,NNG
경주 여행,사지,NNG
경주 여행,황화,NNG
경주 여행,코스모스,NNG
경주 여행,지역,NNG
경주 여행,최고,NNG
경주 여행,기온,NNG
경주 여행,기록,NNG
경주 여행,폭염,NNG
경주 여행,특보,NNG
경주 여행,상태,NNG
경주 여행,사진,NNG
경주 여행,햇빛,NNG
경주 여행,구황동,NNP
경주 여행,분황,NNG
경주 여행,사지,NNG
경주 여행,황룡,NNG
경주 여행,사지,NNG
경주 여행,석빙고,NNG
경주 여행,볼거리,NNG
경주 여행,근처,NNG
경주 여행,안압,NNG
경주 여행,볼거리,NNG
경주 여행,석빙고,NNG
경주 여행,이번,NNG
경주 여행,석빙고,NNG
경주 여행,석빙고,NNG
경주 여행,영조,NNG
경주 여행,일종,NNG
경주 여행,얼음,NNG
경주 여행,창고,NNG
경주 여행,근처,NNG
경주 여행,첨성대,NNG
경주 여행,가본,NNG
경주 여행,동궁,NNG
경주 여행,커피,NNG
경주 여행,열매,NNG
경주 여행,노천온천,NNP
경주 여행,행복,NNG
경주 여행,황리,NNG
경주 여행,보문,NNG
경주 여행,왕릉,NNG
경주 여행,탐방,NNG
경주 여행,데이트,NNG
경주 여행,코스,NNG
경주 여행,황리,NNG
경주 여행,마음,NNG
경주 여행,낭만,NNG
경주 여행,경상도,NNP
경주 여행,거리,NNG
경주 여행,유적지,NNG
경주 여행,한옥,NNG
경주 여행,고도,NNG
경주 여행,밀면,NNP
경주 여행,가격,NNG
경주 여행,비빔,NNG
경주 여행,떡갈비,NNG
경주 여행,밥상,NNG
경주 여행,육수,NNG
경주 여행,평가,NNG
경주 여행,입맛,NNG
경주 여행,취향,NNG
경주 여행,엑스,NNG
경주 여행,포대,NNG
경주 여행,공원,NNG
경주 여행,애벌레,NNG
경주 여행,보문호,NNP
경주 여행,주변,NNG
경주 여행,엑스,NNG
경주 여행,포대,NNG
경주 여행,공원,NNG
경주 여행,입장,NNG
경주 여행,엑스포,NNG
경주 여행,기념관,NNG
경주 여행,천마,NNG
경주 여행,궁전,NNG
경주 여행,타워,NNG
경주 여행,솔거,NNG
경주 여행,미술관,NNG
경주 여행,자연사,NNG
경주 여행,박물관,NNG
경주 여행,동방역,NNP
경주 여행,능소화,NNG
경주 여행,서출지,NNG
경주 여행,경북,NNP
경주 여행,산림,NNG
경주 여행,연구원,NNG
경주 여행,동방역,NNP
경주 여행,능소화,NNG
경주 여행,서출지,NNG
경주 여행,경북,NNP
경주 여행,산림,NNG
경주 여행,연구원,NNG
경주 여행,모녀,NNG
경주 여행,바보,NNG
경주 여행,블로그,NNG
경주 여행,모녀,NNG
경주 여행,첨성대,NNG
경주 여행,야생,NNG
경주 여행,계림,NNG
경주 여행,월지,NNG
경주 여행,안압지,NNP
경주 여행,계림,NNP
경주 여행,월지,NNP
경주 여행,안압지,NNP
경주 여행,야경,NNG
경주 여행,박물관,NNG
경주 여행,김유신,NNP
경주 여행,장군,NNG
경주 여행,석굴암,NNG
경주 여행,알라딘,NNP
경주 여행,자평,NNG
경주 여행,일상,NNG
경주 여행,고고학,NNG
경주 여행,일상,NNG
경주 여행,고고학,NNG
경주 여행,개정,NNG
경주 여행,증보판,NNG
경주 여행,일상,NNG
경주 여행,고고학,NNG
경주 여행,시리즈,NNG
경주 여행,황윤,NNG
경주 여행,지음,NNG
경주 여행,고양이,NNG
경주 여행,평점,NNG
경주 여행,삼국,NNG
경주 여행,시대,NNG
경주 여행,자료,NNG
경주 여행,섭렵,NNG
경주 여행,소장,NNG
경주 여행,역사,NNG
경주 여행,학자,NNG
경주 여행,순수,NNG
경주 여행,시각,NNG
경주 여행,알라딘,NNP
경주 여행,일상,NNG
경주 여행,고고학,NNG
경주 여행,일상,NNG
경주 여행,고고학,NNG
경주 여행,개정,NNG
경주 여행,증보판,NNG
경주 여행,일상,NNG
경주 여행,고고학,NNG
경주 여행,시리즈,NNG
경주 여행,황윤,NNG
경주 여행,지음,NNG
경주 여행,고양이,NNG
경주 여행,평점,NNG
경주 여행,수학,NNG
경주 여행,추억,NNG
경주 여행,역사,NNG
경주 여행,경비,NNG
경주 여행,혼자,NNG
경주 여행,이동,NNG
경주 여행,수단,NNG
경주 여행,시외버스,NNG
경주 여행,버스,NNG
경주 여행,택시,NNG
경주 여행,시티투어,NNP
경주 여행,버스,NNG
경주 여행,기타,NNG
경주 여행,생필품,NNG
경주 여행,샴푸,NNG
경주 여행,린스,NNG
경주 여행,바디,NNG
경주 여행,워시,NNP
경주 여행,버블,NNG
경주 여행,경비,NNG
경주 여행,경북,NNP
경주 여행,현대,NNG
경주 여행,호텔,NNG
경주 여행,현대,NNP
경주 여행,호텔,NNG
경주 여행,현대,NNG
경주 여행,호텔,NNG
경주 여행,보문,NNP
경주 여행,수상,NNG
경주 여행,공연장,NNG
경주 여행,보문관광단지,NNP
경주 여행,보문호,NNP
경주 여행,신라,NNP
경주 여행,컨트리클럽,NNG
경주 여행,숙박,NNG
경주 여행,현대,NNG
경주 여행,호텔,NNG
경주 여행,방문,NNG
경주 여행,일자,NNG
경주 여행,현대,NNG
경주 여행,호텔,NNG
경주 여행,경북,NNP
경주 여행,신평동,NNP
경주 여행,석굴암,NNG
경주 여행,불국사,NNG
경주 여행,석굴암,NNG
경주 여행,불국사,NNG
경주 여행,일시,NNG
경주 여행,장소,NNG
경주 여행,석굴암,NNG
경주 여행,불국사,NNG
경주 여행,참여,NNG
경주 여행,우리,NP
경주 여행,가족,NNG
경주 여행,송국영,NNP
경주 여행,안종,NNP
경주 여행,송진주,NNP
경주 여행,김홍식,NNP
경주 여행,김연우,NNP
경주 여행,연주,NNP
경주 여행,조광민,NNP
경주 여행,대릉원,NNG
경주 여행,스탬프,NNG
경주 여행,투어,NNG
경주 여행,이야기,NNG
경주 여행,대릉원,NNG
경주 여행,천마,NNG
경주 여행,경북,NNP
경주 여행,스탬프,NNG
경주 여행,투어,NNG
경주 여행,오릉,NNG
경주 여행,대릉원,NNG
경주 여행,천마총,NNG
경주 여행,오릉,NNG
경주 여행,교촌,NNG
경주 여행,마을,NNG
경주 여행,투어,NNG
경주 여행,다음,NNG
경주 여행,오릉,NNG
경주 여행,교촌,NNG
경주 여행,마을,NNG
경주 여행,느낌,NNG
경주 여행,유적지,NNG
경주 여행,트레,NNP
경주 여행,대상지,NNG
경주 여행,유적지,NNG
경주 여행,트레,NNP
경주 여행,소재지,NNG
경주 여행,경북,NNP
경주 여행,동궁,NNG
경주 여행,월지,NNG
경주 여행,반월,NNG
경주 여행,교촌,NNG
경주 여행,대릉원,NNG
경주 여행,고분,NNG
경주 여행,분황사,NNG
경주 여행,황룡사,NNG
경주 여행,역사,NNG
경주 여행,문화원,NNG
경주 여행,동궁,NNG
경주 여행,월지,NNG
경주 여행,주차장,NNG
경주 여행,반월,NNG
경주 여행,동궁,NNG
경주 여행,월지,NNG
경주 여행,안압지,NNP
경주 여행,야경,NNG
경주 여행,해외,NNG
경주 여행,이야기,NNG
경주 여행,후기,NNG
경주 여행,동궁,NNG
경주 여행,월지,NNG
경주 여행,안압지,NNP
경주 여행,야경,NNG
경주 여행,훌리아,NNP
경주 여행,여름,NNG
경주 여행,사진,NNG
경주 여행,보관,NNG
경주 여행,구독,NNG
경주 여행,해외,NNG
경주 여행,이야기,NNG
경주 여행,후기,NNG
경주 여행,이야기,NNG
경주 여행,계명,NNG
경주 여행,대학교,NNG
경주 여행,동산,NNG
경주 여행,병원,NNG
경주 여행,일자,NNG
경주 여행,인원,NNG
경주 여행,친구,NNG
경주 여행,시외버스,NNG
경주 여행,터미널,NNG
경주 여행,경북,NNP
경주 여행,노서동,NNP
경주 여행,전화,NNG
경주 여행,시외버스,NNG
경주 여행,터미널,NNG
경주 여행,일요일,NNG
경주 여행,오전,NNG
경주 여행,오후,NNG
경주 여행,고향,NNG
경주 여행,친구,NNG
경주 여행,신라,NNP
경주 여행,대종,NNG
경주 여행,장맛비,NNG
경주 여행,시작,NNG
경주 여행,육월,NNP
경주 여행,중순,NNG
경주 여행,고향,NNG
경주 여행,친구,NNG
경주 여행,대릉원,NNG
경주 여행,돌담길,NNP
경주 여행,황리,NNG
경주 여행,알라딘,NNP
경주 여행,자평,NNG
경주 여행,일상,NNG
경주 여행,고고학,NNG
경주 여행,일상,NNG
경주 여행,고고학,NNG
경주 여행,개정,NNG
경주 여행,증보판,NNG
경주 여행,일상,NNG
경주 여행,고고학,NNG
경주 여행,시리즈,NNG
경주 여행,황윤,NNG
경주 여행,지음,NNG
경주 여행,고양이,NNG
경주 여행,길잡이,NNG
경주 여행,이해,NNG
경주 여행,코스,NNG
경주 여행,베스트,NNG
경주 여행,추천,NNG
경주 여행,코스,NNG
경주 여행,베스트,NNG
경주 여행,추천,NNG
경주 여행,코스,NNG
경주 여행,베스트,NNG
경주 여행,추천,NNG
경주 여행,소개,NNG
경주 여행,황리,NNG
경주 여행,상호,NNG
경주 여행,황리,NNG
경주 여행,주소,NNG
경주 여행,경상북도,NNP
경주 여행,황남동,NNP
경주 여행,전화,NNG
경주 여행,번호,NNG
경주 여행,입력,NNG
경주 여행,관련,NNG
경주 여행,키워드,NNP
경주 여행,키워드,NNP
경주 여행,코스,NNG
경주 여행,불국사,NNP
경주 여행,석굴암,NNG
경주 여행,중교,NNG
경주 여행,서울,NNP
경주 여행,불국사,NNP
경주 여행,불국사,NNP
경주 여행,국보,NNG
경주 여행,다보탑,NNG
경주 여행,석가탑,NNG
경주 여행,석굴암,NNG
경주 여행,입장료,NNG
경주 여행,불국사,NNG
경주 여행,스탬프,NNG
경주 여행,투어,NNG
경주 여행,이야기,NNG
경주 여행,불국사,NNP
경주 여행,석굴암,NNG
경주 여행,경북,NNP
경주 여행,스탬프,NNG
경주 여행,투어,NNG
경주 여행,가을,NNG
경주 여행,불국사,NNG
경주 여행,석굴암,NNG
경주 여행,동리,NNG
경주 여행,문학관,NNG
경주 여행,구경,NNG
경주 여행,다음,NNG
경주 여행,장소,NNG
경주 여행,핵심,NNG
경주 여행,메카,NNP
경주 여행,불국사,NNP
경주 여행,석굴암,NNG
경주 여행,황리,NNG
경주 여행,한옥,NNG
경주 여행,카페,NNG
경주 여행,추천,NNG
경주 여행,카페,NNP
경주 여행,아덴,NNP
경주 여행,카페,NNP
경주 여행,아덴,NNP
경주 여행,위치,NNG
경주 여행,경북,NNP
경주 여행,사정,NNG
경주 여행,운영,NNG
경주 여행,시간,NNG
경주 여행,실시간,NNG
경주 여행,예보,NNG
경주 여행,커피,NNG
경주 여행,아덴,NNP
경주 여행,시그,NNP
경주 여행,알라딘,NNP
경주 여행,자평,NNG
경주 여행,일상,NNG
경주 여행,고고학,NNG
경주 여행,일상,NNG
경주 여행,고고학,NNG
경주 여행,개정,NNG
경주 여행,증보판,NNG
경주 여행,일상,NNG
경주 여행,고고학,NNG
경주 여행,시리즈,NNG
경주 여행,황윤,NNG
경주 여행,지음,NNG
경주 여행,고양이,NNG
경주 여행,평점,NNG
경주 여행,기대,NNG
경주 여행,알라딘,NNP
경주 여행,서재,NNP
경주 여행,필수,NNG
경주 여행,필요,NNG
경주 여행,지식,NNG
경주 여행,설명,NNG
경주 여행,이해,NNG
경주 여행,사진,NNG
경주 여행,정보,NNG
경주 여행,서울,NNP
경주 여행,역사,NNG
경주 여행,한옥,NNG
경주 여행,독서,NNG
경주 여행,모임,NNG
경주 여행,주문,NNG
경주 여행,역사,NNG
경주 여행,예정,NNG
경주 여행,대릉원,NNG
경주 여행,대릉원,NNG
경주 여행,담장,NNG
경주 여행,이번,NNG
경주 여행,가을,NNG
경주 여행,만끽,NNG
경주 여행,컨셉,NNG
경주 여행,가을,NNG
경주 여행,분위기,NNG
경주 여행,고조,NNG
경주 여행,벚나무,NNG
경주 여행,좌우,NNG
경주 여행,슈만,NNP
경주 여행,클라라,NNP
경주 여행,도착,NNG
경주 여행,슈만,NNP
경주 여행,클라라,NNP
경주 여행,위치,NNG
경주 여행,요기,NP
경주 여행,여기,NP
경주 여행,버스,NNG
경주 여행,버스,NNG
경주 여행,택시,NNG
경주 여행,다음,NNG
경주 여행,문제,NNG
경주 여행,성동,NNG
경주 여행,시장,NNG
경주 여행,구경,NNG
경주 여행,가을,NNG
경주 여행,기차,NNG
경주 여행,피날레,NNG
경주 여행,가을,NNG
경주 여행,기차,NNG
경주 여행,단풍,NNG
경주 여행,은행,NNG
경주 여행,낙엽,NNG
경주 여행,언니,NNG
경주 여행,수고,NNG
경주 여행,숙소,NNG
경주 여행,변경,NNG
경주 여행,지도자,NNG
경주 여행,언니,NNG
경주 여행,봄꽃,NNG
경주 여행,마지막,NNG
경주 여행,월요일,NNG
경주 여행,벚꽃,NNG
경주 여행,상춘객,NNG
경주 여행,점심,NNG
경주 여행,집사람,NNG
경주 여행,국도,NNG
경주 여행,곳곳,NNG
경주 여행,벚꽃,NNG
경주 여행,자랑,NNG
경주 여행,열중,NNG
경주 여행,황리,NNG
경주 여행,주전부리,NNG
경주 여행,황금,NNG
경주 여행,황남,NNG
경주 여행,옥수수,NNG
경주 여행,청년,NNG
경주 여행,분식,NNG
경주 여행,황리,NNG
경주 여행,주전부리,NNG
경주 여행,저녁,NNG
경주 여행,황리,NNG
경주 여행,주전부리,NNG
경주 여행,결론,NNG
경주 여행,청년,NNG
경주 여행,분식,NNG
경주 여행,황남,NNG
경주 여행,옥수수,NNG
경주 여행,청년,NNG
경주 여행,분식,NNG
경주 여행,쥬얼,NNP
경주 여행,유혹,NNG
경주 여행,첨성대,NNG
경주 여행,대릉원,NNG
경주 여행,주차,NNG
경주 여행,주차장,NNG
경주 여행,대릉원,NNG
경주 여행,주차장,NNG
경주 여행,여기,NP
경주 여행,매표,NNG
경주 여행,혼자,NNG
경주 여행,필요,NNG
경주 여행,드라이브,NNG
경주 여행,그곳,NP
경주 여행,첨성대,NNG
경주 여행,황리,NNG
경주 여행,맛집,NNG
경주 여행,여도,NNG
경주 여행,영업,NNG
경주 여행,종료,NNG
경주 여행,오늘,NNG
경주 여행,맛집,NNG
경주 여행,황리,NNG
경주 여행,맛집,NNG
경주 여행,여주,NNG
경주 여행,이야기,NNG
경주 여행,여도,NNG
경주 여행,저희,NP
경주 여행,기록,NNG
경주 여행,포스팅,NNP
경주 여행,진행,NNG
경주 여행,참고,NNG
경주 여행,한옥,NNP
경주 여행,외관,NNG
경주 여행,눈길,NNG
경주 여행,마지막,NNG
경주 여행,선물,NNG
경주 여행,눈발,NNG
경주 여행,시작,NNG
경주 여행,세상,NNG
경주 여행,눈길,NNG
경주 여행,산책,NNG
경주 여행,불국사,NNP
경주 여행,기차,NNG
경주 여행,마무리,NNG
경주 여행,하늘,NNG
경주 여행,야경,NNG
경주 여행,매력,NNG
경주 여행,정교,NNG
경주 여행,분위기,NNG
경주 여행,저녁,NNG
경주 여행,정교,NNG
경주 여행,방문,NNG
경주 여행,추천,NNG
경주 여행,정교,NNG
경주 여행,사진,NNG
경주 여행,정교,NNG
경주 여행,야경,NNG
경주 여행,마지막,NNG
경주 여행,여기,NP
경주 여행,신라,NNP
경주 여행,신라,NNP
경주 여행,해장국,NNG
경주 여행,황남,NNG
경주 여행,맷돌,NNG
경주 여행,순두부,NNG
경주 여행,두부,NNG
경주 여행,보쌈,NNG
경주 여행,제육,NNG
경주 여행,순두부찌개,NNG
경주 여행,황남,NNG
경주 여행,맷돌,NNG
경주 여행,순두부,NNG
경주 여행,영업시간,NNG
경주 여행,황리,NNG
경주 여행,시작,NNG
경주 여행,밥집,NNG
경주 여행,영업,NNG
경주 여행,마감,NNG
경주 여행,고기,NNG
경주 여행,두부,NNG
경주 여행,순두부찌개,NNG
경주 여행,호랑이,NNG
경주 여행,막걸리,NNG
경주 여행,울주,NNP
경주 여행,새벽,NNG
경주 여행,하늘,NNG
경주 여행,예쁘다,NNP
경주 여행,월드,NNG
경주 여행,판다,NNG
경주 여행,점심,NNG
경주 여행,친절,NNG
경주 여행,떡갈비,NNG
경주 여행,계란찜,NNG
경주 여행,풍경,NNG
경주 여행,행복,NNG
경주 여행,울주,NNP
경주 여행,서출지,NNG
경주 여행,날씨,NNG
경주 여행,촬영,NNG
경주 여행,사진가,NNG
경주 여행,미안,NNG
경주 여행,생각,NNG
경주 여행,날씨,NNG
경주 여행,촬영,NNG
경주 여행,대작,NNG
경주 여행,알라딘,NNP
경주 여행,자평,NNG
경주 여행,우리,NP
경주 여행,우리,NP
경주 여행,세계,NNG
경주 여행,문화유산,NNG
경주 여행,개정판,NNG
경주 여행,답사,NNG
경주 여행,역사,NNG
경주 여행,박광일,NNP
경주 여행,전향,NNG
경주 여행,이야기,NNG
경주 여행,기획,NNG
경주 여행,성당,NNG
경주 여행,평점,NNG
경주 여행,초등,NNG
경주 여행,학교,NNG
경주 여행,학생,NNG
경주 여행,수학,NNG
경주 여행,알라딘,NNP
경주 여행,자평,NNG
경주 여행,일상,NNG
경주 여행,고고학,NNG
경주 여행,일상,NNG
경주 여행,고고학,NNG
경주 여행,개정,NNG
경주 여행,증보판,NNG
경주 여행,일상,NNG
경주 여행,고고학,NNG
경주 여행,시리즈,NNG
경주 여행,황윤,NNG
경주 여행,지음,NNG
경주 여행,고양이,NNG
경주 여행,타임캡슐,NNG
경주 여행,신라,NNG
경주 여행,특별,NNG
경주 여행,시간,NNG
경주 여행,압지,NNG
경주 여행,야경,NNG
경주 여행,투어,NNG
경주 여행,방문,NNG
경주 여행,보름달,NNG
경주 여행,하늘,NNG
경주 여행,황청,NNG
경주 여행,연못,NNG
경주 여행,야경,NNG
경주 여행,야경,NNG
경주 여행,이곳,NP
경주 여행,압지,NNG
경주 여행,오늘,NNG
경주 여행,날씨,NNG
경주 여행,마을,NNG
경주 여행,식당,NNG
경주 여행,양념,NNG
경주 여행,게장,NNG
경주 여행,점심,NNG
경주 여행,힐튼,NNP
경주 여행,호텔,NNG
경주 여행,커피,NNG
경주 여행,한잔,NNG
경주 여행,보문,NNG
경주 여행,나무,NNG
경주 여행,감상,NNG
경주 여행,커피,NNG
경주 여행,한잔,NNG
경주 여행,스콘,NNP
경주 여행,행복,NNG
경주 여행,월드,NNG
경주 여행,관람,NNG
경주 여행,알라딘,NNP
경주 여행,자평,NNG
경주 여행,우리,NP
경주 여행,우리,NP
경주 여행,신라,NNG
경주 여행,답사,NNG
경주 여행,역사,NNG
경주 여행,박광일,NNP
경주 여행,평점,NNG
경주 여행,구판,NNG
경주 여행,절판,NNG
경주 여행,아이,NNG
경주 여행,눈높이,NNG
경주 여행,알라딘,NNP
경주 여행,자평,NNG
경주 여행,일상,NNG
경주 여행,고고학,NNG
경주 여행,일상,NNG
경주 여행,고고학,NNG
경주 여행,개정,NNG
경주 여행,증보판,NNG
경주 여행,일상,NNG
경주 여행,고고학,NNG
경주 여행,시리즈,NNG
경주 여행,황윤,NNG
경주 여행,지음,NNG
경주 여행,고양이,NNG
경주 여행,평점,NNG
경주 여행,유익,NNG
경주 여행,알라딘,NNP
경주 여행,역사,NNG
경주 여행,관심,NNG
경주 여행,시작,NNG
경주 여행,생각,NNG
경주 여행,마음,NNG
경주 여행,기억,NNG
경주 여행,아이,NNG
경주 여행,신라,NNG
경주 여행,동안,NNG
경주 여행,내용,NNG
경주 여행,생각,NNG
경주 여행,유적지,NNG
경주 여행,매화,NNG
경주 여행,산수유,NNG
경주 여행,만발,NNG
경주 여행,보문,NNG
경주 여행,호수,NNG
경주 여행,산책,NNG
경주 여행,행복,NNG
경주 여행,마무리,NNG
경주 여행,알라딘,NNP
경주 여행,자평,NNG
경주 여행,일상,NNG
경주 여행,고고학,NNG
경주 여행,일상,NNG
경주 여행,고고학,NNG
경주 여행,일상,NNG
경주 여행,시리즈,NNG
경주 여행,황윤,NNG
경주 여행,지음,NNG
경주 여행,고양이,NNG
경주 여행,평점,NNG
경주 여행,마니아,NNG
경주 여행,탐방기,NNG
경주 여행,설명,NNG
경주 여행,알라딘,NNP
경주 여행,자평,NNG
경주 여행,일상,NNG
경주 여행,고고학,NNG
경주 여행,일상,NNG
경주 여행,고고학,NNG
경주 여행,개정,NNG
경주 여행,증보판,NNG
경주 여행,일상,NNG
경주 여행,고고학,NNG
경주 여행,시리즈,NNG
경주 여행,황윤,NNG
경주 여행,지음,NNG
경주 여행,고양이,NNG
경주 여행,평점,NNG
경주 여행,풍경,NNG
경주 여행,고고학,NNG
경주 여행,우리,NP
경주 여행,지적,NNG
경주 여행,힐링,NNG
경주 여행,주상,NNG
경주 여행,절리,NNG
경주 여행,스탬프,NNG
경주 여행,투어,NNG
경주 여행,목적지,NNG
경주 여행,주상,NNG
경주 여행,스탬프,NNG
경주 여행,투어,NNG
경주 여행,주상,NNG
경주 여행,절리,NNG
경주 여행,해변,NNG
경주 여행,둘레길,NNP
경주 여행,주상,NNG
경주 여행,절리,NNG
경주 여행,파도,NNG
경주 여행,소리,NNG
경주 여행,시작,NNG
경주 여행,오랫만,NNG
경주 여행,밤잠,NNG
경주 여행,시계,NNG
경주 여행,시간,NNG
경주 여행,불국사,NNP
경주 여행,황남빵,NNP
경주 여행,교리,NNG
경주 여행,김밥,NNG
경주 여행,내소,NNG
경주 여행,불국사,NNP
경주 여행,황남빵,NNP
경주 여행,교리,NNG
경주 여행,김밥,NNG
경주 여행,산내,NNG
경주 여행,소고기,NNG
경주 여행,울산,NNP
경주 여행,후배,NNG
경주 여행,울산,NNP
경주 여행,불국사,NNG
경주 여행,천마총,NNG
경주 여행,첨성대,NNG
경주 여행,나무,NNG
경주 여행,그늘,NNG
경주 여행,내부,NNG
경주 여행,전경,NNG
경주 여행,알라딘,NNP
경주 여행,자평,NNG
경주 여행,일상,NNG
경주 여행,고고학,NNG
경주 여행,개정,NNG
경주 여행,증보판,NNG
경주 여행,일상,NNG
경주 여행,고고학,NNG
경주 여행,시리즈,NNG
경주 여행,황윤,NNG
경주 여행,지음,NNG
경주 여행,고양이,NNG
경주 여행,평점,NNG
경주 여행,학교,NNG
경주 여행,공부,NNG
경주 여행,느낌,NNG
경주 여행,가보세요,NNG
경주 여행,알라딘,NNP
경주 여행,자평,NNG
경주 여행,일상,NNG
경주 여행,고고학,NNG
경주 여행,혼자,NNG
경주 여행,개정,NNG
경주 여행,증보판,NNG
경주 여행,일상,NNG
경주 여행,고고학,NNG
경주 여행,시리즈,NNG
경주 여행,황윤,NNG
경주 여행,지음,NNG
경주 여행,고양이,NNG
경주 여행,평점,NNG
경주 여행,이야기,NNG
경주 여행,작가,NNG
경주 여행,혼자,NNG
경주 여행,기대,NNG
경주 여행,매화꽃,NNG
경주 여행,산수유,NNG
경주 여행,날씨,NNG
경주 여행,바람,NNG
경주 여행,햇살,NNG
경주 여행,점심,NNG
경주 여행,황룡,NNG
경주 여행,동국,NNG
경주 여행,재단,NNG
경주 여행,운영,NNG
경주 여행,연수원,NNG
경주 여행,맷돌,NNG
경주 여행,순부,NNG
경주 여행,옆집,NNG
경주 여행,정화,NNG
경주 여행,송이,NNG
경주 여행,순두부,NNG
경주 여행,맛집,NNG
경주 여행,옆집,NNG
경주 여행,가격,NNG
경주 여행,기본,NNG
경주 여행,반찬,NNG
경주 여행,생선,NNG
경주 여행,구이,NNG
경주 여행,후배,NNG
경주 여행,순두부,NNG
경주 여행,순두부,NNG
경주 여행,파전,NNG
경주 여행,주문,NNG
경주 여행,새송이,NNP
경주 여행,탁주,NNG
경주 여행,주문,NNG
경주 여행,낮술,NNG
경주 여행,남산,NNP
경주 여행,칠불암,NNG
경주 여행,케이트,NNP
경주 여행,진입,NNG
경주 여행,서라벌,NNP
경주 여행,휴게소,NNG
경주 여행,통일전,NNP
경주 여행,주차장,NNG
경주 여행,주차,NNG
경주 여행,염불,NNG
경주 여행,사지,NNG
경주 여행,삼층석탑,NNP
경주 여행,주차,NNG
경주 여행,여기,NP
경주 여행,도착,NNG
경주 여행,주차,NNG
경주 여행,아침,NNG
경주 여행,알라딘,NNP
경주 여행,자평,NNG
경주 여행,일상,NNG
경주 여행,고고학,NNG
경주 여행,일상,NNG
경주 여행,고고학,NNG
경주 여행,개정,NNG
경주 여행,증보판,NNG
경주 여행,일상,NNG
경주 여행,고고학,NNG
경주 여행,시리즈,NNG
경주 여행,황윤,NNG
경주 여행,지음,NNG
경주 여행,고양이,NNG
경주 여행,평점,NNG
경주 여행,마음,NNG
경주 여행,중학교,NNG
경주 여행,수학,NNG
경주 여행,국내,NNG
경주 여행,사진,NNG
경주 여행,국내,NNG
경주 여행,테마,NNG
경주 여행,벚꽃,NNG
경주 여행,시기,NNG
경주 여행,아쉬움,NNG
경주 여행,대능원,NNP
경주 여행,출입문,NNG
경주 여행,능원,NNG
경주 여행,소나무,NNG
경주 여행,천마총,NNG
경주 여행,안압지,NNP
경주 여행,분황사,NNG
경주 여행,모전,NNG
경주 여행,석탑,NNG
경주 여행,원래,NNG
경주 여행,힐튼,NNP
경주 여행,호텔,NNG
경주 여행,한국,NNP
경주 여행,서울,NNP
경주 여행,호텔,NNG
경주 여행,체인,NNG
경주 여행,이상,NNG
경주 여행,두산,NNP
경주 여행,참고,NNG
경주 여행,미국,NNP
경주 여행,모델,NNG
경주 여행,손님,NNG
경주 여행,배려,NNG
경주 여행,호텔,NNG
경주 여행,토함산,NNP
경주 여행,단풍,NNG
경주 여행,터널,NNG
경주 여행,자연,NNG
경주 여행,수채화,NNG
경주 여행,단풍,NNG
경주 여행,숲길,NNG
경주 여행,불국사,NNP
경주 여행,석굴암,NNG
경주 여행,토함산,NNP
경주 여행,숲길,NNG
경주 여행,월산,NNG
경주 여행,고갯길,NNG
경주 여행,신라,NNP
경주 여행,역사,NNG
경주 여행,시내,NNG
경주 여행,배롱나무,NNG
경주 여행,첨성대,NNG
경주 여행,야경,NNG
경주 여행,수학,NNG
경주 여행,사람,NNG
경주 여행,자녀,NNG
경주 여행,역사,NNG
경주 여행,유적,NNG
경주 여행,답사,NNG
경주 여행,동행,NNG
경주 여행,생각,NNG
경주 여행,국내,NNG
경주 여행,특징,NNG
경주 여행,평온,NNG
경주 여행,자연,NNG
경주 여행,황리,NNG
경주 여행,카페,NNG
경주 여행,카페,NNG
경주 여행,카페,NNG
경주 여행,황리,NNG
경주 여행,거리,NNG
경주 여행,위치,NNG
경주 여행,거리,NNG
경주 여행,인테리어,NNG
경주 여행,눈길,NNG
경주 여행,카페,NNG
경주 여행,황리,NNG
경주 여행,카페,NNG
경주 여행,카페,NNG
경주 여행,날씨,NNG
경주 여행,경북,NNP
경주 여행,국밥,NNG
경주 여행,맛집,NNG
경주 여행,보문,NNG
경주 여행,경북,NNP
경주 여행,교촌,NNP
경주 여행,마을,NNG
경주 여행,교촌,NNG
경주 여행,보관,NNG
경주 여행,아이,NNG
경주 여행,가족,NNG
경주 여행,가족,NNG
경주 여행,기록,NNG
경주 여행,오늘,NNG
경주 여행,가족,NNG
경주 여행,모임,NNG
경주 여행,경북,NNP
경주 여행,불국사역,NNP
경주 여행,동대구,NNG
경주 여행,기차,NNG
경주 여행,무궁화호,NNP
경주 여행,시간,NNG
경주 여행,시외,NNG
경주 여행,고속,NNG
경주 여행,버스,NNG
경주 여행,터미널,NNG
경주 여행,거리,NNG
경주 여행,어디,NP
경주 여행,대중,NNG
경주 여행,교통,NNG
경주 여행,종류,NNG
경주 여행,서울,NNP
경주 여행,대전,NNP
경주 여행,이상,NNG
경주 여행,코스,NNG
경주 여행,알라딘,NNP
경주 여행,자평,NNG
경주 여행,일상,NNG
경주 여행,고고학,NNG
경주 여행,지음,NNG
경주 여행,고양이,NNG
경주 여행,평점,NNG
경주 여행,도시,NNG
경주 여행,시간,NNG
경주 여행,기분,NNG
경주 여행,행복,NNG
경주 여행,코로나,NNP
경주 여행,하늘,NNG
경주 여행,구름,NNG
경주 여행,고속도로,NNP
경주 여행,오늘,NNG
경주 여행,힐링,NNG
경주 여행,산송,NNG
경주 여행,한우구,NNP
경주 여행,언양,NNP
경주 여행,불고기,NNG
경주 여행,더덕구이,NNG
경주 여행,라떼,NNG
경주 여행,한잔,NNG
경주 여행,노천온천,NNP
경주 여행,하늘,NNG
경주 여행,나정,NNG
경주 여행,맛집,NNG
경주 여행,나정,NNG
경주 여행,라면,NNG
경주 여행,맛집,NNG
경주 여행,에도,NNP
경주 여행,바다,NNG
경주 여행,나정,NNG
경주 여행,스토리,NNG
경주 여행,에도,NNP
경주 여행,바다,NNG
경주 여행,사실,NNG
경주 여행,아시나,NNP
경주 여행,바다,NNG
경주 여행,남편,NNG
경주 여행,역사,NNG
경주 여행,유적지,NNG
경주 여행,알라딘,NNP
경주 여행,자평,NNG
경주 여행,일상,NNG
경주 여행,고고학,NNG
경주 여행,일상,NNG
경주 여행,고고학,NNG
경주 여행,개정,NNG
경주 여행,증보판,NNG
경주 여행,일상,NNG
경주 여행,고고학,NNG
경주 여행,시리즈,NNG
경주 여행,황윤,NNG
경주 여행,지음,NNG
경주 여행,고양이,NNG
경주 여행,평점,NNG
경주 여행,구경,NNG
경주 여행,코로나,NNP
경주 여행,알라딘,NNP
경주 여행,자평,NNG
경주 여행,일상,NNG
경주 여행,고고학,NNG
경주 여행,평점,NNG
경주 여행,가을,NNG
경주 여행,실천,NNG
경주 여행,사람,NNG
경주 여행,기대,NNG
경주 여행,가을,NNG
경주 여행,도착,NNG
경주 여행,오늘,NNG
경주 여행,작년,NNG
경주 여행,여름,NNG
경주 여행,코스,NNG
경주 여행,서출지,NNG
경주 여행,통일전,NNP
경주 여행,산림,NNG
경주 여행,연구원,NNG
경주 여행,핑크,NNG
경주 여행,첨성대,NNG
경주 여행,주변,NNG
경주 여행,황리,NNG
경주 여행,구경,NNG
경주 여행,점심,NNG
경주 여행,커피,NNG
경주 여행,조금,NNG
경주 여행,가을,NNG
경주 여행,알라딘,NNP
경주 여행,자평,NNG
경주 여행,일상,NNG
경주 여행,고고학,NNG
경주 여행,일상,NNG
경주 여행,고고학,NNG
경주 여행,개정,NNG
경주 여행,증보판,NNG
경주 여행,일상,NNG
경주 여행,고고학,NNG
경주 여행,시리즈,NNG
경주 여행,황윤,NNG
경주 여행,지음,NNG
경주 여행,고양이,NNG
경주 여행,평점,NNG
경주 여행,수학,NNG
경주 여행,이후,NNG
경주 여행,생각,NNG
경주 여행,알라딘,NNP
경주 여행,자평,NNG
경주 여행,일상,NNG
경주 여행,고고학,NNG
경주 여행,일상,NNG
경주 여행,고고학,NNG
경주 여행,개정,NNG
경주 여행,증보판,NNG
경주 여행,일상,NNG
경주 여행,고고학,NNG
경주 여행,시리즈,NNG
경주 여행,황윤,NNG
경주 여행,지음,NNG
경주 여행,고양이,NNG
경주 여행,평점,NNG
경주 여행,수학,NNG
경주 여행,역사,NNG
경주 여행,의미,NNG
경주 여행,이제,NNG
경주 여행,풍경,NNG
경주 여행,알라딘,NNP
경주 여행,자평,NNG
경주 여행,일상,NNG
경주 여행,고고학,NNG
경주 여행,출간,NNG
경주 여행,일상,NNG
경주 여행,고고학,NNG
경주 여행,혼자,NNG
경주 여행,백제,NNG
경주 여행,이번,NNG
경주 여행,전작,NNG
경주 여행,백제,NNG
경주 여행,만족,NNG
경주 여행,이번,NNG
경주 여행,탑승,NNG
경주 여행,경북,NNP
경주 여행,목련,NNG
경주 여행,대릉원,NNG
경주 여행,목련,NNG
경주 여행,풍경,NNG
경주 여행,최근,NNG
경주 여행,코스,NNG
경주 여행,야경,NNG
경주 여행,연인,NNG
경주 여행,당신,NP
경주 여행,야경,NNG
경주 여행,투어,NNG
경주 여행,코스,NNG
경주 여행,소개,NNG
경주 여행,준비,NNG
경주 여행,경북,NNP
경주 여행,다리,NNG
경주 여행,정교,NNG
경주 여행,교촌,NNG
경주 여행,마을,NNG
경주 여행,도착,NNG
경주 여행,행사,NNG
경주 여행,최근,NNG
경주 여행,연인,NNG
경주 여행,당신,NP
경주 여행,야경,NNG
경주 여행,투어,NNG
경주 여행,코스,NNG
경주 여행,소개,NNG
경주 여행,준비,NNG
경주 여행,아기,NNG
경주 여행,후기,NNG
경주 여행,정글,NNG
경주 여행,법칙,NNG
경주 여행,미디어,NNG
경주 여행,파크,NNG
경주 여행,버드,NNP
경주 여행,파크,NNG
경주 여행,일정,NNG
경주 여행,버드,NNP
경주 여행,파크,NNG
경주 여행,위치,NNG
경주 여행,경북,NNP
경주 여행,보문,NNG
경주 여행,북군동,NNP
경주 여행,전화,NNG
경주 여행,운영,NNG
경주 여행,시간,NNG
경주 여행,입장료,NNG
경주 여행,대인,NNG
경주 여행,소인,NNG
경주 여행,보문,NNG
경주 여행,벚꽃,NNG
경주 여행,보문호,NNP
경주 여행,선사,NNG
경주 여행,최적,NNG
경주 여행,지이,NNG
경주 여행,도로,NNG
경주 여행,꽃길,NNG
경주 여행,시각,NNG
경주 여행,힐링,NNG
경주 여행,만개,NNG
경주 여행,경관,NNG
경주 여행,보문,NNG
경주 여행,단지,NNG
경주 여행,시가지,NNG
경주 여행,동쪽,NNG
경주 여행,정도,NNG
경주 여행,활산,NNP
경주 여행,성터,NNG
경주 여행,패밀리,NNG
경주 여행,일상,NNG
경주 여행,오늘,NNG
경주 여행,목적지,NNG
경주 여행,회사,NNG
경주 여행,제휴,NNG
경주 여행,숙소,NNG
경주 여행,예약,NNG
경주 여행,도착,NNG
경주 여행,우리,NP
경주 여행,가족,NNG
경주 여행,국수집,NNG
경주 여행,와이프,NNG
경주 여행,검색,NNG
경주 여행,갈비,NNG
경주 여행,국수,NNG
경주 여행,세계,NNG
경주 여행,문화유산,NNG
경주 여행,양동,NNP
경주 여행,마을,NNG
경주 여행,시간,NNG
경주 여행,조상,NNG
경주 여행,모습,NNG
경주 여행,간직,NNG
경주 여행,숨결,NNG
경주 여행,양동,NNP
경주 여행,마을,NNG
경주 여행,제격,NNG
경주 여행,경상북도,NNP
경주 여행,강동면,NNP
경주 여행,양동,NNP
경주 여행,마을,NNG
경주 여행,지번,NNG
경주 여행,경상북도,NNP
경주 여행,강동면,NNP
경주 여행,경북,NNP
경주 여행,불국사,NNG
경주 여행,겹벚꽃,NNG
경주 여행,벚꽃,NNG
경주 여행,벚꽃,NNG
경주 여행,고수,NNG
경주 여행,티켓,NNG
경주 여행,예약,NNG
경주 여행,지역,NNG
경주 여행,벚꽃,NNG
경주 여행,불국사,NNG
경주 여행,겹벚꽃,NNG
경주 여행,불국사,NNP
경주 여행,입구,NNG
경주 여행,사람,NNG
경주 여행,지인,NNG
경주 여행,경험,NNG
경주 여행,생각,NNG
경주 여행,주목,NNG
경주 여행,장소,NNG
경주 여행,정리,NNG
경주 여행,산사,NNG
경주 여행,옥천사,NNG
경주 여행,수학,NNG
경주 여행,성지,NNG
경주 여행,역사,NNG
경주 여행,탐방,NNG
경주 여행,중심지,NNG
경주 여행,주변,NNG
경주 여행,야경,NNG
경주 여행,안압지,NNP
경주 여행,첨성대,NNG
경주 여행,관광지,NNG
경주 여행,첨성대,NNG
경주 여행,첨성대,NNG
경주 여행,신라,NNP
경주 여행,시대,NNG
경주 여행,관측,NNG
경주 여행,최근,NNG
경주 여행,코스,NNG
경주 여행,야경,NNG
경주 여행,울산,NNP
경주 여행,동궁,NNG
경주 여행,월지,NNG
경주 여행,누리,NNG
경주 여행,정원,NNG
경주 여행,성호,NNG
경주 여행,리조트,NNG
경주 여행,장생포,NNG
경주 여행,고래,NNG
경주 여행,문화,NNG
경주 여행,특구,NNP
경주 여행,이름,NNG
경주 여행,고래,NNG
경주 여행,주제,NNG
경주 여행,관광지,NNG
경주 여행,형성,NNG
경주 여행,박물관,NNG
경주 여행,생태,NNG
경주 여행,국내,NNG
경주 여행,울산,NNP
경주 여행,루비,NNG
경주 여행,정원,NNG
경주 여행,연휴,NNG
경주 여행,시작,NNG
경주 여행,신청,NNG
경주 여행,센터,NNG
경주 여행,부지,NNG
경주 여행,자리,NNG
경주 여행,역사,NNG
경주 여행,마당,NNG
경주 여행,연휴,NNG
경주 여행,계획,NNG
경주 여행,이용,NNG
경주 여행,루비,NNG
경주 여행,출장,NNG
경주 여행,조식,NNG
경주 여행,제공,NNG
경주 여행,에이치,NNG
경주 여행,비뉴,NNG
경주 여행,호텔,NNG
경주 여행,불국사,NNP
경주 여행,도보,NNG
경주 여행,거리,NNG
경주 여행,피로,NNG
경주 여행,조금,NNG
경주 여행,아침,NNG
경주 여행,불국사,NNG
경주 여행,방문,NNG
경주 여행,고요,NNG
경주 여행,분위기,NNG
경주 여행,산책,NNG
경주 여행,최적,NNG
경주 여행,위치,NNG
경주 여행,스테이,NNG
경주 여행,알라딘,NNP
경주 여행,자평,NNG
경주 여행,일상,NNG
경주 여행,고고학,NNG
경주 여행,일상,NNG
경주 여행,고고학,NNG
경주 여행,개정,NNG
경주 여행,증보판,NNG
경주 여행,일상,NNG
경주 여행,고고학,NNG
경주 여행,시리즈,NNG
경주 여행,황윤,NNG
경주 여행,지음,NNG
경주 여행,고양이,NNG
경주 여행,평점,NNG
경주 여행,역사,NNG
경주 여행,사랑,NNG
경주 여행,사람,NNG
경주 여행,사랑,NNG
경주 여행,평화,NNG
경주 여행,강릉,NNP
경주 여행,서나,NNG
경주 여행,강릉,NNP
경주 여행,한옥,NNG
경주 여행,숙소,NNG
경주 여행,소설,NNG
경주 여행,첨성,NNG
경주 여행,대점,NNG
경주 여행,비향,NNP
경주 여행,한옥,NNG
경주 여행,숙소,NNG
경주 여행,이름,NNG
경주 여행,소설,NNG
경주 여행,첨성,NNG
경주 여행,대점,NNG
경주 여행,첨성대,NNG
경주 여행,첨성,NNG
경주 여행,대점,NNG
경주 여행,한옥,NNG
경주 여행,소설,NNG
경주 여행,인기,NNG
경주 여행,주말,NNG
경주 여행,알라딘,NNP
경주 여행,황금,NNG
경주 여행,호두,NNG
경주 여행,무웅,NNP
경주 여행,코스,NNG
경주 여행,느낌,NNG
경주 여행,느낌,NNG
경주 여행,신라,NNP
경주 여행,아이,NNG
경주 여행,티비,NNG
경주 여행,이동은,NNP
경주 여행,기차,NNG
경주 여행,자전거,NNG
경주 여행,도보,NNG
경주 여행,버스,NNG
경주 여행,투어,NNG
경주 여행,가능,NNG
경주 여행,코스,NNG
경주 여행,시내,NNG
경주 여행,천마총,NNG
경주 여행,왕릉,NNG
경주 여행,첨성대,NNG
경주 여행,계림,NNG
경주 여행,포석정,NNP
경주 여행,안압지,NNP
경주 여행,알라딘,NNP
경주 여행,자평,NNG
경주 여행,일상,NNG
경주 여행,고고학,NNG
경주 여행,일상,NNG
경주 여행,고고학,NNG
경주 여행,개정,NNG
경주 여행,증보판,NNG
경주 여행,일상,NNG
경주 여행,고고학,NNG
경주 여행,시리즈,NNG
경주 여행,황윤,NNG
경주 여행,지음,NNG
경주 여행,고양이,NNG
경주 여행,오랜만,NNG
경주 여행,저자,NNG
경주 여행,역사,NNG
경주 여행,느낌,NNG
경주 여행,감포,NNP
경주 여행,대말,NNG
경주 여행,체험,NNG
경주 여행,전시관,NNG
경주 여행,위치,NNG
경주 여행,경북,NNP
경주 여행,척사,NNG
경주 여행,운영,NNG
경주 여행,시간,NNG
경주 여행,연중무휴,NNG
경주 여행,대표,NNG
경주 여행,전화,NNG
경주 여행,입장료,NNG
경주 여행,무료,NNG
경주 여행,대말,NNG
경주 여행,체험,NNG
경주 여행,아이,NNG
경주 여행,점심,NNG
경주 여행,시간,NNG
경주 여행,운영,NNG
경주 여행,코스,NNG
경주 여행,읍천항,NNP
경주 여행,주상,NNG
경주 여행,절리,NNG
경주 여행,파도,NNG
경주 여행,소리,NNG
경주 여행,주상,NNG
경주 여행,절리,NNG
경주 여행,제주도,NNP
경주 여행,읍천항,NNP
경주 여행,코스,NNG
경주 여행,읍천항,NNP
경주 여행,자리,NNG
경주 여행,주상,NNG
경주 여행,절리,NNG
경주 여행,파도,NNG
경주 여행,소리,NNG
경주 여행,주차장,NNG
경주 여행,등대,NNG
경주 여행,교리,NNG
경주 여행,김밥,NNG
경주 여행,맛집,NNG
경주 여행,김밥,NNG
경주 여행,남산,NNG
경주 여행,등산,NNG
경주 여행,포함,NNG
경주 여행,당일,NNG
경주 여행,계획,NNG
경주 여행,코스,NNG
경주 여행,정도,NNG
경주 여행,생각,NNG
경주 여행,남산,NNG
경주 여행,기차,NNG
경주 여행,일전,NNG
경주 여행,크리스마스,NNG
경주 여행,오늘,NNG
경주 여행,안녕,NNG
경주 여행,이번,NNG
경주 여행,컨셉,NNG
경주 여행,호텔,NNG
경주 여행,알라딘,NNP
경주 여행,서재,NNP
경주 여행,이야기,NNG
경주 여행,일상,NNG
경주 여행,고고학,NNG
경주 여행,무대,NNG
경주 여행,에세이,NNG
경주 여행,문화재,NNG
경주 여행,사전,NNG
경주 여행,지식,NNG
경주 여행,얼마,NNG
경주 여행,의미,NNG
경주 여행,놀부,NNG
경주 여행,보쌈,NNG
경주 여행,황오,NNP
경주 여행,배달,NNG
경주 여행,후기,NNG
경주 여행,숙소,NNG
경주 여행,황남,NNG
경주 여행,저녁,NNG
경주 여행,아이,NNG
경주 여행,배민,NNG
경주 여행,놀부,NNG
경주 여행,보쌈,NNG
경주 여행,검색,NNG
경주 여행,황오,NNP
경주 여행,배달,NNG
경주 여행,가능,NNG
경주 여행,저희,NP
경주 여행,황남,NNG
경주 여행,알라딘,NNP
경주 여행,자평,NNG
경주 여행,일상,NNG
경주 여행,고고학,NNG
경주 여행,일상,NNG
경주 여행,고고학,NNG
경주 여행,개정,NNG
경주 여행,증보판,NNG
경주 여행,일상,NNG
경주 여행,시리즈,NNG
경주 여행,황윤,NNG
경주 여행,지음,NNG
경주 여행,고양이,NNG
경주 여행,평점,NNG
경주 여행,학교,NNG
경주 여행,수학,NNG
경주 여행,추억,NNG
경주 여행,장소라,NNP
경주 여행,알라딘,NNP
경주 여행,자평,NNG
경주 여행,일상,NNG
경주 여행,고고학,NNG
경주 여행,일상,NNG
경주 여행,고고학,NNG
경주 여행,박물관,NNG
경주 여행,경험,NNG
경주 여행,가이드,NNG
경주 여행,길잡이,NNG
경주 여행,알라딘,NNP
경주 여행,자평,NNG
경주 여행,일상,NNG
경주 여행,고고학,NNG
경주 여행,일상,NNG
경주 여행,고고학,NNG
경주 여행,개정,NNG
경주 여행,증보판,NNG
경주 여행,일상,NNG
경주 여행,고고학,NNG
경주 여행,시리즈,NNG
경주 여행,황윤,NNG
경주 여행,지음,NNG
경주 여행,고양이,NNG
경주 여행,평점,NNG
경주 여행,신라,NNP
경주 여행,마니아,NNG
경주 여행,기라,NNG
경주 여행,관심,NNG
경주 여행,가요,NNG
경주 여행,고고학,NNG
경주 여행,관점,NNG
경주 여행,알라딘,NNP
경주 여행,자평,NNG
경주 여행,일상,NNG
경주 여행,고고학,NNG
경주 여행,일상,NNG
경주 여행,고고학,NNG
경주 여행,개정,NNG
경주 여행,증보판,NNG
경주 여행,일상,NNG
경주 여행,고고학,NNG
경주 여행,시리즈,NNG
경주 여행,황윤,NNG
경주 여행,지음,NNG
경주 여행,고양이,NNG
경주 여행,이야기,NNG
경주 여행,호기심,NNG
경주 여행,경북,NNP
경주 여행,황룡,NNG
경주 여행,사지,NNG
경주 여행,황화,NNG
경주 여행,코스모스,NNG
경주 여행,황룡,NNG
경주 여행,사지,NNG
경주 여행,황화,NNG
경주 여행,코스모스,NNG
경주 여행,지역,NNG
경주 여행,최고,NNG
경주 여행,기온,NNG
경주 여행,기록,NNG
경주 여행,폭염,NNG
경주 여행,특보,NNG
경주 여행,상태,NNG
경주 여행,사진,NNG
경주 여행,햇빛,NNG
경주 여행,구황동,NNP
경주 여행,분황,NNG
경주 여행,사지,NNG
경주 여행,황룡,NNG
경주 여행,사지,NNG
경주 여행,석빙고,NNG
경주 여행,볼거리,NNG
경주 여행,근처,NNG
경주 여행,안압,NNG
경주 여행,볼거리,NNG
경주 여행,석빙고,NNG
경주 여행,이번,NNG
경주 여행,석빙고,NNG
경주 여행,석빙고,NNG
경주 여행,영조,NNG
경주 여행,일종,NNG
경주 여행,얼음,NNG
경주 여행,창고,NNG
경주 여행,근처,NNG
경주 여행,첨성대,NNG
경주 여행,가본,NNG
경주 여행,동궁,NNG
경주 여행,커피,NNG
경주 여행,열매,NNG
경주 여행,노천온천,NNP
경주 여행,행복,NNG
경주 여행,황리,NNG
경주 여행,보문,NNG
경주 여행,왕릉,NNG
경주 여행,탐방,NNG
경주 여행,데이트,NNG
경주 여행,코스,NNG
경주 여행,황리,NNG
경주 여행,마음,NNG
경주 여행,낭만,NNG
경주 여행,경상도,NNP
경주 여행,거리,NNG
경주 여행,유적지,NNG
경주 여행,한옥,NNG
경주 여행,고도,NNG
경주 여행,밀면,NNP
경주 여행,가격,NNG
경주 여행,비빔,NNG
경주 여행,떡갈비,NNG
경주 여행,밥상,NNG
경주 여행,육수,NNG
경주 여행,평가,NNG
경주 여행,입맛,NNG
경주 여행,취향,NNG
경주 여행,엑스,NNG
경주 여행,포대,NNG
경주 여행,공원,NNG
경주 여행,애벌레,NNG
경주 여행,보문호,NNP
경주 여행,주변,NNG
경주 여행,엑스,NNG
경주 여행,포대,NNG
경주 여행,공원,NNG
경주 여행,입장,NNG
경주 여행,엑스포,NNG
경주 여행,기념관,NNG
경주 여행,천마,NNG
경주 여행,궁전,NNG
경주 여행,타워,NNG
경주 여행,솔거,NNG
경주 여행,미술관,NNG
경주 여행,자연사,NNG
경주 여행,박물관,NNG
경주 여행,동방역,NNP
경주 여행,능소화,NNG
경주 여행,서출지,NNG
경주 여행,경북,NNP
경주 여행,산림,NNG
경주 여행,연구원,NNG
경주 여행,동방역,NNP
경주 여행,능소화,NNG
경주 여행,서출지,NNG
경주 여행,경북,NNP
경주 여행,산림,NNG
경주 여행,연구원,NNG
경주 여행,모녀,NNG
경주 여행,바보,NNG
경주 여행,블로그,NNG
경주 여행,모녀,NNG
경주 여행,첨성대,NNG
경주 여행,야생,NNG
경주 여행,계림,NNG
경주 여행,월지,NNG
경주 여행,안압지,NNP
경주 여행,계림,NNP
경주 여행,월지,NNP
경주 여행,안압지,NNP
경주 여행,야경,NNG
경주 여행,박물관,NNG
경주 여행,김유신,NNP
경주 여행,장군,NNG
경주 여행,석굴암,NNG
경주 여행,알라딘,NNP
경주 여행,자평,NNG
경주 여행,일상,NNG
경주 여행,고고학,NNG
경주 여행,일상,NNG
경주 여행,고고학,NNG
경주 여행,개정,NNG
경주 여행,증보판,NNG
경주 여행,일상,NNG
경주 여행,고고학,NNG
경주 여행,시리즈,NNG
경주 여행,황윤,NNG
경주 여행,지음,NNG
경주 여행,고양이,NNG
경주 여행,평점,NNG
경주 여행,삼국,NNG
경주 여행,시대,NNG
경주 여행,자료,NNG
경주 여행,섭렵,NNG
경주 여행,소장,NNG
경주 여행,역사,NNG
경주 여행,학자,NNG
경주 여행,순수,NNG
경주 여행,시각,NNG
경주 여행,알라딘,NNP
경주 여행,일상,NNG
경주 여행,고고학,NNG
경주 여행,일상,NNG
경주 여행,고고학,NNG
경주 여행,개정,NNG
경주 여행,증보판,NNG
경주 여행,일상,NNG
경주 여행,고고학,NNG
경주 여행,시리즈,NNG
경주 여행,황윤,NNG
경주 여행,지음,NNG
경주 여행,고양이,NNG
경주 여행,평점,NNG
경주 여행,수학,NNG
경주 여행,추억,NNG
경주 여행,역사,NNG
경주 여행,경비,NNG
경주 여행,혼자,NNG
경주 여행,이동,NNG
경주 여행,수단,NNG
경주 여행,시외버스,NNG
경주 여행,버스,NNG
경주 여행,택시,NNG
경주 여행,시티투어,NNP
경주 여행,버스,NNG
경주 여행,기타,NNG
경주 여행,생필품,NNG
경주 여행,샴푸,NNG
경주 여행,린스,NNG
경주 여행,바디,NNG
경주 여행,워시,NNP
경주 여행,버블,NNG
경주 여행,경비,NNG
경주 여행,경북,NNP
경주 여행,현대,NNG
경주 여행,호텔,NNG
경주 여행,현대,NNP
경주 여행,호텔,NNG
경주 여행,현대,NNG
경주 여행,호텔,NNG
경주 여행,보문,NNP
경주 여행,수상,NNG
경주 여행,공연장,NNG
경주 여행,보문관광단지,NNP
경주 여행,보문호,NNP
경주 여행,신라,NNP
경주 여행,컨트리클럽,NNG
경주 여행,숙박,NNG
경주 여행,현대,NNG
경주 여행,호텔,NNG
경주 여행,방문,NNG
경주 여행,일자,NNG
경주 여행,현대,NNG
경주 여행,호텔,NNG
경주 여행,경북,NNP
경주 여행,신평동,NNP
경주 여행,석굴암,NNG
경주 여행,불국사,NNG
경주 여행,석굴암,NNG
경주 여행,불국사,NNG
경주 여행,일시,NNG
경주 여행,장소,NNG
경주 여행,석굴암,NNG
경주 여행,불국사,NNG
경주 여행,참여,NNG
경주 여행,우리,NP
경주 여행,가족,NNG
경주 여행,송국영,NNP
경주 여행,안종,NNP
경주 여행,송진주,NNP
경주 여행,김홍식,NNP
경주 여행,김연우,NNP
경주 여행,연주,NNP
경주 여행,조광민,NNP
경주 여행,대릉원,NNG
경주 여행,스탬프,NNG
경주 여행,투어,NNG
경주 여행,이야기,NNG
경주 여행,대릉원,NNG
경주 여행,천마,NNG
경주 여행,경북,NNP
경주 여행,스탬프,NNG
경주 여행,투어,NNG
경주 여행,오릉,NNG
경주 여행,대릉원,NNG
경주 여행,천마총,NNG
경주 여행,오릉,NNG
경주 여행,교촌,NNG
경주 여행,마을,NNG
경주 여행,투어,NNG
경주 여행,다음,NNG
경주 여행,오릉,NNG
경주 여행,교촌,NNG
경주 여행,마을,NNG
경주 여행,느낌,NNG
경주 여행,유적지,NNG
경주 여행,트레,NNP
경주 여행,대상지,NNG
경주 여행,유적지,NNG
경주 여행,트레,NNP
경주 여행,소재지,NNG
경주 여행,경북,NNP
경주 여행,동궁,NNG
경주 여행,월지,NNG
경주 여행,반월,NNG
경주 여행,교촌,NNG
경주 여행,대릉원,NNG
경주 여행,고분,NNG
경주 여행,분황사,NNG
경주 여행,황룡사,NNG
경주 여행,역사,NNG
경주 여행,문화원,NNG
경주 여행,동궁,NNG
경주 여행,월지,NNG
경주 여행,주차장,NNG
경주 여행,반월,NNG
경주 여행,동궁,NNG
경주 여행,월지,NNG
경주 여행,안압지,NNP
경주 여행,야경,NNG
경주 여행,해외,NNG
경주 여행,이야기,NNG
경주 여행,후기,NNG
경주 여행,동궁,NNG
경주 여행,월지,NNG
경주 여행,안압지,NNP
경주 여행,야경,NNG
경주 여행,훌리아,NNP
경주 여행,여름,NNG
경주 여행,사진,NNG
경주 여행,보관,NNG
경주 여행,구독,NNG
경주 여행,해외,NNG
경주 여행,이야기,NNG
경주 여행,후기,NNG
경주 여행,이야기,NNG
경주 여행,계명,NNG
경주 여행,대학교,NNG
경주 여행,동산,NNG
경주 여행,병원,NNG
경주 여행,일자,NNG
경주 여행,인원,NNG
경주 여행,친구,NNG
경주 여행,시외버스,NNG
경주 여행,터미널,NNG
경주 여행,경북,NNP
경주 여행,노서동,NNP
경주 여행,전화,NNG
경주 여행,시외버스,NNG
경주 여행,터미널,NNG
경주 여행,일요일,NNG
경주 여행,오전,NNG
경주 여행,오후,NNG
경주 여행,고향,NNG
경주 여행,친구,NNG
경주 여행,신라,NNP
경주 여행,대종,NNG
경주 여행,장맛비,NNG
경주 여행,시작,NNG
경주 여행,육월,NNP
경주 여행,중순,NNG
경주 여행,고향,NNG
경주 여행,친구,NNG
경주 여행,대릉원,NNG
경주 여행,돌담길,NNP
경주 여행,황리,NNG
경주 여행,알라딘,NNP
경주 여행,자평,NNG
경주 여행,일상,NNG
경주 여행,고고학,NNG
경주 여행,일상,NNG
경주 여행,고고학,NNG
경주 여행,개정,NNG
경주 여행,증보판,NNG
경주 여행,일상,NNG
경주 여행,고고학,NNG
경주 여행,시리즈,NNG
경주 여행,황윤,NNG
경주 여행,지음,NNG
경주 여행,고양이,NNG
경주 여행,길잡이,NNG
경주 여행,이해,NNG
경주 여행,코스,NNG
경주 여행,베스트,NNG
경주 여행,추천,NNG
경주 여행,코스,NNG
경주 여행,베스트,NNG
경주 여행,추천,NNG
경주 여행,코스,NNG
경주 여행,베스트,NNG
경주 여행,추천,NNG
경주 여행,소개,NNG
경주 여행,황리,NNG
경주 여행,상호,NNG
경주 여행,황리,NNG
경주 여행,주소,NNG
경주 여행,경상북도,NNP
경주 여행,황남동,NNP
경주 여행,전화,NNG
경주 여행,번호,NNG
경주 여행,입력,NNG
경주 여행,관련,NNG
경주 여행,키워드,NNP
경주 여행,키워드,NNP
경주 여행,코스,NNG
경주 여행,불국사,NNP
경주 여행,석굴암,NNG
경주 여행,중교,NNG
경주 여행,서울,NNP
경주 여행,불국사,NNP
경주 여행,불국사,NNP
경주 여행,국보,NNG
경주 여행,다보탑,NNG
경주 여행,석가탑,NNG
경주 여행,석굴암,NNG
경주 여행,입장료,NNG
경주 여행,불국사,NNG
경주 여행,스탬프,NNG
경주 여행,투어,NNG
경주 여행,이야기,NNG
경주 여행,불국사,NNP
경주 여행,석굴암,NNG
경주 여행,경북,NNP
경주 여행,스탬프,NNG
경주 여행,투어,NNG
경주 여행,가을,NNG
경주 여행,불국사,NNG
경주 여행,석굴암,NNG
경주 여행,동리,NNG
경주 여행,문학관,NNG
경주 여행,구경,NNG
경주 여행,다음,NNG
경주 여행,장소,NNG
경주 여행,핵심,NNG
경주 여행,메카,NNP
경주 여행,불국사,NNP
경주 여행,석굴암,NNG
경주 여행,황리,NNG
경주 여행,한옥,NNG
경주 여행,카페,NNG
경주 여행,추천,NNG
경주 여행,카페,NNP
경주 여행,아덴,NNP
경주 여행,카페,NNP
경주 여행,아덴,NNP
경주 여행,위치,NNG
경주 여행,경북,NNP
경주 여행,사정,NNG
경주 여행,운영,NNG
경주 여행,시간,NNG
경주 여행,실시간,NNG
경주 여행,예보,NNG
경주 여행,커피,NNG
경주 여행,아덴,NNP
경주 여행,시그,NNP
경주 여행,알라딘,NNP
경주 여행,자평,NNG
경주 여행,일상,NNG
경주 여행,고고학,NNG
경주 여행,일상,NNG
경주 여행,고고학,NNG
경주 여행,개정,NNG
경주 여행,증보판,NNG
경주 여행,일상,NNG
경주 여행,고고학,NNG
경주 여행,시리즈,NNG
경주 여행,황윤,NNG
경주 여행,지음,NNG
경주 여행,고양이,NNG
경주 여행,평점,NNG
경주 여행,기대,NNG
경주 여행,알라딘,NNP
경주 여행,서재,NNP
경주 여행,필수,NNG
경주 여행,필요,NNG
경주 여행,지식,NNG
경주 여행,설명,NNG
경주 여행,이해,NNG
경주 여행,사진,NNG
경주 여행,정보,NNG
경주 여행,서울,NNP
경주 여행,역사,NNG
경주 여행,한옥,NNG
경주 여행,독서,NNG
경주 여행,모임,NNG
경주 여행,주문,NNG
경주 여행,역사,NNG
경주 여행,예정,NNG
경주 여행,대릉원,NNG
경주 여행,대릉원,NNG
경주 여행,담장,NNG
경주 여행,이번,NNG
경주 여행,가을,NNG
경주 여행,만끽,NNG
경주 여행,컨셉,NNG
경주 여행,가을,NNG
경주 여행,분위기,NNG
경주 여행,고조,NNG
경주 여행,벚나무,NNG
경주 여행,좌우,NNG
경주 여행,슈만,NNP
경주 여행,클라라,NNP
경주 여행,도착,NNG
경주 여행,슈만,NNP
경주 여행,클라라,NNP
경주 여행,위치,NNG
경주 여행,요기,NP
경주 여행,여기,NP
경주 여행,버스,NNG
경주 여행,버스,NNG
경주 여행,택시,NNG
경주 여행,다음,NNG
경주 여행,문제,NNG
경주 여행,첨성대,NNG
경주 여행,대릉원,NNG
경주 여행,주차,NNG
경주 여행,주차장,NNG
경주 여행,대릉원,NNG
경주 여행,주차장,NNG
경주 여행,여기,NP
경주 여행,매표,NNG
경주 여행,혼자,NNG
경주 여행,필요,NNG
경주 여행,드라이브,NNG
경주 여행,그곳,NP
경주 여행,첨성대,NNG
경주 여행,봄꽃,NNG
경주 여행,마지막,NNG
경주 여행,월요일,NNG
경주 여행,벚꽃,NNG
경주 여행,상춘객,NNG
경주 여행,점심,NNG
경주 여행,집사람,NNG
경주 여행,국도,NNG
경주 여행,곳곳,NNG
경주 여행,벚꽃,NNG
경주 여행,자랑,NNG
경주 여행,열중,NNG
경주 여행,황리,NNG
경주 여행,맛집,NNG
경주 여행,여도,NNG
경주 여행,영업,NNG
경주 여행,종료,NNG
경주 여행,오늘,NNG
경주 여행,맛집,NNG
경주 여행,황리,NNG
경주 여행,맛집,NNG
경주 여행,여주,NNG
경주 여행,이야기,NNG
경주 여행,여도,NNG
경주 여행,저희,NP
경주 여행,기록,NNG
경주 여행,포스팅,NNP
경주 여행,진행,NNG
경주 여행,참고,NNG
경주 여행,한옥,NNP
경주 여행,외관,NNG
경주 여행,눈길,NNG
경주 여행,성동,NNG
경주 여행,시장,NNG
경주 여행,구경,NNG
경주 여행,가을,NNG
경주 여행,기차,NNG
경주 여행,피날레,NNG
경주 여행,가을,NNG
경주 여행,기차,NNG
경주 여행,단풍,NNG
경주 여행,은행,NNG
경주 여행,낙엽,NNG
경주 여행,언니,NNG
경주 여행,수고,NNG
경주 여행,숙소,NNG
경주 여행,변경,NNG
경주 여행,지도자,NNG
경주 여행,언니,NNG
경주 여행,황리,NNG
경주 여행,주전부리,NNG
경주 여행,황금,NNG
경주 여행,황남,NNG
경주 여행,옥수수,NNG
경주 여행,청년,NNG
경주 여행,분식,NNG
경주 여행,황리,NNG
경주 여행,주전부리,NNG
경주 여행,저녁,NNG
경주 여행,황리,NNG
경주 여행,주전부리,NNG
경주 여행,결론,NNG
경주 여행,청년,NNG
경주 여행,분식,NNG
경주 여행,황남,NNG
경주 여행,옥수수,NNG
경주 여행,청년,NNG
경주 여행,분식,NNG
경주 여행,쥬얼,NNP
경주 여행,유혹,NNG
경주 여행,마지막,NNG
경주 여행,선물,NNG
경주 여행,눈발,NNG
경주 여행,시작,NNG
경주 여행,세상,NNG
경주 여행,눈길,NNG
경주 여행,산책,NNG
경주 여행,불국사,NNP
경주 여행,기차,NNG
경주 여행,마무리,NNG
경주 여행,하늘,NNG
경주 여행,야경,NNG
경주 여행,매력,NNG
경주 여행,정교,NNG
경주 여행,분위기,NNG
경주 여행,저녁,NNG
경주 여행,정교,NNG
경주 여행,방문,NNG
경주 여행,추천,NNG
경주 여행,정교,NNG
경주 여행,사진,NNG
경주 여행,정교,NNG
경주 여행,야경,NNG
경주 여행,마지막,NNG
경주 여행,여기,NP
경주 여행,신라,NNP
경주 여행,신라,NNP
경주 여행,해장국,NNG
경주 여행,황남,NNG
경주 여행,맷돌,NNG
경주 여행,순두부,NNG
경주 여행,두부,NNG
경주 여행,보쌈,NNG
경주 여행,제육,NNG
경주 여행,순두부찌개,NNG
경주 여행,황남,NNG
경주 여행,맷돌,NNG
경주 여행,순두부,NNG
경주 여행,영업시간,NNG
경주 여행,황리,NNG
경주 여행,시작,NNG
경주 여행,밥집,NNG
경주 여행,영업,NNG
경주 여행,마감,NNG
경주 여행,고기,NNG
경주 여행,두부,NNG
경주 여행,순두부찌개,NNG
경주 여행,호랑이,NNG
경주 여행,막걸리,NNG
경주 여행,울주,NNP
경주 여행,새벽,NNG
경주 여행,하늘,NNG
경주 여행,예쁘다,NNP
경주 여행,월드,NNG
경주 여행,판다,NNG
경주 여행,점심,NNG
경주 여행,친절,NNG
경주 여행,떡갈비,NNG
경주 여행,계란찜,NNG
경주 여행,풍경,NNG
경주 여행,행복,NNG
경주 여행,울주,NNP
경주 여행,서출지,NNG
경주 여행,날씨,NNG
경주 여행,촬영,NNG
경주 여행,사진가,NNG
경주 여행,미안,NNG
경주 여행,생각,NNG
경주 여행,날씨,NNG
경주 여행,촬영,NNG
경주 여행,대작,NNG
경주 여행,알라딘,NNP
경주 여행,자평,NNG
경주 여행,우리,NP
경주 여행,우리,NP
경주 여행,세계,NNG
경주 여행,문화유산,NNG
경주 여행,개정판,NNG
경주 여행,답사,NNG
경주 여행,역사,NNG
경주 여행,박광일,NNP
경주 여행,전향,NNG
경주 여행,이야기,NNG
경주 여행,기획,NNG
경주 여행,성당,NNG
경주 여행,평점,NNG
경주 여행,초등,NNG
경주 여행,학교,NNG
경주 여행,학생,NNG
경주 여행,수학,NNG
경주 여행,알라딘,NNP
경주 여행,자평,NNG
경주 여행,일상,NNG
경주 여행,고고학,NNG
경주 여행,일상,NNG
경주 여행,고고학,NNG
경주 여행,개정,NNG
경주 여행,증보판,NNG
경주 여행,일상,NNG
경주 여행,고고학,NNG
경주 여행,시리즈,NNG
경주 여행,황윤,NNG
경주 여행,지음,NNG
경주 여행,고양이,NNG
경주 여행,타임캡슐,NNG
경주 여행,신라,NNG
경주 여행,특별,NNG
경주 여행,시간,NNG
경주 여행,압지,NNG
경주 여행,야경,NNG
경주 여행,투어,NNG
경주 여행,방문,NNG
경주 여행,보름달,NNG
경주 여행,하늘,NNG
경주 여행,황청,NNG
경주 여행,연못,NNG
경주 여행,야경,NNG
경주 여행,야경,NNG
경주 여행,이곳,NP
경주 여행,압지,NNG
경주 여행,오늘,NNG
경주 여행,날씨,NNG
경주 여행,마을,NNG
경주 여행,식당,NNG
경주 여행,양념,NNG
경주 여행,게장,NNG
경주 여행,점심,NNG
경주 여행,힐튼,NNP
경주 여행,호텔,NNG
경주 여행,커피,NNG
경주 여행,한잔,NNG
경주 여행,보문,NNG
경주 여행,나무,NNG
경주 여행,감상,NNG
경주 여행,커피,NNG
경주 여행,한잔,NNG
경주 여행,스콘,NNP
경주 여행,행복,NNG
경주 여행,월드,NNG
경주 여행,관람,NNG
경주 여행,알라딘,NNP
경주 여행,자평,NNG
경주 여행,우리,NP
경주 여행,우리,NP
경주 여행,신라,NNG
경주 여행,답사,NNG
경주 여행,역사,NNG
경주 여행,박광일,NNP
경주 여행,평점,NNG
경주 여행,구판,NNG
경주 여행,절판,NNG
경주 여행,아이,NNG
경주 여행,눈높이,NNG
경주 여행,알라딘,NNP
경주 여행,자평,NNG
경주 여행,일상,NNG
경주 여행,고고학,NNG
경주 여행,일상,NNG
경주 여행,고고학,NNG
경주 여행,개정,NNG
경주 여행,증보판,NNG
경주 여행,일상,NNG
경주 여행,고고학,NNG
경주 여행,시리즈,NNG
경주 여행,황윤,NNG
경주 여행,지음,NNG
경주 여행,고양이,NNG
경주 여행,평점,NNG
경주 여행,유익,NNG
경주 여행,알라딘,NNP
경주 여행,역사,NNG
경주 여행,관심,NNG
경주 여행,시작,NNG
경주 여행,생각,NNG
경주 여행,마음,NNG
경주 여행,기억,NNG
경주 여행,아이,NNG
경주 여행,신라,NNG
경주 여행,동안,NNG
경주 여행,내용,NNG
경주 여행,생각,NNG
경주 여행,유적지,NNG
경주 여행,매화,NNG
경주 여행,산수유,NNG
경주 여행,만발,NNG
경주 여행,보문,NNG
경주 여행,호수,NNG
경주 여행,산책,NNG
경주 여행,행복,NNG
경주 여행,마무리,NNG
경주 여행,알라딘,NNP
경주 여행,자평,NNG
경주 여행,일상,NNG
경주 여행,고고학,NNG
경주 여행,일상,NNG
경주 여행,고고학,NNG
경주 여행,일상,NNG
경주 여행,시리즈,NNG
경주 여행,황윤,NNG
경주 여행,지음,NNG
경주 여행,고양이,NNG
경주 여행,평점,NNG
경주 여행,마니아,NNG
경주 여행,탐방기,NNG
경주 여행,설명,NNG
경주 여행,알라딘,NNP
경주 여행,자평,NNG
경주 여행,일상,NNG
경주 여행,고고학,NNG
경주 여행,일상,NNG
경주 여행,고고학,NNG
경주 여행,개정,NNG
경주 여행,증보판,NNG
경주 여행,일상,NNG
경주 여행,고고학,NNG
경주 여행,시리즈,NNG
경주 여행,황윤,NNG
경주 여행,지음,NNG
경주 여행,고양이,NNG
경주 여행,평점,NNG
경주 여행,풍경,NNG
경주 여행,고고학,NNG
경주 여행,우리,NP
경주 여행,지적,NNG
경주 여행,힐링,NNG
경주 여행,주상,NNG
경주 여행,절리,NNG
경주 여행,스탬프,NNG
경주 여행,투어,NNG
경주 여행,목적지,NNG
경주 여행,주상,NNG
경주 여행,스탬프,NNG
경주 여행,투어,NNG
경주 여행,주상,NNG
경주 여행,절리,NNG
경주 여행,해변,NNG
경주 여행,둘레길,NNP
경주 여행,주상,NNG
경주 여행,절리,NNG
경주 여행,파도,NNG
경주 여행,소리,NNG
경주 여행,시작,NNG
경주 여행,오랫만,NNG
경주 여행,밤잠,NNG
경주 여행,시계,NNG
경주 여행,시간,NNG
경주 여행,불국사,NNP
경주 여행,황남빵,NNP
경주 여행,교리,NNG
경주 여행,김밥,NNG
경주 여행,내소,NNG
경주 여행,불국사,NNP
경주 여행,황남빵,NNP
경주 여행,교리,NNG
경주 여행,김밥,NNG
경주 여행,산내,NNG
경주 여행,소고기,NNG
경주 여행,울산,NNP
경주 여행,후배,NNG
경주 여행,울산,NNP
경주 여행,불국사,NNG
경주 여행,천마총,NNG
경주 여행,첨성대,NNG
경주 여행,나무,NNG
경주 여행,그늘,NNG
경주 여행,내부,NNG
경주 여행,전경,NNG
경주 여행,알라딘,NNP
경주 여행,자평,NNG
경주 여행,일상,NNG
경주 여행,고고학,NNG
경주 여행,개정,NNG
경주 여행,증보판,NNG
경주 여행,일상,NNG
경주 여행,고고학,NNG
경주 여행,시리즈,NNG
경주 여행,황윤,NNG
경주 여행,지음,NNG
경주 여행,고양이,NNG
경주 여행,평점,NNG
경주 여행,학교,NNG
경주 여행,공부,NNG
경주 여행,느낌,NNG
경주 여행,가보세요,NNG
경주 여행,알라딘,NNP
경주 여행,자평,NNG
경주 여행,일상,NNG
경주 여행,고고학,NNG
경주 여행,혼자,NNG
경주 여행,개정,NNG
경주 여행,증보판,NNG
경주 여행,일상,NNG
경주 여행,고고학,NNG
경주 여행,시리즈,NNG
경주 여행,황윤,NNG
경주 여행,지음,NNG
경주 여행,고양이,NNG
경주 여행,평점,NNG
경주 여행,이야기,NNG
경주 여행,작가,NNG
경주 여행,혼자,NNG
경주 여행,기대,NNG
경주 여행,매화꽃,NNG
경주 여행,산수유,NNG
경주 여행,날씨,NNG
경주 여행,바람,NNG
경주 여행,햇살,NNG
경주 여행,점심,NNG
경주 여행,황룡,NNG
경주 여행,동국,NNG
경주 여행,재단,NNG
경주 여행,운영,NNG
경주 여행,연수원,NNG
경주 여행,맷돌,NNG
경주 여행,순부,NNG
경주 여행,옆집,NNG
경주 여행,정화,NNG
경주 여행,송이,NNG
경주 여행,순두부,NNG
경주 여행,맛집,NNG
경주 여행,옆집,NNG
경주 여행,가격,NNG
경주 여행,기본,NNG
경주 여행,반찬,NNG
경주 여행,생선,NNG
경주 여행,구이,NNG
경주 여행,후배,NNG
경주 여행,순두부,NNG
경주 여행,순두부,NNG
경주 여행,파전,NNG
경주 여행,주문,NNG
경주 여행,새송이,NNP
경주 여행,탁주,NNG
경주 여행,주문,NNG
경주 여행,낮술,NNG
경주 여행,남산,NNP
경주 여행,칠불암,NNG
경주 여행,케이트,NNP
경주 여행,진입,NNG
경주 여행,서라벌,NNP
경주 여행,휴게소,NNG
경주 여행,통일전,NNP
경주 여행,주차장,NNG
경주 여행,주차,NNG
경주 여행,염불,NNG
경주 여행,사지,NNG
경주 여행,삼층석탑,NNP
경주 여행,주차,NNG
경주 여행,여기,NP
경주 여행,도착,NNG
경주 여행,주차,NNG
경주 여행,아침,NNG
경주 여행,국내,NNG
경주 여행,사진,NNG
경주 여행,국내,NNG
경주 여행,테마,NNG
경주 여행,벚꽃,NNG
경주 여행,시기,NNG
경주 여행,아쉬움,NNG
경주 여행,대능원,NNP
경주 여행,출입문,NNG
경주 여행,능원,NNG
경주 여행,소나무,NNG
경주 여행,천마총,NNG
경주 여행,안압지,NNP
경주 여행,분황사,NNG
경주 여행,모전,NNG
경주 여행,석탑,NNG
경주 여행,원래,NNG
경주 여행,알라딘,NNP
경주 여행,자평,NNG
경주 여행,일상,NNG
경주 여행,고고학,NNG
경주 여행,일상,NNG
경주 여행,고고학,NNG
경주 여행,개정,NNG
경주 여행,증보판,NNG
경주 여행,일상,NNG
경주 여행,고고학,NNG
경주 여행,시리즈,NNG
경주 여행,황윤,NNG
경주 여행,지음,NNG
경주 여행,고양이,NNG
경주 여행,평점,NNG
경주 여행,마음,NNG
경주 여행,중학교,NNG
경주 여행,수학,NNG
경주 여행,힐튼,NNP
경주 여행,호텔,NNG
경주 여행,한국,NNP
경주 여행,서울,NNP
경주 여행,호텔,NNG
경주 여행,체인,NNG
경주 여행,이상,NNG
경주 여행,두산,NNP
경주 여행,참고,NNG
경주 여행,미국,NNP
경주 여행,모델,NNG
경주 여행,손님,NNG
경주 여행,배려,NNG
경주 여행,호텔,NNG
경주 여행,토함산,NNP
경주 여행,단풍,NNG
경주 여행,터널,NNG
경주 여행,자연,NNG
경주 여행,수채화,NNG
경주 여행,단풍,NNG
경주 여행,숲길,NNG
경주 여행,불국사,NNP
경주 여행,석굴암,NNG
경주 여행,토함산,NNP
경주 여행,숲길,NNG
경주 여행,월산,NNG
경주 여행,고갯길,NNG
경주 여행,신라,NNP
경주 여행,역사,NNG
경주 여행,시내,NNG
경주 여행,배롱나무,NNG
경주 여행,첨성대,NNG
경주 여행,야경,NNG
경주 여행,수학,NNG
경주 여행,사람,NNG
경주 여행,자녀,NNG
경주 여행,역사,NNG
경주 여행,유적,NNG
경주 여행,답사,NNG
경주 여행,동행,NNG
경주 여행,생각,NNG
경주 여행,국내,NNG
경주 여행,특징,NNG
경주 여행,평온,NNG
경주 여행,자연,NNG
경주 여행,황리,NNG
경주 여행,카페,NNG
경주 여행,카페,NNG
경주 여행,카페,NNG
경주 여행,황리,NNG
경주 여행,거리,NNG
경주 여행,위치,NNG
경주 여행,거리,NNG
경주 여행,인테리어,NNG
경주 여행,눈길,NNG
경주 여행,카페,NNG
경주 여행,황리,NNG
경주 여행,카페,NNG
경주 여행,카페,NNG
경주 여행,날씨,NNG
경주 여행,경북,NNP
경주 여행,국밥,NNG
경주 여행,맛집,NNG
경주 여행,보문,NNG
경주 여행,경북,NNP
경주 여행,교촌,NNP
경주 여행,마을,NNG
경주 여행,교촌,NNG
경주 여행,보관,NNG
경주 여행,아이,NNG
경주 여행,가족,NNG
경주 여행,가족,NNG
경주 여행,기록,NNG
경주 여행,오늘,NNG
경주 여행,가족,NNG
경주 여행,모임,NNG
경주 여행,경북,NNP
경주 여행,불국사역,NNP
경주 여행,동대구,NNG
경주 여행,기차,NNG
경주 여행,무궁화호,NNP
경주 여행,시간,NNG
경주 여행,시외,NNG
경주 여행,고속,NNG
경주 여행,버스,NNG
경주 여행,터미널,NNG
경주 여행,거리,NNG
경주 여행,어디,NP
경주 여행,대중,NNG
경주 여행,교통,NNG
경주 여행,종류,NNG
경주 여행,서울,NNP
경주 여행,대전,NNP
경주 여행,이상,NNG
경주 여행,코스,NNG
경주 여행,하늘,NNG
경주 여행,구름,NNG
경주 여행,고속도로,NNP
경주 여행,오늘,NNG
경주 여행,힐링,NNG
경주 여행,산송,NNG
경주 여행,한우구,NNP
경주 여행,언양,NNP
경주 여행,불고기,NNG
경주 여행,더덕구이,NNG
경주 여행,라떼,NNG
경주 여행,한잔,NNG
경주 여행,노천온천,NNP
경주 여행,하늘,NNG
경주 여행,알라딘,NNP
경주 여행,자평,NNG
경주 여행,일상,NNG
경주 여행,고고학,NNG
경주 여행,평점,NNG
경주 여행,가을,NNG
경주 여행,실천,NNG
경주 여행,사람,NNG
경주 여행,기대,NNG
경주 여행,알라딘,NNP
경주 여행,자평,NNG
경주 여행,일상,NNG
경주 여행,고고학,NNG
경주 여행,지음,NNG
경주 여행,고양이,NNG
경주 여행,평점,NNG
경주 여행,도시,NNG
경주 여행,시간,NNG
경주 여행,기분,NNG
경주 여행,행복,NNG
경주 여행,코로나,NNP
경주 여행,알라딘,NNP
경주 여행,자평,NNG
경주 여행,일상,NNG
경주 여행,고고학,NNG
경주 여행,일상,NNG
경주 여행,고고학,NNG
경주 여행,개정,NNG
경주 여행,증보판,NNG
경주 여행,일상,NNG
경주 여행,고고학,NNG
경주 여행,시리즈,NNG
경주 여행,황윤,NNG
경주 여행,지음,NNG
경주 여행,고양이,NNG
경주 여행,평점,NNG
경주 여행,수학,NNG
경주 여행,이후,NNG
경주 여행,생각,NNG
경주 여행,나정,NNG
경주 여행,맛집,NNG
경주 여행,나정,NNG
경주 여행,라면,NNG
경주 여행,맛집,NNG
경주 여행,에도,NNP
경주 여행,바다,NNG
경주 여행,나정,NNG
경주 여행,스토리,NNG
경주 여행,에도,NNP
경주 여행,바다,NNG
경주 여행,사실,NNG
경주 여행,아시나,NNP
경주 여행,바다,NNG
경주 여행,남편,NNG
경주 여행,역사,NNG
경주 여행,유적지,NNG
경주 여행,가을,NNG
경주 여행,도착,NNG
경주 여행,오늘,NNG
경주 여행,작년,NNG
경주 여행,여름,NNG
경주 여행,코스,NNG
경주 여행,서출지,NNG
경주 여행,통일전,NNP
경주 여행,산림,NNG
경주 여행,연구원,NNG
경주 여행,핑크,NNG
경주 여행,첨성대,NNG
경주 여행,주변,NNG
경주 여행,황리,NNG
경주 여행,구경,NNG
경주 여행,점심,NNG
경주 여행,커피,NNG
경주 여행,조금,NNG
경주 여행,가을,NNG
경주 여행,알라딘,NNP
경주 여행,자평,NNG
경주 여행,일상,NNG
경주 여행,고고학,NNG
경주 여행,일상,NNG
경주 여행,고고학,NNG
경주 여행,개정,NNG
경주 여행,증보판,NNG
경주 여행,일상,NNG
경주 여행,고고학,NNG
경주 여행,시리즈,NNG
경주 여행,황윤,NNG
경주 여행,지음,NNG
경주 여행,고양이,NNG
경주 여행,평점,NNG
경주 여행,구경,NNG
경주 여행,코로나,NNP
경주 여행,알라딘,NNP
경주 여행,자평,NNG
경주 여행,일상,NNG
경주 여행,고고학,NNG
경주 여행,출간,NNG
경주 여행,일상,NNG
경주 여행,고고학,NNG
경주 여행,혼자,NNG
경주 여행,백제,NNG
경주 여행,이번,NNG
경주 여행,전작,NNG
경주 여행,백제,NNG
경주 여행,만족,NNG
경주 여행,이번,NNG
경주 여행,탑승,NNG
경주 여행,알라딘,NNP
경주 여행,자평,NNG
경주 여행,일상,NNG
경주 여행,고고학,NNG
경주 여행,일상,NNG
경주 여행,고고학,NNG
경주 여행,개정,NNG
경주 여행,증보판,NNG
경주 여행,일상,NNG
경주 여행,고고학,NNG
경주 여행,시리즈,NNG
경주 여행,황윤,NNG
경주 여행,지음,NNG
경주 여행,고양이,NNG
경주 여행,평점,NNG
경주 여행,수학,NNG
경주 여행,역사,NNG
경주 여행,의미,NNG
경주 여행,이제,NNG
경주 여행,풍경,NNG
경주 여행,경북,NNP
경주 여행,불국사,NNG
경주 여행,겹벚꽃,NNG
경주 여행,벚꽃,NNG
경주 여행,벚꽃,NNG
경주 여행,고수,NNG
경주 여행,티켓,NNG
경주 여행,예약,NNG
경주 여행,지역,NNG
경주 여행,벚꽃,NNG
경주 여행,불국사,NNG
경주 여행,겹벚꽃,NNG
경주 여행,불국사,NNP
경주 여행,입구,NNG
경주 여행,경북,NNP
경주 여행,목련,NNG
경주 여행,대릉원,NNG
경주 여행,목련,NNG
경주 여행,풍경,NNG
경주 여행,최근,NNG
경주 여행,코스,NNG
경주 여행,야경,NNG
경주 여행,연인,NNG
경주 여행,당신,NP
경주 여행,야경,NNG
경주 여행,투어,NNG
경주 여행,코스,NNG
경주 여행,소개,NNG
경주 여행,준비,NNG
경주 여행,보문,NNG
경주 여행,벚꽃,NNG
경주 여행,보문호,NNP
경주 여행,선사,NNG
경주 여행,최적,NNG
경주 여행,지이,NNG
경주 여행,도로,NNG
경주 여행,꽃길,NNG
경주 여행,시각,NNG
경주 여행,힐링,NNG
경주 여행,만개,NNG
경주 여행,경관,NNG
경주 여행,보문,NNG
경주 여행,단지,NNG
경주 여행,시가지,NNG
경주 여행,동쪽,NNG
경주 여행,정도,NNG
경주 여행,활산,NNP
경주 여행,성터,NNG
경주 여행,경북,NNP
경주 여행,다리,NNG
경주 여행,정교,NNG
경주 여행,교촌,NNG
경주 여행,마을,NNG
경주 여행,도착,NNG
경주 여행,행사,NNG
경주 여행,최근,NNG
경주 여행,연인,NNG
경주 여행,당신,NP
경주 여행,야경,NNG
경주 여행,투어,NNG
경주 여행,코스,NNG
경주 여행,소개,NNG
경주 여행,준비,NNG
경주 여행,패밀리,NNG
경주 여행,일상,NNG
경주 여행,오늘,NNG
경주 여행,목적지,NNG
경주 여행,회사,NNG
경주 여행,제휴,NNG
경주 여행,숙소,NNG
경주 여행,예약,NNG
경주 여행,도착,NNG
경주 여행,우리,NP
경주 여행,가족,NNG
경주 여행,국수집,NNG
경주 여행,와이프,NNG
경주 여행,검색,NNG
경주 여행,갈비,NNG
경주 여행,국수,NNG
경주 여행,아기,NNG
경주 여행,후기,NNG
경주 여행,정글,NNG
경주 여행,법칙,NNG
경주 여행,미디어,NNG
경주 여행,파크,NNG
경주 여행,버드,NNP
경주 여행,파크,NNG
경주 여행,일정,NNG
경주 여행,버드,NNP
경주 여행,파크,NNG
경주 여행,위치,NNG
경주 여행,경북,NNP
경주 여행,보문,NNG
경주 여행,북군동,NNP
경주 여행,전화,NNG
경주 여행,운영,NNG
경주 여행,시간,NNG
경주 여행,입장료,NNG
경주 여행,대인,NNG
경주 여행,소인,NNG
경주 여행,사람,NNG
경주 여행,지인,NNG
경주 여행,경험,NNG
경주 여행,생각,NNG
경주 여행,주목,NNG
경주 여행,장소,NNG
경주 여행,정리,NNG
경주 여행,산사,NNG
경주 여행,옥천사,NNG
경주 여행,수학,NNG
경주 여행,성지,NNG
경주 여행,역사,NNG
경주 여행,탐방,NNG
경주 여행,중심지,NNG
경주 여행,주변,NNG
경주 여행,세계,NNG
경주 여행,문화유산,NNG
경주 여행,양동,NNP
경주 여행,마을,NNG
경주 여행,시간,NNG
경주 여행,조상,NNG
경주 여행,모습,NNG
경주 여행,간직,NNG
경주 여행,숨결,NNG
경주 여행,양동,NNP
경주 여행,마을,NNG
경주 여행,제격,NNG
경주 여행,경상북도,NNP
경주 여행,강동면,NNP
경주 여행,양동,NNP
경주 여행,마을,NNG
경주 여행,지번,NNG
경주 여행,경상북도,NNP
경주 여행,강동면,NNP
경주 여행,울산,NNP
경주 여행,동궁,NNG
경주 여행,월지,NNG
경주 여행,누리,NNG
경주 여행,정원,NNG
경주 여행,성호,NNG
경주 여행,리조트,NNG
경주 여행,장생포,NNG
경주 여행,고래,NNG
경주 여행,문화,NNG
경주 여행,특구,NNP
경주 여행,이름,NNG
경주 여행,고래,NNG
경주 여행,주제,NNG
경주 여행,관광지,NNG
경주 여행,형성,NNG
경주 여행,박물관,NNG
경주 여행,생태,NNG
경주 여행,국내,NNG
경주 여행,울산,NNP
경주 여행,출장,NNG
경주 여행,조식,NNG
경주 여행,제공,NNG
경주 여행,에이치,NNG
경주 여행,비뉴,NNG
경주 여행,호텔,NNG
경주 여행,불국사,NNP
경주 여행,도보,NNG
경주 여행,거리,NNG
경주 여행,피로,NNG
경주 여행,조금,NNG
경주 여행,아침,NNG
경주 여행,불국사,NNG
경주 여행,방문,NNG
경주 여행,고요,NNG
경주 여행,분위기,NNG
경주 여행,산책,NNG
경주 여행,최적,NNG
경주 여행,위치,NNG
경주 여행,스테이,NNG
경주 여행,루비,NNG
경주 여행,정원,NNG
경주 여행,연휴,NNG
경주 여행,시작,NNG
경주 여행,신청,NNG
경주 여행,센터,NNG
경주 여행,부지,NNG
경주 여행,자리,NNG
경주 여행,역사,NNG
경주 여행,마당,NNG
경주 여행,연휴,NNG
경주 여행,계획,NNG
경주 여행,이용,NNG
경주 여행,루비,NNG
경주 여행,알라딘,NNP
경주 여행,자평,NNG
경주 여행,일상,NNG
경주 여행,고고학,NNG
경주 여행,일상,NNG
경주 여행,고고학,NNG
경주 여행,개정,NNG
경주 여행,증보판,NNG
경주 여행,일상,NNG
경주 여행,고고학,NNG
경주 여행,시리즈,NNG
경주 여행,황윤,NNG
경주 여행,지음,NNG
경주 여행,고양이,NNG
경주 여행,평점,NNG
경주 여행,역사,NNG
경주 여행,사랑,NNG
경주 여행,사람,NNG
경주 여행,사랑,NNG
경주 여행,평화,NNG
경주 여행,강릉,NNP
경주 여행,서나,NNG
경주 여행,강릉,NNP
경주 여행,한옥,NNG
경주 여행,숙소,NNG
경주 여행,소설,NNG
경주 여행,첨성,NNG
경주 여행,대점,NNG
경주 여행,비향,NNP
경주 여행,한옥,NNG
경주 여행,숙소,NNG
경주 여행,이름,NNG
경주 여행,소설,NNG
경주 여행,첨성,NNG
경주 여행,대점,NNG
경주 여행,첨성대,NNG
경주 여행,첨성,NNG
경주 여행,대점,NNG
경주 여행,한옥,NNG
경주 여행,소설,NNG
경주 여행,인기,NNG
경주 여행,주말,NNG
경주 여행,알라딘,NNP
경주 여행,황금,NNG
경주 여행,호두,NNG
경주 여행,무웅,NNP
경주 여행,코스,NNG
경주 여행,느낌,NNG
경주 여행,느낌,NNG
경주 여행,신라,NNP
경주 여행,아이,NNG
경주 여행,티비,NNG
경주 여행,이동은,NNP
경주 여행,기차,NNG
경주 여행,자전거,NNG
경주 여행,도보,NNG
경주 여행,버스,NNG
경주 여행,투어,NNG
경주 여행,가능,NNG
경주 여행,코스,NNG
경주 여행,시내,NNG
경주 여행,천마총,NNG
경주 여행,왕릉,NNG
경주 여행,첨성대,NNG
경주 여행,계림,NNG
경주 여행,포석정,NNP
경주 여행,안압지,NNP
경주 여행,알라딘,NNP
경주 여행,자평,NNG
경주 여행,일상,NNG
경주 여행,고고학,NNG
경주 여행,일상,NNG
경주 여행,고고학,NNG
경주 여행,개정,NNG
경주 여행,증보판,NNG
경주 여행,일상,NNG
경주 여행,고고학,NNG
경주 여행,시리즈,NNG
경주 여행,황윤,NNG
경주 여행,지음,NNG
경주 여행,고양이,NNG
경주 여행,오랜만,NNG
경주 여행,저자,NNG
경주 여행,역사,NNG
경주 여행,느낌,NNG
경주 여행,감포,NNP
경주 여행,대말,NNG
경주 여행,체험,NNG
경주 여행,전시관,NNG
경주 여행,위치,NNG
경주 여행,경북,NNP
경주 여행,척사,NNG
경주 여행,운영,NNG
경주 여행,시간,NNG
경주 여행,연중무휴,NNG
경주 여행,대표,NNG
경주 여행,전화,NNG
경주 여행,입장료,NNG
경주 여행,무료,NNG
경주 여행,대말,NNG
경주 여행,체험,NNG
경주 여행,아이,NNG
경주 여행,점심,NNG
경주 여행,시간,NNG
경주 여행,운영,NNG
경주 여행,코스,NNG
경주 여행,읍천항,NNP
경주 여행,주상,NNG
경주 여행,절리,NNG
경주 여행,파도,NNG
경주 여행,소리,NNG
경주 여행,주상,NNG
경주 여행,절리,NNG
경주 여행,제주도,NNP
경주 여행,읍천항,NNP
경주 여행,코스,NNG
경주 여행,읍천항,NNP
경주 여행,자리,NNG
경주 여행,주상,NNG
경주 여행,절리,NNG
경주 여행,파도,NNG
경주 여행,소리,NNG
경주 여행,주차장,NNG
경주 여행,등대,NNG
경주 여행,기차,NNG
경주 여행,일전,NNG
경주 여행,크리스마스,NNG
경주 여행,오늘,NNG
경주 여행,안녕,NNG
경주 여행,이번,NNG
경주 여행,컨셉,NNG
경주 여행,호텔,NNG
경주 여행,알라딘,NNP
경주 여행,서재,NNP
경주 여행,이야기,NNG
경주 여행,일상,NNG
경주 여행,고고학,NNG
경주 여행,무대,NNG
경주 여행,에세이,NNG
경주 여행,문화재,NNG
경주 여행,사전,NNG
경주 여행,지식,NNG
경주 여행,얼마,NNG
경주 여행,의미,NNG
경주 여행,교리,NNG
경주 여행,김밥,NNG
경주 여행,맛집,NNG
경주 여행,김밥,NNG
경주 여행,남산,NNG
경주 여행,등산,NNG
경주 여행,포함,NNG
경주 여행,당일,NNG
경주 여행,계획,NNG
경주 여행,코스,NNG
경주 여행,정도,NNG
경주 여행,생각,NNG
경주 여행,남산,NNG
경주 여행,놀부,NNG
경주 여행,보쌈,NNG
경주 여행,황오,NNP
경주 여행,배달,NNG
경주 여행,후기,NNG
경주 여행,숙소,NNG
경주 여행,황남,NNG
경주 여행,저녁,NNG
경주 여행,아이,NNG
경주 여행,배민,NNG
경주 여행,놀부,NNG
경주 여행,보쌈,NNG
경주 여행,검색,NNG
경주 여행,황오,NNP
경주 여행,배달,NNG
경주 여행,가능,NNG
경주 여행,저희,NP
경주 여행,황남,NNG
경주 여행,알라딘,NNP
경주 여행,자평,NNG
경주 여행,일상,NNG
경주 여행,고고학,NNG
경주 여행,일상,NNG
경주 여행,고고학,NNG
경주 여행,개정,NNG
경주 여행,증보판,NNG
경주 여행,일상,NNG
경주 여행,고고학,NNG
경주 여행,시리즈,NNG
경주 여행,황윤,NNG
경주 여행,지음,NNG
경주 여행,고양이,NNG
경주 여행,주제,NNG
경주 여행,수학,NNG
경주 여행,지로나,NNP
경주 여행,일반인,NNG
경주 여행,시간,NNG
경주 여행,알라딘,NNP
경주 여행,자평,NNG
경주 여행,일상,NNG
경주 여행,고고학,NNG
경주 여행,일상,NNG
경주 여행,고고학,NNG
경주 여행,개정,NNG
경주 여행,증보판,NNG
경주 여행,일상,NNG
경주 여행,고고학,NNG
경주 여행,시리즈,NNG
경주 여행,황윤,NNG
경주 여행,지음,NNG
경주 여행,고양이,NNG
경주 여행,학습,NNG
경주 여행,만화,NNG
경주 여행,우리,NP
경주 여행,역사,NNG
경주 여행,생각,NNG
경주 여행,알라딘,NNP
경주 여행,자평,NNG
경주 여행,일상,NNG
경주 여행,고고학,NNG
경주 여행,일상,NNG
경주 여행,고고학,NNG
경주 여행,박물관,NNG
경주 여행,경험,NNG
경주 여행,가이드,NNG
경주 여행,길잡이,NNG
경주 여행,알라딘,NNP
경주 여행,자평,NNG
경주 여행,일상,NNG
경주 여행,고고학,NNG
경주 여행,일상,NNG
경주 여행,고고학,NNG
경주 여행,개정,NNG
경주 여행,증보판,NNG
경주 여행,일상,NNG
경주 여행,시리즈,NNG
경주 여행,황윤,NNG
경주 여행,지음,NNG
경주 여행,고양이,NNG
경주 여행,평점,NNG
경주 여행,학교,NNG
경주 여행,수학,NNG
경주 여행,추억,NNG
경주 여행,장소라,NNP
경주 여행,알라딘,NNP
경주 여행,자평,NNG
경주 여행,일상,NNG
경주 여행,고고학,NNG
경주 여행,일상,NNG
경주 여행,고고학,NNG
경주 여행,개정,NNG
경주 여행,증보판,NNG
경주 여행,일상,NNG
경주 여행,고고학,NNG
경주 여행,시리즈,NNG
경주 여행,황윤,NNG
경주 여행,지음,NNG
경주 여행,고양이,NNG
경주 여행,평점,NNG
경주 여행,신라,NNP
경주 여행,마니아,NNG
경주 여행,기라,NNG
경주 여행,관심,NNG
경주 여행,가요,NNG
경주 여행,고고학,NNG
경주 여행,관점,NNG
경주 여행,알라딘,NNP
경주 여행,자평,NNG
경주 여행,일상,NNG
경주 여행,고고학,NNG
경주 여행,일상,NNG
경주 여행,고고학,NNG
경주 여행,개정,NNG
경주 여행,증보판,NNG
경주 여행,일상,NNG
경주 여행,고고학,NNG
경주 여행,시리즈,NNG
경주 여행,황윤,NNG
경주 여행,지음,NNG
경주 여행,고양이,NNG
경주 여행,이야기,NNG
경주 여행,호기심,NNG
경주 여행,석빙고,NNG
경주 여행,볼거리,NNG
경주 여행,근처,NNG
경주 여행,안압,NNG
경주 여행,볼거리,NNG
경주 여행,석빙고,NNG
경주 여행,이번,NNG
경주 여행,석빙고,NNG
경주 여행,석빙고,NNG
경주 여행,영조,NNG
경주 여행,일종,NNG
경주 여행,얼음,NNG
경주 여행,창고,NNG
경주 여행,근처,NNG
경주 여행,첨성대,NNG
경주 여행,가본,NNG
경주 여행,동궁,NNG
경주 여행,커피,NNG
경주 여행,열매,NNG
경주 여행,노천온천,NNP
경주 여행,행복,NNG
경주 여행,황리,NNG
경주 여행,보문,NNG
경주 여행,왕릉,NNG
경주 여행,탐방,NNG
경주 여행,데이트,NNG
경주 여행,코스,NNG
경주 여행,황리,NNG
경주 여행,마음,NNG
경주 여행,낭만,NNG
경주 여행,경상도,NNP
경주 여행,거리,NNG
경주 여행,유적지,NNG
경주 여행,한옥,NNG
경주 여행,고도,NNG
경주 여행,밀면,NNP
경주 여행,가격,NNG
경주 여행,비빔,NNG
경주 여행,떡갈비,NNG
경주 여행,밥상,NNG
경주 여행,육수,NNG
경주 여행,평가,NNG
경주 여행,입맛,NNG
경주 여행,취향,NNG
경주 여행,엑스,NNG
경주 여행,포대,NNG
경주 여행,공원,NNG
경주 여행,애벌레,NNG
경주 여행,보문호,NNP
경주 여행,주변,NNG
경주 여행,엑스,NNG
경주 여행,포대,NNG
경주 여행,공원,NNG
경주 여행,입장,NNG
경주 여행,엑스포,NNG
경주 여행,기념관,NNG
경주 여행,천마,NNG
경주 여행,궁전,NNG
경주 여행,타워,NNG
경주 여행,솔거,NNG
경주 여행,미술관,NNG
경주 여행,자연사,NNG
경주 여행,박물관,NNG
경주 여행,동방역,NNP
경주 여행,능소화,NNG
경주 여행,서출지,NNG
경주 여행,경북,NNP
경주 여행,산림,NNG
경주 여행,연구원,NNG
경주 여행,동방역,NNP
경주 여행,능소화,NNG
경주 여행,서출지,NNG
경주 여행,경북,NNP
경주 여행,산림,NNG
경주 여행,연구원,NNG
경주 여행,모녀,NNG
경주 여행,바보,NNG
경주 여행,블로그,NNG
경주 여행,모녀,NNG
경주 여행,첨성대,NNG
경주 여행,야생,NNG
경주 여행,계림,NNG
경주 여행,월지,NNG
경주 여행,안압지,NNP
경주 여행,계림,NNP
경주 여행,월지,NNP
경주 여행,안압지,NNP
경주 여행,야경,NNG
경주 여행,박물관,NNG
경주 여행,김유신,NNP
경주 여행,장군,NNG
경주 여행,석굴암,NNG
경주 여행,알라딘,NNP
경주 여행,자평,NNG
경주 여행,일상,NNG
경주 여행,고고학,NNG
경주 여행,일상,NNG
경주 여행,고고학,NNG
경주 여행,개정,NNG
경주 여행,증보판,NNG
경주 여행,일상,NNG
경주 여행,고고학,NNG
경주 여행,시리즈,NNG
경주 여행,황윤,NNG
경주 여행,지음,NNG
경주 여행,고양이,NNG
경주 여행,평점,NNG
경주 여행,삼국,NNG
경주 여행,시대,NNG
경주 여행,자료,NNG
경주 여행,섭렵,NNG
경주 여행,소장,NNG
경주 여행,역사,NNG
경주 여행,학자,NNG
경주 여행,순수,NNG
경주 여행,시각,NNG
경주 여행,알라딘,NNP
경주 여행,일상,NNG
경주 여행,고고학,NNG
경주 여행,일상,NNG
경주 여행,고고학,NNG
경주 여행,개정,NNG
경주 여행,증보판,NNG
경주 여행,일상,NNG
경주 여행,고고학,NNG
경주 여행,시리즈,NNG
경주 여행,황윤,NNG
경주 여행,지음,NNG
경주 여행,고양이,NNG
경주 여행,평점,NNG
경주 여행,수학,NNG
경주 여행,추억,NNG
경주 여행,역사,NNG
경주 여행,경비,NNG
경주 여행,혼자,NNG
경주 여행,이동,NNG
경주 여행,수단,NNG
경주 여행,시외버스,NNG
경주 여행,버스,NNG
경주 여행,택시,NNG
경주 여행,시티투어,NNP
경주 여행,버스,NNG
경주 여행,기타,NNG
경주 여행,생필품,NNG
경주 여행,샴푸,NNG
경주 여행,린스,NNG
경주 여행,바디,NNG
경주 여행,워시,NNP
경주 여행,버블,NNG
경주 여행,경비,NNG
경주 여행,경북,NNP
경주 여행,현대,NNG
경주 여행,호텔,NNG
경주 여행,현대,NNP
경주 여행,호텔,NNG
경주 여행,현대,NNG
경주 여행,호텔,NNG
경주 여행,보문,NNP
경주 여행,수상,NNG
경주 여행,공연장,NNG
경주 여행,보문관광단지,NNP
경주 여행,보문호,NNP
경주 여행,신라,NNP
경주 여행,컨트리클럽,NNG
경주 여행,숙박,NNG
경주 여행,현대,NNG
경주 여행,호텔,NNG
경주 여행,방문,NNG
경주 여행,일자,NNG
경주 여행,현대,NNG
경주 여행,호텔,NNG
경주 여행,경북,NNP
경주 여행,신평동,NNP
경주 여행,석굴암,NNG
경주 여행,불국사,NNG
경주 여행,석굴암,NNG
경주 여행,불국사,NNG
경주 여행,일시,NNG
경주 여행,장소,NNG
경주 여행,석굴암,NNG
경주 여행,불국사,NNG
경주 여행,참여,NNG
경주 여행,우리,NP
경주 여행,가족,NNG
경주 여행,송국영,NNP
경주 여행,안종,NNP
경주 여행,송진주,NNP
경주 여행,김홍식,NNP
경주 여행,김연우,NNP
경주 여행,연주,NNP
경주 여행,조광민,NNP
경주 여행,대릉원,NNG
경주 여행,스탬프,NNG
경주 여행,투어,NNG
경주 여행,이야기,NNG
경주 여행,대릉원,NNG
경주 여행,천마,NNG
경주 여행,경북,NNP
경주 여행,스탬프,NNG
경주 여행,투어,NNG
경주 여행,오릉,NNG
경주 여행,대릉원,NNG
경주 여행,천마총,NNG
경주 여행,오릉,NNG
경주 여행,교촌,NNG
경주 여행,마을,NNG
경주 여행,투어,NNG
경주 여행,다음,NNG
경주 여행,오릉,NNG
경주 여행,교촌,NNG
경주 여행,마을,NNG
경주 여행,느낌,NNG
경주 여행,유적지,NNG
경주 여행,트레,NNP
경주 여행,대상지,NNG
경주 여행,유적지,NNG
경주 여행,트레,NNP
경주 여행,소재지,NNG
경주 여행,경북,NNP
경주 여행,동궁,NNG
경주 여행,월지,NNG
경주 여행,반월,NNG
경주 여행,교촌,NNG
경주 여행,대릉원,NNG
경주 여행,고분,NNG
경주 여행,분황사,NNG
경주 여행,황룡사,NNG
경주 여행,역사,NNG
경주 여행,문화원,NNG
경주 여행,동궁,NNG
경주 여행,월지,NNG
경주 여행,주차장,NNG
경주 여행,반월,NNG
경주 여행,동궁,NNG
경주 여행,월지,NNG
경주 여행,안압지,NNP
경주 여행,야경,NNG
경주 여행,해외,NNG
경주 여행,이야기,NNG
경주 여행,후기,NNG
경주 여행,동궁,NNG
경주 여행,월지,NNG
경주 여행,안압지,NNP
경주 여행,야경,NNG
경주 여행,훌리아,NNP
경주 여행,여름,NNG
경주 여행,사진,NNG
경주 여행,보관,NNG
경주 여행,구독,NNG
경주 여행,해외,NNG
경주 여행,이야기,NNG
경주 여행,후기,NNG
경주 여행,이야기,NNG
경주 여행,계명,NNG
경주 여행,대학교,NNG
경주 여행,동산,NNG
경주 여행,병원,NNG
경주 여행,일자,NNG
경주 여행,인원,NNG
경주 여행,친구,NNG
경주 여행,시외버스,NNG
경주 여행,터미널,NNG
경주 여행,경북,NNP
경주 여행,노서동,NNP
경주 여행,전화,NNG
경주 여행,시외버스,NNG
경주 여행,터미널,NNG
경주 여행,일요일,NNG
경주 여행,오전,NNG
경주 여행,오후,NNG
경주 여행,고향,NNG
경주 여행,친구,NNG
경주 여행,신라,NNP
경주 여행,대종,NNG
경주 여행,장맛비,NNG
경주 여행,시작,NNG
경주 여행,육월,NNP
경주 여행,중순,NNG
경주 여행,고향,NNG
경주 여행,친구,NNG
경주 여행,대릉원,NNG
경주 여행,돌담길,NNP
경주 여행,황리,NNG
경주 여행,알라딘,NNP
경주 여행,자평,NNG
경주 여행,일상,NNG
경주 여행,고고학,NNG
경주 여행,일상,NNG
경주 여행,고고학,NNG
경주 여행,개정,NNG
경주 여행,증보판,NNG
경주 여행,일상,NNG
경주 여행,고고학,NNG
경주 여행,시리즈,NNG
경주 여행,황윤,NNG
경주 여행,지음,NNG
경주 여행,고양이,NNG
경주 여행,길잡이,NNG
경주 여행,이해,NNG
경주 여행,코스,NNG
경주 여행,베스트,NNG
경주 여행,추천,NNG
경주 여행,코스,NNG
경주 여행,베스트,NNG
경주 여행,추천,NNG
경주 여행,코스,NNG
경주 여행,베스트,NNG
경주 여행,추천,NNG
경주 여행,소개,NNG
경주 여행,황리,NNG
경주 여행,상호,NNG
경주 여행,황리,NNG
경주 여행,주소,NNG
경주 여행,경상북도,NNP
경주 여행,황남동,NNP
경주 여행,전화,NNG
경주 여행,번호,NNG
경주 여행,입력,NNG
경주 여행,관련,NNG
경주 여행,키워드,NNP
경주 여행,키워드,NNP
경주 여행,코스,NNG
경주 여행,불국사,NNP
경주 여행,석굴암,NNG
경주 여행,중교,NNG
경주 여행,서울,NNP
경주 여행,불국사,NNP
경주 여행,불국사,NNP
경주 여행,국보,NNG
경주 여행,다보탑,NNG
경주 여행,석가탑,NNG
경주 여행,석굴암,NNG
경주 여행,입장료,NNG
경주 여행,불국사,NNG
경주 여행,스탬프,NNG
경주 여행,투어,NNG
경주 여행,이야기,NNG
경주 여행,불국사,NNP
경주 여행,석굴암,NNG
경주 여행,경북,NNP
경주 여행,스탬프,NNG
경주 여행,투어,NNG
경주 여행,가을,NNG
경주 여행,불국사,NNG
경주 여행,석굴암,NNG
경주 여행,동리,NNG
경주 여행,문학관,NNG
경주 여행,구경,NNG
경주 여행,다음,NNG
경주 여행,장소,NNG
경주 여행,핵심,NNG
경주 여행,메카,NNP
경주 여행,불국사,NNP
경주 여행,석굴암,NNG
경주 여행,황리,NNG
경주 여행,한옥,NNG
경주 여행,카페,NNG
경주 여행,추천,NNG
경주 여행,카페,NNP
경주 여행,아덴,NNP
경주 여행,카페,NNP
경주 여행,아덴,NNP
경주 여행,위치,NNG
경주 여행,경북,NNP
경주 여행,사정,NNG
경주 여행,운영,NNG
경주 여행,시간,NNG
경주 여행,실시간,NNG
경주 여행,예보,NNG
경주 여행,커피,NNG
경주 여행,아덴,NNP
경주 여행,시그,NNP
경주 여행,알라딘,NNP
경주 여행,자평,NNG
경주 여행,일상,NNG
경주 여행,고고학,NNG
경주 여행,일상,NNG
경주 여행,고고학,NNG
경주 여행,개정,NNG
경주 여행,증보판,NNG
경주 여행,일상,NNG
경주 여행,고고학,NNG
경주 여행,시리즈,NNG
경주 여행,황윤,NNG
경주 여행,지음,NNG
경주 여행,고양이,NNG
경주 여행,평점,NNG
경주 여행,기대,NNG
경주 여행,알라딘,NNP
경주 여행,서재,NNP
경주 여행,필수,NNG
경주 여행,필요,NNG
경주 여행,지식,NNG
경주 여행,설명,NNG
경주 여행,이해,NNG
경주 여행,사진,NNG
경주 여행,정보,NNG
경주 여행,서울,NNP
경주 여행,역사,NNG
경주 여행,한옥,NNG
경주 여행,독서,NNG
경주 여행,모임,NNG
경주 여행,주문,NNG
경주 여행,역사,NNG
경주 여행,예정,NNG
경주 여행,슈만,NNP
경주 여행,클라라,NNP
경주 여행,도착,NNG
경주 여행,슈만,NNP
경주 여행,클라라,NNP
경주 여행,위치,NNG
경주 여행,요기,NP
경주 여행,여기,NP
경주 여행,버스,NNG
경주 여행,버스,NNG
경주 여행,택시,NNG
경주 여행,다음,NNG
경주 여행,문제,NNG
경주 여행,대릉원,NNG
경주 여행,대릉원,NNG
경주 여행,담장,NNG
경주 여행,이번,NNG
경주 여행,가을,NNG
경주 여행,만끽,NNG
경주 여행,컨셉,NNG
경주 여행,가을,NNG
경주 여행,분위기,NNG
경주 여행,고조,NNG
경주 여행,벚나무,NNG
경주 여행,좌우,NNG
경주 여행,성동,NNG
경주 여행,시장,NNG
경주 여행,구경,NNG
경주 여행,가을,NNG
경주 여행,기차,NNG
경주 여행,피날레,NNG
경주 여행,가을,NNG
경주 여행,기차,NNG
경주 여행,단풍,NNG
경주 여행,은행,NNG
경주 여행,낙엽,NNG
경주 여행,언니,NNG
경주 여행,수고,NNG
경주 여행,숙소,NNG
경주 여행,변경,NNG
경주 여행,지도자,NNG
경주 여행,언니,NNG
경주 여행,황리,NNG
경주 여행,맛집,NNG
경주 여행,여도,NNG
경주 여행,영업,NNG
경주 여행,종료,NNG
경주 여행,오늘,NNG
경주 여행,맛집,NNG
경주 여행,황리,NNG
경주 여행,맛집,NNG
경주 여행,여주,NNG
경주 여행,이야기,NNG
경주 여행,여도,NNG
경주 여행,저희,NP
경주 여행,기록,NNG
경주 여행,포스팅,NNP
경주 여행,진행,NNG
경주 여행,참고,NNG
경주 여행,한옥,NNP
경주 여행,외관,NNG
경주 여행,눈길,NNG
경주 여행,첨성대,NNG
경주 여행,대릉원,NNG
경주 여행,주차,NNG
경주 여행,주차장,NNG
경주 여행,대릉원,NNG
경주 여행,주차장,NNG
경주 여행,여기,NP
경주 여행,매표,NNG
경주 여행,혼자,NNG
경주 여행,필요,NNG
경주 여행,드라이브,NNG
경주 여행,그곳,NP
경주 여행,첨성대,NNG
경주 여행,봄꽃,NNG
경주 여행,마지막,NNG
경주 여행,월요일,NNG
경주 여행,벚꽃,NNG
경주 여행,상춘객,NNG
경주 여행,점심,NNG
경주 여행,집사람,NNG
경주 여행,국도,NNG
경주 여행,곳곳,NNG
경주 여행,벚꽃,NNG
경주 여행,자랑,NNG
경주 여행,열중,NNG
경주 여행,황리,NNG
경주 여행,주전부리,NNG
경주 여행,황금,NNG
경주 여행,황남,NNG
경주 여행,옥수수,NNG
경주 여행,청년,NNG
경주 여행,분식,NNG
경주 여행,황리,NNG
경주 여행,주전부리,NNG
경주 여행,저녁,NNG
경주 여행,황리,NNG
경주 여행,주전부리,NNG
경주 여행,결론,NNG
경주 여행,청년,NNG
경주 여행,분식,NNG
경주 여행,황남,NNG
경주 여행,옥수수,NNG
경주 여행,청년,NNG
경주 여행,분식,NNG
경주 여행,쥬얼,NNP
경주 여행,유혹,NNG
경주 여행,마지막,NNG
경주 여행,선물,NNG
경주 여행,눈발,NNG
경주 여행,시작,NNG
경주 여행,세상,NNG
경주 여행,눈길,NNG
경주 여행,산책,NNG
경주 여행,불국사,NNP
경주 여행,기차,NNG
경주 여행,마무리,NNG
경주 여행,하늘,NNG
경주 여행,야경,NNG
경주 여행,매력,NNG
경주 여행,정교,NNG
경주 여행,분위기,NNG
경주 여행,저녁,NNG
경주 여행,정교,NNG
경주 여행,방문,NNG
경주 여행,추천,NNG
경주 여행,정교,NNG
경주 여행,사진,NNG
경주 여행,정교,NNG
경주 여행,야경,NNG
경주 여행,마지막,NNG
경주 여행,여기,NP
경주 여행,신라,NNP
경주 여행,신라,NNP
경주 여행,해장국,NNG
경주 여행,황남,NNG
경주 여행,맷돌,NNG
경주 여행,순두부,NNG
경주 여행,두부,NNG
경주 여행,보쌈,NNG
경주 여행,제육,NNG
경주 여행,순두부찌개,NNG
경주 여행,황남,NNG
경주 여행,맷돌,NNG
경주 여행,순두부,NNG
경주 여행,영업시간,NNG
경주 여행,황리,NNG
경주 여행,시작,NNG
경주 여행,밥집,NNG
경주 여행,영업,NNG
경주 여행,마감,NNG
경주 여행,고기,NNG
경주 여행,두부,NNG
경주 여행,순두부찌개,NNG
경주 여행,호랑이,NNG
경주 여행,막걸리,NNG
경주 여행,울주,NNP
경주 여행,새벽,NNG
경주 여행,하늘,NNG
경주 여행,예쁘다,NNP
경주 여행,월드,NNG
경주 여행,판다,NNG
경주 여행,점심,NNG
경주 여행,친절,NNG
경주 여행,떡갈비,NNG
경주 여행,계란찜,NNG
경주 여행,풍경,NNG
경주 여행,행복,NNG
경주 여행,울주,NNP
경주 여행,서출지,NNG
경주 여행,날씨,NNG
경주 여행,촬영,NNG
경주 여행,사진가,NNG
경주 여행,미안,NNG
경주 여행,생각,NNG
경주 여행,날씨,NNG
경주 여행,촬영,NNG
경주 여행,대작,NNG
경주 여행,알라딘,NNP
경주 여행,자평,NNG
경주 여행,우리,NP
경주 여행,우리,NP
경주 여행,세계,NNG
경주 여행,문화유산,NNG
경주 여행,개정판,NNG
경주 여행,답사,NNG
경주 여행,역사,NNG
경주 여행,박광일,NNP
경주 여행,전향,NNG
경주 여행,이야기,NNG
경주 여행,기획,NNG
경주 여행,성당,NNG
경주 여행,평점,NNG
경주 여행,초등,NNG
경주 여행,학교,NNG
경주 여행,학생,NNG
경주 여행,수학,NNG
경주 여행,알라딘,NNP
경주 여행,자평,NNG
경주 여행,일상,NNG
경주 여행,고고학,NNG
경주 여행,일상,NNG
경주 여행,고고학,NNG
경주 여행,개정,NNG
경주 여행,증보판,NNG
경주 여행,일상,NNG
경주 여행,고고학,NNG
경주 여행,시리즈,NNG
경주 여행,황윤,NNG
경주 여행,지음,NNG
경주 여행,고양이,NNG
경주 여행,타임캡슐,NNG
경주 여행,신라,NNG
경주 여행,특별,NNG
경주 여행,시간,NNG
경주 여행,압지,NNG
경주 여행,야경,NNG
경주 여행,투어,NNG
경주 여행,방문,NNG
경주 여행,보름달,NNG
경주 여행,하늘,NNG
경주 여행,황청,NNG
경주 여행,연못,NNG
경주 여행,야경,NNG
경주 여행,야경,NNG
경주 여행,이곳,NP
경주 여행,압지,NNG
경주 여행,오늘,NNG
경주 여행,날씨,NNG
경주 여행,마을,NNG
경주 여행,식당,NNG
경주 여행,양념,NNG
경주 여행,게장,NNG
경주 여행,점심,NNG
경주 여행,힐튼,NNP
경주 여행,호텔,NNG
경주 여행,커피,NNG
경주 여행,한잔,NNG
경주 여행,보문,NNG
경주 여행,나무,NNG
경주 여행,감상,NNG
경주 여행,커피,NNG
경주 여행,한잔,NNG
경주 여행,스콘,NNP
경주 여행,행복,NNG
경주 여행,월드,NNG
경주 여행,관람,NNG
경주 여행,알라딘,NNP
경주 여행,자평,NNG
경주 여행,우리,NP
경주 여행,우리,NP
경주 여행,신라,NNG
경주 여행,답사,NNG
경주 여행,역사,NNG
경주 여행,박광일,NNP
경주 여행,평점,NNG
경주 여행,구판,NNG
경주 여행,절판,NNG
경주 여행,아이,NNG
경주 여행,눈높이,NNG
경주 여행,알라딘,NNP
경주 여행,자평,NNG
경주 여행,일상,NNG
경주 여행,고고학,NNG
경주 여행,일상,NNG
경주 여행,고고학,NNG
경주 여행,개정,NNG
경주 여행,증보판,NNG
경주 여행,일상,NNG
경주 여행,고고학,NNG
경주 여행,시리즈,NNG
경주 여행,황윤,NNG
경주 여행,지음,NNG
경주 여행,고양이,NNG
경주 여행,평점,NNG
경주 여행,유익,NNG
경주 여행,알라딘,NNP
경주 여행,역사,NNG
경주 여행,관심,NNG
경주 여행,시작,NNG
경주 여행,생각,NNG
경주 여행,마음,NNG
경주 여행,기억,NNG
경주 여행,아이,NNG
경주 여행,신라,NNG
경주 여행,동안,NNG
경주 여행,내용,NNG
경주 여행,생각,NNG
경주 여행,유적지,NNG
경주 여행,매화,NNG
경주 여행,산수유,NNG
경주 여행,만발,NNG
경주 여행,보문,NNG
경주 여행,호수,NNG
경주 여행,산책,NNG
경주 여행,행복,NNG
경주 여행,마무리,NNG
경주 여행,알라딘,NNP
경주 여행,자평,NNG
경주 여행,일상,NNG
경주 여행,고고학,NNG
경주 여행,일상,NNG
경주 여행,고고학,NNG
경주 여행,일상,NNG
경주 여행,시리즈,NNG
경주 여행,황윤,NNG
경주 여행,지음,NNG
경주 여행,고양이,NNG
경주 여행,평점,NNG
경주 여행,마니아,NNG
경주 여행,탐방기,NNG
경주 여행,설명,NNG
경주 여행,알라딘,NNP
경주 여행,자평,NNG
경주 여행,일상,NNG
경주 여행,고고학,NNG
경주 여행,일상,NNG
경주 여행,고고학,NNG
경주 여행,개정,NNG
경주 여행,증보판,NNG
경주 여행,일상,NNG
경주 여행,고고학,NNG
경주 여행,시리즈,NNG
경주 여행,황윤,NNG
경주 여행,지음,NNG
경주 여행,고양이,NNG
경주 여행,평점,NNG
경주 여행,풍경,NNG
경주 여행,고고학,NNG
경주 여행,우리,NP
경주 여행,지적,NNG
경주 여행,힐링,NNG
경주 여행,주상,NNG
경주 여행,절리,NNG
경주 여행,스탬프,NNG
경주 여행,투어,NNG
경주 여행,목적지,NNG
경주 여행,주상,NNG
경주 여행,스탬프,NNG
경주 여행,투어,NNG
경주 여행,주상,NNG
경주 여행,절리,NNG
경주 여행,해변,NNG
경주 여행,둘레길,NNP
경주 여행,주상,NNG
경주 여행,절리,NNG
경주 여행,파도,NNG
경주 여행,소리,NNG
경주 여행,시작,NNG
경주 여행,오랫만,NNG
경주 여행,밤잠,NNG
경주 여행,시계,NNG
경주 여행,시간,NNG
경주 여행,불국사,NNP
경주 여행,황남빵,NNP
경주 여행,교리,NNG
경주 여행,김밥,NNG
경주 여행,내소,NNG
경주 여행,불국사,NNP
경주 여행,황남빵,NNP
경주 여행,교리,NNG
경주 여행,김밥,NNG
경주 여행,산내,NNG
경주 여행,소고기,NNG
경주 여행,울산,NNP
경주 여행,후배,NNG
경주 여행,울산,NNP
경주 여행,불국사,NNG
경주 여행,천마총,NNG
경주 여행,첨성대,NNG
경주 여행,나무,NNG
경주 여행,그늘,NNG
경주 여행,내부,NNG
경주 여행,전경,NNG
경주 여행,알라딘,NNP
경주 여행,자평,NNG
경주 여행,일상,NNG
경주 여행,고고학,NNG
경주 여행,개정,NNG
경주 여행,증보판,NNG
경주 여행,일상,NNG
경주 여행,고고학,NNG
경주 여행,시리즈,NNG
경주 여행,황윤,NNG
경주 여행,지음,NNG
경주 여행,고양이,NNG
경주 여행,평점,NNG
경주 여행,학교,NNG
경주 여행,공부,NNG
경주 여행,느낌,NNG
경주 여행,가보세요,NNG
경주 여행,알라딘,NNP
경주 여행,자평,NNG
경주 여행,일상,NNG
경주 여행,고고학,NNG
경주 여행,혼자,NNG
경주 여행,개정,NNG
경주 여행,증보판,NNG
경주 여행,일상,NNG
경주 여행,고고학,NNG
경주 여행,시리즈,NNG
경주 여행,황윤,NNG
경주 여행,지음,NNG
경주 여행,고양이,NNG
경주 여행,평점,NNG
경주 여행,이야기,NNG
경주 여행,작가,NNG
경주 여행,혼자,NNG
경주 여행,기대,NNG
경주 여행,매화꽃,NNG
경주 여행,산수유,NNG
경주 여행,날씨,NNG
경주 여행,바람,NNG
경주 여행,햇살,NNG
경주 여행,점심,NNG
경주 여행,황룡,NNG
경주 여행,동국,NNG
경주 여행,재단,NNG
경주 여행,운영,NNG
경주 여행,연수원,NNG
경주 여행,맷돌,NNG
경주 여행,순부,NNG
경주 여행,옆집,NNG
경주 여행,정화,NNG
경주 여행,송이,NNG
경주 여행,순두부,NNG
경주 여행,맛집,NNG
경주 여행,옆집,NNG
경주 여행,가격,NNG
경주 여행,기본,NNG
경주 여행,반찬,NNG
경주 여행,생선,NNG
경주 여행,구이,NNG
경주 여행,후배,NNG
경주 여행,순두부,NNG
경주 여행,순두부,NNG
경주 여행,파전,NNG
경주 여행,주문,NNG
경주 여행,새송이,NNP
경주 여행,탁주,NNG
경주 여행,주문,NNG
경주 여행,낮술,NNG
경주 여행,남산,NNP
경주 여행,칠불암,NNG
경주 여행,케이트,NNP
경주 여행,진입,NNG
경주 여행,서라벌,NNP
경주 여행,휴게소,NNG
경주 여행,통일전,NNP
경주 여행,주차장,NNG
경주 여행,주차,NNG
경주 여행,염불,NNG
경주 여행,사지,NNG
경주 여행,삼층석탑,NNP
경주 여행,주차,NNG
경주 여행,여기,NP
경주 여행,도착,NNG
경주 여행,주차,NNG
경주 여행,아침,NNG
경주 여행,국내,NNG
경주 여행,사진,NNG
경주 여행,국내,NNG
경주 여행,테마,NNG
경주 여행,벚꽃,NNG
경주 여행,시기,NNG
경주 여행,아쉬움,NNG
경주 여행,대능원,NNP
경주 여행,출입문,NNG
경주 여행,능원,NNG
경주 여행,소나무,NNG
경주 여행,천마총,NNG
경주 여행,안압지,NNP
경주 여행,분황사,NNG
경주 여행,모전,NNG
경주 여행,석탑,NNG
경주 여행,원래,NNG
경주 여행,알라딘,NNP
경주 여행,자평,NNG
경주 여행,일상,NNG
경주 여행,고고학,NNG
경주 여행,일상,NNG
경주 여행,고고학,NNG
경주 여행,개정,NNG
경주 여행,증보판,NNG
경주 여행,일상,NNG
경주 여행,고고학,NNG
경주 여행,시리즈,NNG
경주 여행,황윤,NNG
경주 여행,지음,NNG
경주 여행,고양이,NNG
경주 여행,평점,NNG
경주 여행,마음,NNG
경주 여행,중학교,NNG
경주 여행,수학,NNG
경주 여행,힐튼,NNP
경주 여행,호텔,NNG
경주 여행,한국,NNP
경주 여행,서울,NNP
경주 여행,호텔,NNG
경주 여행,체인,NNG
경주 여행,이상,NNG
경주 여행,두산,NNP
경주 여행,참고,NNG
경주 여행,미국,NNP
경주 여행,모델,NNG
경주 여행,손님,NNG
경주 여행,배려,NNG
경주 여행,호텔,NNG
경주 여행,토함산,NNP
경주 여행,단풍,NNG
경주 여행,터널,NNG
경주 여행,자연,NNG
경주 여행,수채화,NNG
경주 여행,단풍,NNG
경주 여행,숲길,NNG
경주 여행,불국사,NNP
경주 여행,석굴암,NNG
경주 여행,토함산,NNP
경주 여행,숲길,NNG
경주 여행,월산,NNG
경주 여행,고갯길,NNG
경주 여행,신라,NNP
경주 여행,역사,NNG
경주 여행,시내,NNG
경주 여행,배롱나무,NNG
경주 여행,첨성대,NNG
경주 여행,야경,NNG
경주 여행,수학,NNG
경주 여행,사람,NNG
경주 여행,자녀,NNG
경주 여행,역사,NNG
경주 여행,유적,NNG
경주 여행,답사,NNG
경주 여행,동행,NNG
경주 여행,생각,NNG
경주 여행,국내,NNG
경주 여행,특징,NNG
경주 여행,평온,NNG
경주 여행,자연,NNG
경주 여행,황리,NNG
경주 여행,카페,NNG
경주 여행,카페,NNG
경주 여행,카페,NNG
경주 여행,황리,NNG
경주 여행,거리,NNG
경주 여행,위치,NNG
경주 여행,거리,NNG
경주 여행,인테리어,NNG
경주 여행,눈길,NNG
경주 여행,카페,NNG
경주 여행,황리,NNG
경주 여행,카페,NNG
경주 여행,카페,NNG
경주 여행,날씨,NNG
경주 여행,경북,NNP
경주 여행,국밥,NNG
경주 여행,맛집,NNG
경주 여행,보문,NNG
경주 여행,경북,NNP
경주 여행,교촌,NNP
경주 여행,마을,NNG
경주 여행,교촌,NNG
경주 여행,보관,NNG
경주 여행,아이,NNG
경주 여행,가족,NNG
경주 여행,가족,NNG
경주 여행,기록,NNG
경주 여행,오늘,NNG
경주 여행,가족,NNG
경주 여행,모임,NNG
경주 여행,경북,NNP
경주 여행,불국사역,NNP
경주 여행,동대구,NNG
경주 여행,기차,NNG
경주 여행,무궁화호,NNP
경주 여행,시간,NNG
경주 여행,시외,NNG
경주 여행,고속,NNG
경주 여행,버스,NNG
경주 여행,터미널,NNG
경주 여행,거리,NNG
경주 여행,어디,NP
경주 여행,대중,NNG
경주 여행,교통,NNG
경주 여행,종류,NNG
경주 여행,서울,NNP
경주 여행,대전,NNP
경주 여행,이상,NNG
경주 여행,코스,NNG
경주 여행,가을,NNG
경주 여행,도착,NNG
경주 여행,오늘,NNG
경주 여행,작년,NNG
경주 여행,여름,NNG
경주 여행,코스,NNG
경주 여행,서출지,NNG
경주 여행,통일전,NNP
경주 여행,산림,NNG
경주 여행,연구원,NNG
경주 여행,핑크,NNG
경주 여행,첨성대,NNG
경주 여행,주변,NNG
경주 여행,황리,NNG
경주 여행,구경,NNG
경주 여행,점심,NNG
경주 여행,커피,NNG
경주 여행,조금,NNG
경주 여행,가을,NNG
경주 여행,알라딘,NNP
경주 여행,자평,NNG
경주 여행,일상,NNG
경주 여행,고고학,NNG
경주 여행,평점,NNG
경주 여행,가을,NNG
경주 여행,실천,NNG
경주 여행,사람,NNG
경주 여행,기대,NNG
경주 여행,알라딘,NNP
경주 여행,자평,NNG
경주 여행,일상,NNG
경주 여행,고고학,NNG
경주 여행,일상,NNG
경주 여행,고고학,NNG
경주 여행,개정,NNG
경주 여행,증보판,NNG
경주 여행,일상,NNG
경주 여행,고고학,NNG
경주 여행,시리즈,NNG
경주 여행,황윤,NNG
경주 여행,지음,NNG
경주 여행,고양이,NNG
경주 여행,평점,NNG
경주 여행,수학,NNG
경주 여행,이후,NNG
경주 여행,생각,NNG
경주 여행,나정,NNG
경주 여행,맛집,NNG
경주 여행,나정,NNG
경주 여행,라면,NNG
경주 여행,맛집,NNG
경주 여행,에도,NNP
경주 여행,바다,NNG
경주 여행,나정,NNG
경주 여행,스토리,NNG
경주 여행,에도,NNP
경주 여행,바다,NNG
경주 여행,사실,NNG
경주 여행,아시나,NNP
경주 여행,바다,NNG
경주 여행,남편,NNG
경주 여행,역사,NNG
경주 여행,유적지,NNG
경주 여행,하늘,NNG
경주 여행,구름,NNG
경주 여행,고속도로,NNP
경주 여행,오늘,NNG
경주 여행,힐링,NNG
경주 여행,산송,NNG
경주 여행,한우구,NNP
경주 여행,언양,NNP
경주 여행,불고기,NNG
경주 여행,더덕구이,NNG
경주 여행,라떼,NNG
경주 여행,한잔,NNG
경주 여행,노천온천,NNP
경주 여행,하늘,NNG
경주 여행,알라딘,NNP
경주 여행,자평,NNG
경주 여행,일상,NNG
경주 여행,고고학,NNG
경주 여행,지음,NNG
경주 여행,고양이,NNG
경주 여행,평점,NNG
경주 여행,도시,NNG
경주 여행,시간,NNG
경주 여행,기분,NNG
경주 여행,행복,NNG
경주 여행,코로나,NNP
경주 여행,알라딘,NNP
경주 여행,자평,NNG
경주 여행,일상,NNG
경주 여행,고고학,NNG
경주 여행,일상,NNG
경주 여행,고고학,NNG
경주 여행,개정,NNG
경주 여행,증보판,NNG
경주 여행,일상,NNG
경주 여행,고고학,NNG
경주 여행,시리즈,NNG
경주 여행,황윤,NNG
경주 여행,지음,NNG
경주 여행,고양이,NNG
경주 여행,평점,NNG
경주 여행,구경,NNG
경주 여행,코로나,NNP
경주 여행,알라딘,NNP
경주 여행,자평,NNG
경주 여행,일상,NNG
경주 여행,고고학,NNG
경주 여행,일상,NNG
경주 여행,고고학,NNG
경주 여행,개정,NNG
경주 여행,증보판,NNG
경주 여행,일상,NNG
경주 여행,고고학,NNG
경주 여행,시리즈,NNG
경주 여행,황윤,NNG
경주 여행,지음,NNG
경주 여행,고양이,NNG
경주 여행,평점,NNG
경주 여행,수학,NNG
경주 여행,역사,NNG
경주 여행,의미,NNG
경주 여행,이제,NNG
경주 여행,풍경,NNG
경주 여행,알라딘,NNP
경주 여행,자평,NNG
경주 여행,일상,NNG
경주 여행,고고학,NNG
경주 여행,출간,NNG
경주 여행,일상,NNG
경주 여행,고고학,NNG
경주 여행,혼자,NNG
경주 여행,백제,NNG
경주 여행,이번,NNG
경주 여행,전작,NNG
경주 여행,백제,NNG
경주 여행,만족,NNG
경주 여행,이번,NNG
경주 여행,탑승,NNG
전주 여행,알라딘,NNP
전주 여행,서재,NNP
전주 여행,당일,NNG
전주 여행,버스,NNG
전주 여행,마음,NNG
전주 여행,음악,NNG
전주 여행,핸드폰,NNG
전주 여행,버스,NNG
전주 여행,날씨,NNG
전주 여행,화창,NNG
전주 여행,버스,NNG
전주 여행,한참,NNG
전주 여행,버스,NNG
전주 여행,전동성당,NNP
전주 여행,한옥마을,NNP
전주 여행,아카,NNP
전주 여행,갤러리,NNG
전주 여행,카페,NNG
전주 여행,한옥마을,NNP
전주 여행,아카,NNP
전주 여행,갤러리,NNG
전주 여행,카페,NNG
전주 여행,한옥마을,NNP
전주 여행,여유,NNG
전주 여행,아침,NNG
전주 여행,이제,NNG
전주 여행,카페,NNG
전주 여행,햇살,NNG
전주 여행,아침,NNG
전주 여행,허기,NNG
전주 여행,날씨,NNG
전주 여행,고속버스,NNG
전주 여행,공용,NNG
전주 여행,터미널,NNG
전주 여행,이번,NNG
전주 여행,수요일,NNG
전주 여행,휴강,NNG
전주 여행,뽐뿌,NNP
전주 여행,아침,NNG
전주 여행,헬스,NNG
전주 여행,고속버스,NNG
전주 여행,탑승,NNG
전주 여행,평일,NNG
전주 여행,사람,NNG
전주 여행,혼자,NNG
전주 여행,우등,NNG
전주 여행,고속,NNG
전주 여행,이용,NNG
전주 여행,여유,NNG
전주 여행,자리,NNG
전주 여행,예술,NNG
전주 여행,평화,NNG
전주 여행,한국,NNP
전주 여행,전통,NNG
전주 여행,무용,NNG
전주 여행,블로그,NNG
전주 여행,예술,NNG
전주 여행,임대,NNG
전주 여행,주택,NNG
전주 여행,순회,NNG
전주 여행,사업,NNG
전주 여행,전국,NNG
전주 여행,임대,NNG
전주 여행,주택,NNG
전주 여행,단지,NNG
전주 여행,양질,NNG
전주 여행,주민,NNG
전주 여행,참여,NNG
전주 여행,문화,NNG
전주 여행,예술,NNG
전주 여행,프로그램,NNG
전주 여행,보급,NNG
전주 여행,사업,NNG
전주 여행,김영아,NNP
전주 여행,전통,NNG
전주 여행,예술단,NNG
전주 여행,추억,NNG
전주 여행,품바,NNG
전주 여행,평화,NNG
전주 여행,주공,NNG
전주 여행,아파트,NNG
전주 여행,공연,NNG
전주 여행,선무,NNG
전주 여행,사진,NNG
전주 여행,촬영,NNG
전주 여행,산책,NNG
전주 여행,데이트,NNG
전주 여행,코스,NNG
전주 여행,추천,NNG
전주 여행,기지,NNG
전주 여행,수변,NNG
전주 여행,공원,NNG
전주 여행,혁신,NNG
전주 여행,도시,NNG
전주 여행,기지,NNG
전주 여행,수변,NNG
전주 여행,공원,NNG
전주 여행,야심,NNG
전주 여행,계획,NNG
전주 여행,시간,NNG
전주 여행,어디,NP
전주 여행,수변,NNG
전주 여행,공원,NNG
전주 여행,방문,NNG
전주 여행,산책,NNG
전주 여행,생각,NNG
전주 여행,규모,NNG
전주 여행,방문,NNG
전주 여행,부산,NNP
전주 여행,사상,NNG
전주 여행,시외버스,NNG
전주 여행,터미널,NNG
전주 여행,부산,NNP
전주 여행,쿠쿠,NNP
전주 여행,리도,NNP
전주 여행,작년,NNG
전주 여행,여름,NNG
전주 여행,시점,NNG
전주 여행,친구,NNG
전주 여행,거리,NNG
전주 여행,길거리,NNG
전주 여행,당일치기,NNG
전주 여행,한옥마을,NNP
전주 여행,외할머니,NNG
전주 여행,솜씨,NNG
전주 여행,단팥죽,NNG
전주 여행,팥빙수,NNP
전주 여행,한지,NNG
전주 여행,부채,NNG
전주 여행,꿀타래,NNP
전주 여행,먹거리,NNG
전주 여행,막걸리,NNG
전주 여행,결혼식,NNG
전주 여행,방문,NNG
전주 여행,단풍,NNG
전주 여행,풍경,NNG
전주 여행,오랜만,NNG
전주 여행,얼굴,NNG
전주 여행,얼굴,NNG
전주 여행,행복,NNG
전주 여행,낭만,NNG
전주 여행,카페,NNG
전주 여행,이야기,NNG
전주 여행,낭만,NNG
전주 여행,카페,NNG
전주 여행,한옥마을,NNP
전주 여행,카페,NNG
전주 여행,이야기,NNG
전주 여행,전북,NNP
전주 여행,완산구,NNP
전주 여행,최명희,NNP
전주 여행,풍남동,NNP
전주 여행,도착,NNG
전주 여행,저녁,NNG
전주 여행,코파,NNP
전주 여행,만단,NNG
전주 여행,코파,NNP
전주 여행,선물,NNG
전주 여행,전북,NNP
전주 여행,김제,NNP
전주 여행,김제,NNP
전주 여행,아래,NNG
전주 여행,예전,NNG
전주 여행,코스,NNG
전주 여행,이때,NNG
전주 여행,계획,NNG
전주 여행,도움,NNG
전주 여행,한옥마을,NNP
전주 여행,관광지,NNG
전주 여행,참고,NNG
전주 여행,알라딘,NNP
전주 여행,레시피,NNG
전주 여행,김주미,NNP
전주 여행,지음,NNG
전주 여행,상상,NNG
전주 여행,평점,NNG
전주 여행,구판,NNG
전주 여행,절판,NNG
전주 여행,주말,NNG
전주 여행,레시피,NNG
전주 여행,명소,NNG
전주 여행,한옥마을,NNP
전주 여행,경기전,NNG
전주 여행,한옥마을,NNP
전주 여행,경기전,NNG
전주 여행,작성자,NNG
전주 여행,광고,NNG
전주 여행,누구,NP
전주 여행,농촌,NNG
전주 여행,참참,NNG
전주 여행,단체,NNG
전주 여행,숙박,NNG
전주 여행,이색,NNG
전주 여행,체험,NNG
전주 여행,완비,NNG
전주 여행,광장,NNG
전주 여행,식당,NNG
전주 여행,맛집,NNG
전주 여행,거리,NNG
전주 여행,백반,NNG
전주 여행,맛집,NNG
전주 여행,거리,NNG
전주 여행,반집,NNG
전주 여행,추천,NNG
전주 여행,광장,NNG
전주 여행,식당,NNG
전주 여행,이번,NNG
전주 여행,마지막,NNG
전주 여행,방문,NNG
전주 여행,광장,NNG
전주 여행,식당,NNG
전주 여행,이곳,NP
전주 여행,광장,NNG
전주 여행,식당,NNG
전주 여행,시청,NNG
전주 여행,근처,NNG
전주 여행,백반,NNG
전주 여행,오랫동안,NNG
전주 여행,사랑,NNG
전주 여행,맛집,NNG
전주 여행,전라북도,NNP
전주 여행,남부,NNG
전주 여행,시장,NNG
전주 여행,남부,NNG
전주 여행,시장,NNG
전주 여행,야시장,NNG
전주 여행,먹거리,NNG
전주 여행,남부,NNG
전주 여행,시장,NNG
전주 여행,한옥마을,NNP
전주 여행,한옥마을,NNP
전주 여행,주말,NNG
전주 여행,야간,NNG
전주 여행,사람,NNG
전주 여행,명소,NNG
전주 여행,토요일,NNG
전주 여행,남부,NNG
전주 여행,시장,NNG
전주 여행,야시장,NNG
전주 여행,삼겹살,NNG
전주 여행,김밥,NNG
전주 여행,소고기,NNG
전주 여행,바람짝,NNG
전주 여행,맛집,NNG
전주 여행,백반,NNG
전주 여행,한정식,NNG
전주 여행,전문,NNG
전주 여행,한국,NNP
전주 여행,식당,NNG
전주 여행,바람짝,NNG
전주 여행,맛집,NNG
전주 여행,백반,NNG
전주 여행,한정식,NNG
전주 여행,전문,NNG
전주 여행,한국,NNP
전주 여행,식당,NNG
전주 여행,일시,NNG
전주 여행,작성자,NNG
전주 여행,바람짝,NNG
전주 여행,요리사,NNG
전주 여행,지역,NNG
전주 여행,맛집,NNG
전주 여행,탐방,NNG
전주 여행,가격,NNG
전주 여행,지인,NNG
전주 여행,입소문,NNG
전주 여행,서울,NNP
전주 여행,오리,NNG
전주 여행,과자점,NNG
전주 여행,객사,NNG
전주 여행,한옥마을,NNP
전주 여행,서울,NNP
전주 여행,오리,NNG
전주 여행,과자점,NNG
전주 여행,객사,NNG
전주 여행,한옥마을,NNP
전주 여행,일몽,NNG
전주 여행,남노,NNG
전주 여행,갈비,NNG
전주 여행,고자,NNG
전주 여행,퇴근,NNG
전주 여행,광주,NNP
전주 여행,시간,NNG
전주 여행,우산,NNG
전주 여행,불안,NNG
전주 여행,불안,NNG
전주 여행,친구,NNG
전주 여행,숙소,NNG
전주 여행,전북,NNP
전주 여행,천리,NNG
전주 여행,한옥마을,NNP
전주 여행,둘레길,NNP
전주 여행,포함,NNG
전주 여행,전라북도,NNP
전주 여행,각지,NNG
전주 여행,볼거리,NNG
전주 여행,먹거리,NNG
전주 여행,동안,NNG
전주 여행,체험,NNG
전주 여행,전북,NNP
전주 여행,계획,NNG
전주 여행,도움,NNG
전주 여행,후기,NNG
전주 여행,전라북도,NNP
전주 여행,후기,NNG
전주 여행,전북,NNP
전주 여행,요약,NNG
전주 여행,정리,NNG
전주 여행,여름,NNG
전주 여행,한옥,NNG
전주 여행,마을,NNG
전주 여행,주차장,NNG
전주 여행,정보,NNG
전주 여행,상세,NNG
전주 여행,한옥마을,NNP
전주 여행,한옥마을,NNP
전주 여행,소개,NNG
전주 여행,체험,NNG
전주 여행,콘텐츠,NNG
전주 여행,문화,NNG
전주 여행,공연,NNG
전주 여행,행사,NNG
전주 여행,한옥마을,NNP
전주 여행,사진,NNG
전주 여행,문화,NNG
전주 여행,시설,NNG
전주 여행,문화,NNG
전주 여행,시설,NNG
전주 여행,유적지,NNG
전주 여행,이색,NNG
전주 여행,공간,NNG
전주 여행,전통,NNG
전주 여행,공예,NNG
전주 여행,생활,NNG
전주 여행,공예,NNG
전주 여행,액세서리,NNG
전주 여행,예술,NNG
전주 여행,공예,NNG
전주 여행,체험,NNG
전주 여행,생선,NNG
전주 여행,구이,NNG
전주 여행,본가,NNG
전주 여행,조기,NNG
전주 여행,매운탕,NNG
전주 여행,도착,NNG
전주 여행,조기,NNG
전주 여행,매운탕,NNG
전주 여행,검색,NNG
전주 여행,생선,NNG
전주 여행,주차장,NNG
전주 여행,식사,NNG
전주 여행,실내,NNG
전주 여행,비빔밥,NNG
전주 여행,맛집,NNG
전주 여행,가족,NNG
전주 여행,회관,NNG
전주 여행,비빔밥,NNG
전주 여행,맛집,NNG
전주 여행,가족,NNG
전주 여행,회관,NNG
전주 여행,상담,NNG
전주 여행,팀원,NNG
전주 여행,합류,NNG
전주 여행,저녁,NNG
전주 여행,비빔밥,NNG
전주 여행,맛집,NNG
전주 여행,추천,NNG
전주 여행,고고씽,NNP
전주 여행,마이산,NNP
전주 여행,휴게소,NNG
전주 여행,마이산,NNP
전주 여행,배경,NNG
전주 여행,덕진,NNP
전주 여행,공원,NNG
전주 여행,연꽃,NNG
전주 여행,연꽃,NNG
전주 여행,영화,NNG
전주 여행,호텔,NNG
전주 여행,체크인,NNG
전주 여행,맛집,NNG
전주 여행,한국,NNP
전주 여행,브런치,NNP
전주 여행,카페,NNG
전주 여행,투리,NNG
전주 여행,스타,NNG
전주 여행,마지막,NNG
전주 여행,오전,NNG
전주 여행,브런치,NNP
전주 여행,브런치,NNP
전주 여행,카페,NNP
전주 여행,폭풍,NNG
전주 여행,검색,NNG
전주 여행,브런치,NNP
전주 여행,카페,NNG
전주 여행,투리,NNG
전주 여행,스타,NNG
전주 여행,한옥,NNG
전주 여행,마을,NNG
전주 여행,근처,NNG
전주 여행,호텔,NNG
전주 여행,아래,NNG
전주 여행,카페,NNG
전주 여행,한잔,NNG
전주 여행,분위기,NNG
전주 여행,구일집,NNP
전주 여행,맛집,NNG
전주 여행,한옥,NNG
전주 여행,한잔,NNG
전주 여행,분위기,NNG
전주 여행,구일집,NNP
전주 여행,밥집,NNG
전주 여행,술집,NNG
전주 여행,한옥마을,NNP
전주 여행,맛집,NNG
전주 여행,목대,NNG
전주 여행,점심,NNG
전주 여행,이곳저곳,NNG
전주 여행,발견,NNG
전주 여행,전동성당,NNP
전주 여행,입장,NNG
전주 여행,시간,NNG
전주 여행,오늘,NNG
전주 여행,소개,NNG
전주 여행,한옥마을,NNP
전주 여행,명소,NNG
전주 여행,전동성당,NNP
전주 여행,모습,NNG
전주 여행,지정,NNG
전주 여행,입장,NNG
전주 여행,시간,NNG
전주 여행,맛집,NNG
전주 여행,교동,NNP
전주 여행,시래,NNP
전주 여행,시래기,NNG
전주 여행,국밥,NNG
전주 여행,전문점,NNG
전주 여행,옥마,NNP
전주 여행,맛집,NNG
전주 여행,교동,NNP
전주 여행,시래,NNP
전주 여행,시래기,NNG
전주 여행,국밥,NNG
전주 여행,전문점,NNG
전주 여행,한옥마을,NNP
전주 여행,맛집,NNG
전주 여행,한옥마을,NNP
전주 여행,아침,NNG
전주 여행,식사,NNG
전주 여행,시래기,NNG
전주 여행,국밥,NNG
전주 여행,한옥,NNG
전주 여행,마을,NNG
전주 여행,아침,NNG
전주 여행,시각,NNG
전주 여행,아침,NNG
전주 여행,식사,NNG
전주 여행,가능,NNG
전주 여행,식당,NNG
전주 여행,풍년제,NNP
전주 여행,수제,NNG
전주 여행,초코파이,NNP
전주 여행,초코파이,NNP
전주 여행,풍년제,NNP
전주 여행,우리,NP
전주 여행,초코파이,NNP
전주 여행,한옥,NNG
전주 여행,마을,NNG
전주 여행,여럿,NNG
전주 여행,국내,NNG
전주 여행,네오,NNP
전주 여행,간식,NNG
전주 여행,추억,NNG
전주 여행,가게,NNG
전주 여행,구경,NNG
전주 여행,카카오,NNG
전주 여행,캐릭터,NNG
전주 여행,달고나,NNP
전주 여행,불량,NNG
전주 여행,식품,NNG
전주 여행,여기,NP
전주 여행,완자,NNG
전주 여행,꼬치,NNG
전주 여행,체다,NNP
전주 여행,치즈,NNG
전주 여행,완자,NNG
전주 여행,꼬치,NNG
전주 여행,사고,NNG
전주 여행,알라딘,NNP
전주 여행,자평,NNG
전주 여행,레시피,NNG
전주 여행,레시피,NNG
전주 여행,김주미,NNP
전주 여행,지음,NNG
전주 여행,상상,NNG
전주 여행,평점,NNG
전주 여행,구판,NNG
전주 여행,절판,NNG
전주 여행,처음,NNG
전주 여행,기대,NNG
전주 여행,편집,NNG
전주 여행,맛집,NNG
전주 여행,수정관,NNG
전주 여행,강추,NNG
전주 여행,중화요리,NNG
전주 여행,인터넷,NNG
전주 여행,데프콘,NNP
전주 여행,어디,NP
전주 여행,배신,NNG
전주 여행,한옥마을,NNP
전주 여행,산책,NNG
전주 여행,코스,NNG
전주 여행,일차,NNG
전주 여행,팔자,NNG
전주 여행,보너스,NNG
전주 여행,시간,NNG
전주 여행,이투,NNG
전주 여행,케이,NNG
전주 여행,이투,NNG
전주 여행,케이,NNG
전주 여행,시간,NNG
전주 여행,시간,NNG
전주 여행,산책,NNG
전주 여행,시간,NNG
전주 여행,투자,NNG
전주 여행,백화점,NNG
전주 여행,부근,NNG
전주 여행,친구,NNG
전주 여행,한옥마을,NNP
전주 여행,한옥,NNP
전주 여행,일바,NNP
전주 여행,길거리,NNG
전주 여행,한옥,NNP
전주 여행,레일바이크,NNP
전주 여행,사랑,NNG
전주 여행,연인,NNG
전주 여행,한옥,NNG
전주 여행,마을,NNG
전주 여행,한복,NNG
전주 여행,데이트,NNG
전주 여행,아중역,NNP
전주 여행,한옥,NNP
전주 여행,레일바이크,NNP
전주 여행,영원,NNG
전주 여행,추억,NNG
전주 여행,마전,NNG
전주 여행,고분군,NNP
전주 여행,서부,NNG
전주 여행,신시가지,NNG
전주 여행,문학,NNG
전주 여행,문화,NNG
전주 여행,공간,NNG
전주 여행,조성,NNG
전주 여행,고분군,NNP
전주 여행,공원,NNG
전주 여행,오른쪽,NNG
전주 여행,계단,NNG
전주 여행,입구,NNG
전주 여행,조선,NNP
전주 여행,문종,NNG
전주 여행,알라딘,NNP
전주 여행,자평,NNG
전주 여행,레시피,NNG
전주 여행,레시피,NNG
전주 여행,김주미,NNP
전주 여행,지음,NNG
전주 여행,상상,NNG
전주 여행,평점,NNG
전주 여행,구판,NNG
전주 여행,절판,NNG
전주 여행,구입,NNG
전주 여행,편집,NNG
전주 여행,후백제,NNG
전주 여행,견훤,NNP
전주 여행,숨결,NNG
전주 여행,승암,NNG
전주 여행,조선,NNP
전주 여행,왕조,NNG
전주 여행,본향,NNG
전주 여행,후백제,NNG
전주 여행,도읍지,NNG
전주 여행,후백제,NNG
전주 여행,견훤,NNP
전주 여행,숨결,NNG
전주 여행,동고,NNG
전주 여행,동고,NNG
전주 여행,완산,NNP
전주 여행,그립,NNG
전주 여행,군아,NNG
전주 여행,유언,NNG
전주 여행,견훤,NNP
전주 여행,도읍,NNG
전주 여행,사고사,NNG
전주 여행,일제,NNG
전주 여행,강점기,NNG
전주 여행,역사,NNG
전주 여행,흔적,NNG
전주 여행,역사,NNG
전주 여행,공원,NNG
전주 여행,공원,NNG
전주 여행,완산,NNP
전주 여행,오래,NNG
전주 여행,역사,NNG
전주 여행,공원,NNG
전주 여행,역사,NNG
전주 여행,공원,NNG
전주 여행,다가산,NNG
전주 여행,정상,NNG
전주 여행,명단,NNG
전주 여행,명당,NNG
전주 여행,아중,NNG
전주 여행,호숫가,NNG
전주 여행,소공원,NNG
전주 여행,호동,NNG
전주 여행,어린이,NNG
전주 여행,공원,NNG
전주 여행,호동,NNG
전주 여행,시민,NNG
전주 여행,누구,NP
전주 여행,이름,NNG
전주 여행,예전,NNG
전주 여행,쓰래,NNG
전주 여행,매립장,NNG
전주 여행,호공,NNP
전주 여행,오후,NNG
전주 여행,시간,NNG
전주 여행,시간,NNG
전주 여행,아중,NNG
전주 여행,호수,NNG
전주 여행,중리,NNG
전주 여행,레일바이크,NNP
전주 여행,조선,NNP
전주 여행,시대,NNG
전주 여행,별장,NNG
전주 여행,한옥마을,NNP
전주 여행,임실,NNP
전주 여행,슬치,NNP
전주 여행,고개,NNG
전주 여행,발원,NNG
전주 여행,당과,NNG
전주 여행,경관,NNG
전주 여행,조선,NNP
전주 여행,개국,NNG
전주 여행,공신,NNG
전주 여행,집현전,NNG
전주 여행,직제학,NNG
전주 여행,월당,NNG
전주 여행,선생,NNG
전주 여행,태조,NNG
전주 여행,조선왕조실록,NNP
전주 여행,피난,NNG
전주 여행,수난사,NNG
전주 여행,사고,NNG
전주 여행,사고,NNG
전주 여행,국보,NNG
전주 여행,조선왕조실록,NNP
전주 여행,보관,NNG
전주 여행,경기,NNG
전주 여행,전안,NNG
전주 여행,건물,NNG
전주 여행,사고,NNG
전주 여행,임진왜란,NNG
전주 여행,당시,NNG
전주 여행,조성,NNG
전주 여행,왕조,NNG
전주 여행,실록,NNG
전주 여행,피신,NNG
전주 여행,수난사,NNG
전주 여행,한눈,NNG
전주 여행,사고,NNG
전주 여행,조선,NNP
전주 여행,본향,NNG
전주 여행,한옥,NNG
전주 여행,마을,NNG
전주 여행,경기전,NNG
전주 여행,진박,NNG
전주 여행,조선,NNP
전주 여행,본향,NNG
전주 여행,한옥마을,NNP
전주 여행,한옥마을,NNP
전주 여행,전국,NNG
전주 여행,한옥마을,NNP
전주 여행,한옥,NNG
전주 여행,마을,NNG
전주 여행,경기전,NNG
전주 여행,경기,NNG
전주 여행,전안,NNG
전주 여행,태조,NNP
전주 여행,이성계,NNP
전주 여행,어진,NNG
전주 여행,어진,NNG
전주 여행,산책,NNG
전주 여행,추억,NNG
전주 여행,일요일,NNG
전주 여행,오후,NNG
전주 여행,일차,NNG
전주 여행,팔자,NNG
전주 여행,보너스,NNG
전주 여행,시간,NNG
전주 여행,이투,NNG
전주 여행,케이,NNG
전주 여행,트리,NNG
전주 여행,시간,NNG
전주 여행,안성맞춤,NNG
전주 여행,산책,NNG
전주 여행,시간,NNG
전주 여행,투자,NNG
전주 여행,아이,NNG
전주 여행,한옥,NNG
전주 여행,마을,NNG
전주 여행,산책,NNG
전주 여행,군것질,NNG
전주 여행,개인,NNG
전주 여행,만족,NNG
전주 여행,마약,NNG
전주 여행,육전,NNG
전주 여행,추억,NNG
전주 여행,사진,NNG
전주 여행,조미료,NNG
전주 여행,한복,NNG
전주 여행,대여,NNG
전주 여행,헤어,NNG
전주 여행,사진,NNG
전주 여행,세트,NNG
전주 여행,가족,NNG
전주 여행,한복,NNG
전주 여행,체험,NNG
전주 여행,시작,NNG
전주 여행,사진관,NNG
전주 여행,사진,NNG
전주 여행,촬영,NNG
전주 여행,마을,NNG
전주 여행,투어,NNG
전주 여행,친환경,NNG
전주 여행,생태,NNG
전주 여행,도시,NNG
전주 여행,에코,NNP
전주 여행,시티,NNG
전주 여행,자랑거리,NNG
전주 여행,병호,NNP
전주 여행,병공,NNG
전주 여행,에코,NNP
전주 여행,시티,NNG
전주 여행,조성,NNG
전주 여행,공원,NNG
전주 여행,한옥마을,NNP
전주 여행,코스,NNG
전주 여행,이투,NNG
전주 여행,케이,NNG
전주 여행,손자,NNG
전주 여행,에코,NNP
전주 여행,시티,NNG
전주 여행,세병,NNG
전주 여행,공원,NNG
전주 여행,연꽃,NNG
전주 여행,대한민국,NNP
전주 여행,연꽃,NNG
전주 여행,대표,NNG
전주 여행,관광지,NNG
전주 여행,덕진,NNP
전주 여행,공원,NNG
전주 여행,진연,NNG
전주 여행,덕진,NNP
전주 여행,공원,NNG
전주 여행,코스,NNG
전주 여행,필수,NNG
전주 여행,코스,NNG
전주 여행,덕진,NNP
전주 여행,연못,NNG
전주 여행,연꽃,NNG
전주 여행,덕진,NNP
전주 여행,호수,NNG
전주 여행,가운데,NNG
전주 여행,현수교,NNG
전주 여행,연지,NNG
전주 여행,교등,NNG
전주 여행,주변,NNG
전주 여행,경관,NNG
전주 여행,사진,NNG
전주 여행,연꽃,NNG
전주 여행,완산,NNP
전주 여행,칠봉,NNG
전주 여행,도심,NNG
전주 여행,하늘,NNG
전주 여행,정원,NNG
전주 여행,완산,NNP
전주 여행,공원,NNG
전주 여행,완산,NNP
전주 여행,공원,NNG
전주 여행,완산,NNP
전주 여행,공원,NNG
전주 여행,꽃동산,NNG
전주 여행,완산,NNP
전주 여행,칠봉,NNG
전주 여행,도심,NNG
전주 여행,공원,NNG
전주 여행,후백제,NNG
전주 여행,도읍지,NNG
전주 여행,조선,NNP
전주 여행,왕조,NNG
전주 여행,본향,NNG
전주 여행,대표,NNG
전주 여행,완산,NNP
전주 여행,칠봉,NNG
전주 여행,완산,NNP
전주 여행,고원,NNP
전주 여행,꽃동산,NNG
전주 여행,시립,NNG
전주 여행,도서관,NNG
전주 여행,하늘,NNG
전주 여행,후백제,NNG
전주 여행,숨결,NNG
전주 여행,방산,NNG
전주 여행,후백제,NNG
전주 여행,도읍지,NNG
전주 여행,후백제,NNG
전주 여행,견훤,NNP
전주 여행,숨결,NNG
전주 여행,효자동,NNG
전주 여행,서곡,NNG
전주 여행,지구,NNG
전주 여행,방산,NNG
전주 여행,서고,NNG
전주 여행,완산,NNP
전주 여행,그립,NNG
전주 여행,군아,NNG
전주 여행,유언,NNG
전주 여행,견훤,NNP
전주 여행,도읍,NNG
전주 여행,알라딘,NNP
전주 여행,언제,NNG
전주 여행,다음,NNG
전주 여행,북카페,NNP
전주 여행,카프카,NNP
전주 여행,다음,NNG
전주 여행,요즘,NNG
전주 여행,한옥마을,NNP
전주 여행,분위기,NNG
전주 여행,한옥마을,NNP
전주 여행,부채,NNG
전주 여행,박물,NNG
전주 여행,한옥마을,NNP
전주 여행,부채,NNG
전주 여행,박물관,NNG
전주 여행,선조,NNG
전주 여행,지혜,NNG
전주 여행,부채,NNG
전주 여행,한옥,NNG
전주 여행,마을,NNG
전주 여행,글자,NNG
전주 여행,조선,NNP
전주 여행,시대,NNG
전주 여행,부채,NNG
전주 여행,중국,NNP
전주 여행,일본,NNP
전주 여행,부채,NNG
전주 여행,부채,NNG
전주 여행,전시,NNG
전주 여행,부채,NNG
전주 여행,박물관,NNG
전주 여행,한옥마을,NNP
전주 여행,국내,NNG
전주 여행,최고,NNG
전주 여행,수준,NNG
전주 여행,복합,NNG
전주 여행,문화,NNG
전주 여행,예술,NNG
전주 여행,공간,NNG
전주 여행,한국,NNP
전주 여행,소리,NNG
전주 여행,문화,NNG
전주 여행,전북,NNP
전주 여행,개최,NNG
전주 여행,세계,NNG
전주 여행,소리,NNG
전주 여행,축제,NNG
전주 여행,한국,NNP
전주 여행,소리,NNG
전주 여행,문화,NNG
전주 여행,이다,NNP
전주 여행,자랑,NNG
전주 여행,전북,NNP
전주 여행,자랑,NNG
전주 여행,면적,NNG
전주 여행,건물,NNG
전주 여행,면적,NNG
전주 여행,대형,NNG
전주 여행,아트,NNG
전주 여행,센터,NNG
전주 여행,완산,NNP
전주 여행,칠봉,NNG
전주 여행,생태,NNG
전주 여행,공원,NNG
전주 여행,완산,NNP
전주 여행,칠봉,NNG
전주 여행,생태,NNG
전주 여행,지원,NNG
전주 여행,완산,NNP
전주 여행,칠봉,NNG
전주 여행,생태,NNG
전주 여행,지원,NNG
전주 여행,완산,NNP
전주 여행,지명,NNG
전주 여행,이싸,NNP
전주 여행,조선,NNP
전주 여행,본향,NNG
전주 여행,후백제,NNG
전주 여행,도읍지,NNG
전주 여행,산책,NNG
전주 여행,천변,NNG
전주 여행,산세,NNG
전주 여행,비경,NNG
전주 여행,완산,NNP
전주 여행,완산,NNP
전주 여행,칠봉,NNG
전주 여행,에코,NNP
전주 여행,시티,NNG
전주 여행,친환경,NNG
전주 여행,생태,NNG
전주 여행,공원,NNG
전주 여행,세병,NNG
전주 여행,공원,NNG
전주 여행,세병,NNG
전주 여행,공원,NNG
전주 여행,한옥마을,NNP
전주 여행,코스,NNG
전주 여행,이투,NNG
전주 여행,케이,NNG
전주 여행,에코,NNP
전주 여행,시티,NNG
전주 여행,손자,NNG
전주 여행,에코,NNP
전주 여행,시티,NNG
전주 여행,처음,NNG
전주 여행,포스팅,NNP
전주 여행,예향,NNG
전주 여행,도시,NNG
전주 여행,자랑거리,NNG
전주 여행,국립,NNG
전주 여행,무형,NNG
전주 여행,유산,NNG
전주 여행,박물관,NNG
전주 여행,예향,NNG
전주 여행,도시,NNG
전주 여행,무형,NNG
전주 여행,유산,NNG
전주 여행,박물관,NNG
전주 여행,자랑,NNG
전주 여행,개관,NNG
전주 여행,자랑거리,NNG
전주 여행,시민,NNG
전주 여행,각종,NNG
전주 여행,무료,NNG
전주 여행,공연,NNG
전주 여행,계속,NNG
전주 여행,전동성당,NNP
전주 여행,초순,NNG
전주 여행,교지,NNG
전주 여행,한옥마을,NNP
전주 여행,필수,NNG
전주 여행,코스,NNG
전주 여행,필수,NNG
전주 여행,코스,NNG
전주 여행,한옥마을,NNP
전주 여행,아내,NNG
전주 여행,남문,NNG
전주 여행,시장,NNG
전주 여행,대국,NNG
전주 여행,그릇,NNG
전주 여행,한옥,NNG
전주 여행,마을,NNG
전주 여행,전동성당,NNP
전주 여행,요일,NNG
전주 여행,코스,NNG
전주 여행,한옥마을,NNP
전주 여행,전통,NNG
전주 여행,비빔밥,NNG
전주 여행,시식,NNP
전주 여행,덕진,NNP
전주 여행,공원,NNG
전주 여행,유적지,NNG
전주 여행,저녁,NNG
전주 여행,떡갈비,NNG
전주 여행,시식,NNG
전주 여행,덕진,NNP
전주 여행,호수,NNG
전주 여행,연화교,NNG
전주 여행,변신,NNG
전주 여행,덕진,NNP
전주 여행,공원,NNG
전주 여행,덕진,NNP
전주 여행,공원,NNG
전주 여행,연화교,NNG
전주 여행,덕진,NNP
전주 여행,공원,NNG
전주 여행,모습,NNG
전주 여행,모습,NNG
전주 여행,연화교,NNG
전주 여행,모습,NNG
전주 여행,변신,NNG
전주 여행,마음,NNG
전주 여행,시간,NNG
전주 여행,자투리,NNG
전주 여행,한옥마을,NNP
전주 여행,야시장,NNG
전주 여행,남부,NNG
전주 여행,시장,NNG
전주 여행,청년,NNG
전주 여행,구경,NNG
전주 여행,한옥,NNP
전주 여행,스테이,NNP
전주 여행,태조,NNP
전주 여행,마루,NNP
전주 여행,한옥마을,NNP
전주 여행,먹거리,NNG
전주 여행,구경,NNG
전주 여행,사장,NNG
전주 여행,야시장,NNG
전주 여행,구경,NNG
전주 여행,광화문,NNG
전주 여행,세월,NNG
전주 여행,천막,NNG
전주 여행,조명,NNG
전주 여행,풍남문,NNG
전주 여행,대사습놀이,NNG
전주 여행,한옥마을,NNP
전주 여행,구경,NNG
전주 여행,전국,NNG
전주 여행,대회,NNG
전주 여행,판소리,NNG
전주 여행,명창,NNG
전주 여행,일반,NNG
전주 여행,농악,NNG
전주 여행,무용,NNG
전주 여행,기악,NNG
전주 여행,시조,NNG
전주 여행,민요,NNG
전주 여행,가야금,NNG
전주 여행,명창,NNG
전주 여행,궁도,NNG
전주 여행,명고,NNG
전주 여행,부분,NNG
전주 여행,전국,NNG
전주 여행,경연,NNG
전주 여행,대회,NNG
전주 여행,대사습놀이,NNG
전주 여행,전국,NNG
전주 여행,대회,NNG
전주 여행,옛날,NNG
전주 여행,물건,NNG
전주 여행,이곳,NP
전주 여행,전시,NNG
전주 여행,한옥마을,NNP
전주 여행,한옥마을,NNP
전주 여행,루이,NNP
전주 여행,엘모,NNG
전주 여행,자박,NNG
전주 여행,물관,NNG
전주 여행,추억,NNG
전주 여행,박물관,NNG
전주 여행,건물,NNG
전주 여행,입장료,NNG
전주 여행,전시,NNG
전주 여행,공간,NNG
전주 여행,전라북도,NNP
전주 여행,문화,NNG
전주 여행,예술,NNG
전주 여행,재단,NNG
전주 여행,지원,NNG
전주 여행,생각,NNG
전주 여행,한옥마을,NNP
전주 여행,풍남문,NNG
전주 여행,조선,NNP
전주 여행,본향,NNG
전주 여행,한옥마을,NNP
전주 여행,경기전,NNG
전주 여행,진박,NNG
전주 여행,물관,NNG
전주 여행,풍남문,NNG
전주 여행,보물,NNG
전주 여행,풍남문,NNG
전주 여행,대표,NNG
전주 여행,가즈,NNP
전주 여행,젊음,NNG
전주 여행,거리,NNG
전주 여행,객사,NNG
전주 여행,필수,NNG
전주 여행,코스,NNG
전주 여행,결혼식,NNG
전주 여행,참석,NNG
전주 여행,벚꽃,NNG
전주 여행,명소,NNG
전주 여행,이자,NNG
전주 여행,데이트,NNG
전주 여행,코스,NNG
전주 여행,아중,NNG
전주 여행,리저,NNP
전주 여행,수지,NNG
전주 여행,영화,NNG
전주 여행,거리,NNG
전주 여행,객사,NNG
전주 여행,필수,NNG
전주 여행,코스,NNG
전주 여행,천상,NNG
전주 여행,정원,NNG
전주 여행,한국도로공사,NNP
전주 여행,고도,NNG
전주 여행,조선,NNP
전주 여행,본향,NNG
전주 여행,필수,NNG
전주 여행,코스,NNG
전주 여행,한국도로공사,NNP
전주 여행,수목원,NNG
전주 여행,월드컵,NNG
전주 여행,경기장,NNG
전주 여행,부근,NNG
전주 여행,고속도,NNG
전주 여행,도로변,NNG
전주 여행,한옥마을,NNP
전주 여행,한국,NNP
전주 여행,관광,NNG
전주 여행,우리나라,NNG
전주 여행,대표,NNG
전주 여행,이외,NNG
전주 여행,향교,NNG
전주 여행,목대,NNG
전주 여행,벽화,NNG
전주 여행,마을,NNG
전주 여행,전통주,NNG
전주 여행,박물관,NNG
전주 여행,승광,NNP
전주 여행,한옥마을,NNP
전주 여행,은퇴,NNG
전주 여행,사진,NNG
전주 여행,작가,NNG
전주 여행,활동,NNG
전주 여행,절친,NNG
전주 여행,사진,NNG
전주 여행,한옥마을,NNP
전주 여행,전망대,NNG
전주 여행,이성계,NNP
전주 여행,장군,NNG
전주 여행,승전,NNG
전주 여행,연회,NNG
전주 여행,장소,NNG
전주 여행,목대,NNG
전주 여행,한옥마을,NNP
전주 여행,한옥마을,NNP
전주 여행,경기,NNG
전주 여행,박물관,NNG
전주 여행,풍남문,NNG
전주 여행,남문,NNG
전주 여행,시장,NNG
전주 여행,최근,NNG
전주 여행,개장,NNG
전주 여행,전라,NNP
전주 여행,감영,NNG
전주 여행,목대,NNG
전주 여행,어디,NP
전주 여행,서비스,NNG
전주 여행,작성자,NNG
전주 여행,광고,NNG
전주 여행,제주,NNP
전주 여행,유럽,NNP
전주 여행,코티지,NNP
전주 여행,감성,NNG
전주 여행,지독,NNG
전주 여행,프라이빗,NNG
전주 여행,제주,NNP
전주 여행,유럽,NNP
전주 여행,감성,NNG
전주 여행,인상,NNG
전주 여행,마중,NNG
전주 여행,도로공원,NNG
전주 여행,마중,NNG
전주 여행,기차,NNG
전주 여행,처음,NNG
전주 여행,마중,NNG
전주 여행,첫인상,NNG
전주 여행,마중,NNG
전주 여행,여름,NNG
전주 여행,마중,NNG
전주 여행,여름,NNG
전주 여행,무더위,NNG
전주 여행,어린이,NNG
전주 여행,아중,NNG
전주 여행,호수,NNG
전주 여행,나무,NNG
전주 여행,데크,NNP
전주 여행,산책로,NNG
전주 여행,산책,NNG
전주 여행,예전,NNG
전주 여행,중리,NNG
전주 여행,아중,NNG
전주 여행,호수,NNG
전주 여행,야성,NNG
전주 여행,벚꽃,NNG
전주 여행,구경,NNG
전주 여행,민물,NNG
전주 여행,매운탕,NNG
전주 여행,기린,NNG
전주 여행,등산,NNG
전주 여행,목적,NNG
전주 여행,한국,NNP
전주 여행,도로공사,NNP
전주 여행,수목원,NNG
전주 여행,코앞,NNG
전주 여행,시민,NNG
전주 여행,쉼터,NNG
전주 여행,총화,NNG
전주 여행,기독교,NNG
전주 여행,방송국,NNG
전주 여행,예전,NNG
전주 여행,고속도,NNG
전주 여행,나들목,NNG
전주 여행,자리,NNG
전주 여행,그곳,NP
전주 여행,시민,NNG
전주 여행,쉼터,NNG
전주 여행,조성,NNG
전주 여행,나들목,NNG
전주 여행,가족,NNG
전주 여행,공원,NNG
전주 여행,인터체인지,NNG
전주 여행,월드컵,NNG
전주 여행,경기장,NNG
전주 여행,조선,NNP
전주 여행,본향,NNG
전주 여행,자랑거리,NNG
전주 여행,덕진,NNP
전주 여행,연못,NNG
전주 여행,연꽃,NNG
전주 여행,덕진,NNP
전주 여행,공원,NNG
전주 여행,조선,NNP
전주 여행,본향,NNG
전주 여행,명물,NNG
전주 여행,상징,NNG
전주 여행,덕진,NNP
전주 여행,공원,NNG
전주 여행,필수,NNG
전주 여행,코스,NNG
전주 여행,덕진,NNP
전주 여행,호수,NNG
전주 여행,가운데,NNG
전주 여행,현수교,NNG
전주 여행,연꽃,NNG
전주 여행,양분,NNG
전주 여행,덕진,NNP
전주 여행,연못,NNG
전주 여행,광주,NNP
전주 여행,당신,NP
전주 여행,지역,NNG
전주 여행,특색,NNG
전주 여행,한옥마을,NNP
전주 여행,매력,NNG
전주 여행,광주,NNP
전주 여행,거리,NNG
전주 여행,위치,NNG
전주 여행,한옥마을,NNP
전주 여행,한국,NNP
전주 여행,전통,NNG
전주 여행,가옥,NNG
전주 여행,장소,NNG
전주 여행,한옥마을,NNP
전주 여행,대한민국,NNP
전주 여행,대표,NNG
전주 여행,난장,NNG
전주 여행,박물관,NNG
전주 여행,한옥마을,NNP
전주 여행,이색,NNG
전주 여행,옛날,NNG
전주 여행,볼거리,NNG
전주 여행,생일,NNG
전주 여행,손자,NNG
전주 여행,한옥,NNG
전주 여행,마을,NNG
전주 여행,하루,NNG
전주 여행,점심,NNG
전주 여행,한옥,NNG
전주 여행,마을,NNG
전주 여행,먹거리,NNG
전주 여행,갈비,NNG
전주 여행,홈페이지,NNG
전주 여행,제작,NNG
전주 여행,해외,NNG
전주 여행,골프,NNG
전주 여행,투어,NNG
전주 여행,전문,NNG
전주 여행,온라인,NNG
전주 여행,견적,NNG
전주 여행,단독,NNG
전주 여행,투어,NNG
전주 여행,투어,NNG
전주 여행,공식,NNG
전주 여행,인증,NNG
전주 여행,예약,NNG
전주 여행,센터,NNG
전주 여행,해외,NNG
전주 여행,단체,NNG
전주 여행,투어,NNG
전주 여행,단독,NNG
전주 여행,투어,NNG
전주 여행,글로벌,NNG
전주 여행,투어,NNG
전주 여행,투어,NNG
전주 여행,공식,NNG
전주 여행,인증,NNG
전주 여행,예약,NNG
전주 여행,센터,NNG
전주 여행,해외,NNG
전주 여행,단체,NNG
전주 여행,투어,NNG
전주 여행,정월,NNG
전주 여행,보름,NNG
전주 여행,공연,NNG
전주 여행,전북,NNP
전주 여행,달맞이,NNG
전주 여행,가세,NNG
전주 여행,음식,NNG
전주 여행,고장,NNG
전주 여행,이자,NNG
전주 여행,한옥마을,NNP
전주 여행,고장,NNG
전주 여행,복판,NNG
전주 여행,광장,NNG
전주 여행,임실,NNP
전주 여행,한국,NNP
전주 여행,신명,NNG
전주 여행,축제,NNG
전주 여행,필봉,NNG
전주 여행,마을,NNG
전주 여행,정월,NNG
전주 여행,보름,NNG
전주 여행,정월,NNG
전주 여행,보름날,NNG
전주 여행,지구촌,NNG
전주 여행,모자,NNG
전주 여행,이곳,NP
전주 여행,이색,NNG
전주 여행,박물관,NNG
전주 여행,루이,NNP
전주 여행,모자,NNG
전주 여행,한옥마을,NNP
전주 여행,모자,NNG
전주 여행,박물관,NNG
전주 여행,구경,NNG
전주 여행,한옥마을,NNP
전주 여행,서쪽,NNG
전주 여행,끝자락,NNG
전주 여행,루이,NNP
전주 여행,엘모,NNG
전주 여행,자박,NNG
전주 여행,물관,NNG
전주 여행,추억,NNG
전주 여행,박물관,NNG
전주 여행,박물관,NNG
전주 여행,박물관,NNG
전주 여행,구경거리,NNG
전주 여행,입장료,NNG
전주 여행,박물관,NNG
전주 여행,전동,NNG
전주 여행,성당,NNG
전주 여행,지란지교,NNG
전주 여행,친구,NNG
전주 여행,약속,NNG
전주 여행,시간,NNG
전주 여행,오후,NNG
전주 여행,시간,NNG
전주 여행,틈새,NNG
전주 여행,전동,NNG
전주 여행,성당,NNG
전주 여행,수요일,NNG
전주 여행,오후,NNG
전주 여행,성당,NNG
전주 여행,행사,NNG
전주 여행,관계자,NNG
전주 여행,차량,NNG
전주 여행,임도,NNG
전주 여행,꼬까,NNG
전주 여행,한복,NNG
전주 여행,전화,NNG
전주 여행,번호,NNG
전주 여행,도로,NNG
전주 여행,완산구,NNP
전주 여행,은행,NNG
전주 여행,지번,NNG
전주 여행,완산구,NNP
전주 여행,교동,NNP
전주 여행,장점,NNG
전주 여행,숙박업,NNG
전주 여행,샤워,NNG
전주 여행,타월,NNG
전주 여행,화장,NNG
전주 여행,거울,NNG
전주 여행,비누,NNG
전주 여행,클렌징,NNG
전주 여행,아시아,NNP
전주 여행,명소,NNG
전주 여행,한옥마을,NNP
전주 여행,시작,NNG
전주 여행,역사,NNG
전주 여행,한옥마을,NNP
전주 여행,이다,NNP
전주 여행,광장,NNG
전주 여행,한복,NNG
전주 여행,부채,NNG
전주 여행,아가씨,NNG
전주 여행,관광객,NNG
전주 여행,난장,NNG
전주 여행,테마,NNG
전주 여행,박물관,NNG
전주 여행,감수,NNG
전주 여행,이번,NNG
전주 여행,전북,NNP
전주 여행,유일,NNG
전주 여행,테마,NNG
전주 여행,박물관,NNG
전주 여행,감수,NNG
전주 여행,재현,NNG
전주 여행,장소,NNG
전주 여행,이곳,NP
전주 여행,난장,NNG
전주 여행,그대,NP
전주 여행,감성,NNG
전주 여행,한옥마을,NNP
전주 여행,한울,NNP
전주 여행,밥상,NNG
전주 여행,맛집,NNG
전주 여행,터널,NNG
전주 여행,한울,NNP
전주 여행,밥상,NNG
전주 여행,터널,NNG
전주 여행,공존,NNG
전주 여행,도시,NNG
전주 여행,기대,NNG
전주 여행,이번,NNG
전주 여행,특별,NNG
전주 여행,원래,NNG
전주 여행,한옥,NNG
전주 여행,마을,NNG
전주 여행,안쪽,NNG
전주 여행,맛집,NNG
전주 여행,계획,NNG
전주 여행,가게,NNG
전주 여행,사장,NNG
전주 여행,숙영,NNG
전주 여행,가마솥,NNG
전주 여행,비빔밥,NNG
전주 여행,된장찌개,NNG
전주 여행,비빔밥,NNG
전주 여행,조합,NNG
전주 여행,맛집,NNG
전주 여행,투어,NNG
전주 여행,숙영,NNG
전주 여행,비빔밥,NNG
전주 여행,방문,NNG
전주 여행,오래전,NNG
전주 여행,음식,NNG
전주 여행,비빔밥,NNG
전주 여행,이번,NNG
전주 여행,생각,NNG
전주 여행,비빔밥,NNG
전주 여행,가게,NNG
전주 여행,검색,NNG
전주 여행,예정,NNG
전주 여행,월드,NNG
전주 여행,티스토리,NNP
전주 여행,예정,NNG
전주 여행,막걸리,NNG
전주 여행,안주,NNG
전주 여행,한옥마을,NNP
전주 여행,막걸리,NNG
전주 여행,골목,NNG
전주 여행,얼마,NNG
전주 여행,정보,NNG
전주 여행,막걸리,NNG
전주 여행,맛집,NNG
전주 여행,추천,NNG
전주 여행,리스트,NNG
전주 여행,지인,NNG
전주 여행,먹방,NNG
전주 여행,맛집,NNG
전주 여행,조점,NNG
전주 여행,남문,NNG
전주 여행,피순대,NNG
전주 여행,남부,NNG
전주 여행,시장,NNG
전주 여행,정도,NNG
전주 여행,시장,NNG
전주 여행,도착,NNG
전주 여행,시장,NNG
전주 여행,알라딘,NNP
전주 여행,서재,NNP
전주 여행,오렌지캬라멜,NNP
전주 여행,청춘,NNG
전주 여행,생각,NNG
전주 여행,서울,NNP
전주 여행,언제,NP
전주 여행,한옥마을,NNP
전주 여행,오렌지,NNP
전주 여행,카라멜,NNP
전주 여행,경로,NNG
전주 여행,옥도,NNG
전주 여행,구경,NNG
전주 여행,한복,NNG
전주 여행,전통,NNG
전주 여행,체험,NNG
전주 여행,알라딘,NNP
전주 여행,언제,NNG
전주 여행,계획,NNG
전주 여행,위로,NNG
전주 여행,권유,NNG
전주 여행,가슴,NNG
전주 여행,에세이,NNG
전주 여행,서다,NNG
전주 여행,핵심,NNG
전주 여행,포인트,NNG
전주 여행,목차,NNG
전주 여행,알라딘,NNP
전주 여행,서재,NNP
전주 여행,시집,NNG
전주 여행,계획,NNG
전주 여행,그곳,NP
전주 여행,무엇,NP
전주 여행,무엇,NP
전주 여행,생각,NNG
전주 여행,한국,NNP
전주 여행,알라딘,NNP
전주 여행,리뷰,NNP
전주 여행,동네,NNG
전주 여행,친구,NNG
전주 여행,회신,NNG
전주 여행,동네,NNG
전주 여행,플레이,NNG
전주 여행,동네,NNG
전주 여행,동네,NNG
전주 여행,매거진,NNG
전주 여행,알라딘,NNP
전주 여행,매력,NNG
전주 여행,로컬,NNG
전주 여행,가이드,NNG
전주 여행,소도시,NNG
전주 여행,소도시,NNG
전주 여행,트래블,NNG
전주 여행,완주,NNG
전주 여행,소도시,NNG
전주 여행,트래블,NNG
전주 여행,조이,NNG
전주 여행,코리아,NNP
전주 여행,편집부,NNG
전주 여행,지음,NNG
전주 여행,조이,NNG
전주 여행,코리아,NNP
전주 여행,평점,NNG
전주 여행,품절,NNG
전주 여행,얼마,NNG
전주 여행,소도시,NNG
전주 여행,트래블,NNG
전주 여행,주편,NNG
전주 여행,콩나물국,NNG
전주 여행,명가,NNG
전주 여행,점포,NNG
전주 여행,차이,NNG
전주 여행,맛집,NNG
전주 여행,콩나물국,NNG
전주 여행,명가,NNG
전주 여행,점포,NNG
전주 여행,차이,NNG
전주 여행,맛집,NNG
전주 여행,현대,NNG
전주 여행,전라북도,NNP
전주 여행,콩나물국,NNG
전주 여행,발생지,NNG
전주 여행,콩나물국,NNG
전주 여행,밥집,NNG
전주 여행,발길,NNG
전주 여행,현대,NNG
전주 여행,세대,NNG
전주 여행,오감,NNG
전주 여행,만족,NNG
전주 여행,완주,NNG
전주 여행,대한민국,NNP
전주 여행,테마,NNG
전주 여행,박물관,NNG
전주 여행,연꽃,NNG
전주 여행,명소,NNG
전주 여행,진공,NNG
전주 여행,완주,NNG
전주 여행,전북,NNP
전주 여행,필수,NNG
전주 여행,코스,NNG
전주 여행,완주군,NNG
전주 여행,구이면,NNP
전주 여행,대한민국,NNP
전주 여행,테마,NNG
전주 여행,박물관,NNG
전주 여행,개관,NNG
전주 여행,대한민국,NNP
전주 여행,테미,NNP
전주 여행,박물관,NNG
전주 여행,만족,NNG
전주 여행,완주,NNG
전주 여행,테마,NNG
전주 여행,박물관,NNG
전주 여행,퇴근,NNG
전주 여행,객리,NNG
전주 여행,한옥마을,NNP
전주 여행,완주,NNP
전주 여행,소양,NNP
전주 여행,퇴근,NNG
전주 여행,저녁,NNG
전주 여행,출발,NNG
전주 여행,하루,NNG
전주 여행,연차,NNG
전주 여행,스케줄,NNG
전주 여행,일정,NNG
전주 여행,개인,NNG
전주 여행,당일,NNG
전주 여행,맛집,NNG
전주 여행,조점,NNG
전주 여행,남문,NNG
전주 여행,피순대,NNG
전주 여행,추천,NNG
전주 여행,가을,NNG
전주 여행,음식,NNG
전주 여행,피순대,NNG
전주 여행,국밥,NNG
전주 여행,가을,NNG
전주 여행,가을,NNG
전주 여행,풍경,NNG
전주 여행,기대,NNG
전주 여행,기대,NNG
전주 여행,예전,NNG
전주 여행,음식,NNG
전주 여행,오랜만,NNG
전주 여행,군산,NNP
전주 여행,한옥마을,NNP
전주 여행,낭만,NNG
전주 여행,군산,NNP
전주 여행,군산,NNG
전주 여행,볼거리,NNG
전주 여행,일정,NNG
전주 여행,숙소,NNG
전주 여행,호텔,NNG
전주 여행,르윈,NNP
전주 여행,호텔,NNG
전주 여행,군산,NNP
전주 여행,국내,NNG
전주 여행,유일,NNG
전주 여행,일본식,NNG
전주 여행,사찰,NNG
전주 여행,동국,NNG
전주 여행,탐방,NNG
전주 여행,동국,NNG
전주 여행,웅전,NNG
전주 여행,대나무,NNG
전주 여행,대나무,NNG
전주 여행,일본식,NNG
전주 여행,동국,NNG
전주 여행,관람,NNG
전주 여행,다음,NNG
전주 여행,군산,NNG
전주 여행,근대,NNG
전주 여행,역사,NNG
전주 여행,박물관,NNG
전주 여행,퇴근,NNG
전주 여행,포함,NNG
전주 여행,부담,NNG
전주 여행,만족,NNG
전주 여행,사람,NNG
전주 여행,승률,NNG
전주 여행,장소,NNG
전주 여행,방문,NNG
전주 여행,진심,NNG
전주 여행,추천,NNG
전주 여행,위쪽,NNG
전주 여행,도서관,NNG
전주 여행,이색,NNG
전주 여행,프로그램,NNG
전주 여행,도서관,NNG
전주 여행,기록,NNG
전주 여행,문화,NNG
전주 여행,뿌리,NNG
전주 여행,한지,NNG
전주 여행,체험,NNG
전주 여행,다가,NNG
전주 여행,도서관,NNG
전주 여행,한옥마을,NNP
전주 여행,도서관,NNG
전주 여행,중식,NNG
전주 여행,동문,NNG
전주 여행,도서관,NNG
전주 여행,도보,NNG
전주 여행,지관,NNG
전주 여행,지체,NNG
전주 여행,비빔밥,NNG
전주 여행,전문점,NNG
전주 여행,가족,NNG
전주 여행,회관,NNG
전주 여행,비빔밥,NNG
전주 여행,체험,NNG
전주 여행,비빔밥,NNG
전주 여행,전문점,NNG
전주 여행,가족,NNG
전주 여행,회관,NNG
전주 여행,비빔밥,NNG
전주 여행,체험,NNG
전주 여행,맛집,NNG
전주 여행,도시,NNG
전주 여행,비빔밥,NNG
전주 여행,체험,NNG
전주 여행,비빔밥,NNG
전주 여행,축제,NNG
전주 여행,시외버스,NNG
전주 여행,터미널,NNG
전주 여행,시간표,NNG
전주 여행,시외버스,NNG
전주 여행,터미널,NNG
전주 여행,시간표,NNG
전주 여행,시작,NNG
전주 여행,시외버스,NNG
전주 여행,터미널,NNG
전주 여행,시간표,NNG
전주 여행,시외버스,NNG
전주 여행,공용,NNG
전주 여행,터미널,NNG
전주 여행,전화,NNG
전주 여행,번호,NNG
전주 여행,전북,NNP
전주 여행,덕진구,NNP
전주 여행,금암동,NNP
전주 여행,서울,NNP
전주 여행,남부,NNG
전주 여행,터미널,NNG
전주 여행,에서,NNG
전주 여행,알라딘,NNP
전주 여행,서재,NNP
전주 여행,예찬,NNG
전주 여행,이유,NNG
전주 여행,음식,NNG
전주 여행,가격,NNG
전주 여행,비빔밥,NNG
전주 여행,우리,NP
전주 여행,한옥,NNG
전주 여행,마을,NNG
전주 여행,근처,NNG
전주 여행,반야,NNG
전주 여행,돌솥,NNG
전주 여행,돌솥,NNG
전주 여행,간장,NNG
전주 여행,이번,NNG
전주 여행,주말,NNG
전주 여행,명물,NNG
전주 여행,덕진,NNP
전주 여행,공원,NNG
전주 여행,연꽃,NNG
전주 여행,축제,NNG
전주 여행,연꽃,NNG
전주 여행,촬영,NNG
전주 여행,코스,NNG
전주 여행,필수,NNG
전주 여행,코스,NNG
전주 여행,휴가,NNG
전주 여행,아들,NNG
전주 여행,명색,NNG
전주 여행,여름휴가,NNG
전주 여행,서울,NNP
전주 여행,엄마,NNG
전주 여행,누나,NNG
전주 여행,조카,NNG
전주 여행,누나,NNG
전주 여행,조카,NNG
전주 여행,강원도,NNP
전주 여행,혼불,NNG
전주 여행,저자,NNG
전주 여행,최명희,NNP
전주 여행,선생,NNG
전주 여행,가터,NNG
전주 여행,전국,NNG
전주 여행,문필가,NNG
전주 여행,생가,NNG
전주 여행,방문,NNG
전주 여행,오늘,NNG
전주 여행,발길,NNG
전주 여행,혼불,NNG
전주 여행,저자,NNG
전주 여행,최명희,NNP
전주 여행,선생,NNG
전주 여행,가터,NNG
전주 여행,완산구,NNP
전주 여행,풍남동,NNP
전주 여행,번지,NNG
전주 여행,위치,NNG
전주 여행,남문,NNG
전주 여행,시장,NNG
전주 여행,카페,NNG
전주 여행,로앤,NNP
전주 여행,남문,NNG
전주 여행,시장,NNG
전주 여행,청년,NNG
전주 여행,숙소,NNG
전주 여행,남문,NNG
전주 여행,시장,NNG
전주 여행,더위,NNG
전주 여행,근처,NNG
전주 여행,카페,NNG
전주 여행,로앤,NNP
전주 여행,카페,NNP
전주 여행,사진,NNG
전주 여행,코스,NNG
전주 여행,전동성당,NNP
전주 여행,고풍,NNG
전주 여행,코스,NNG
전주 여행,전동성당,NNP
전주 여행,고풍,NNG
전주 여행,당일,NNG
전주 여행,예전,NNG
전주 여행,봄날,NNG
전주 여행,생각,NNG
전주 여행,한옥마을,NNP
전주 여행,힐링,NNG
전주 여행,공간,NNG
전주 여행,추천,NNG
전주 여행,경기전,NNG
전주 여행,한옥마을,NNP
전주 여행,힐링,NNG
전주 여행,공간,NNG
전주 여행,추천,NNG
전주 여행,경기전,NNG
전주 여행,볼거리,NNG
전주 여행,한옥마을,NNP
전주 여행,인근,NNG
전주 여행,나무숲,NNG
전주 여행,경기전,NNG
전주 여행,나무숲,NNG
전주 여행,한옥,NNG
전주 여행,정동,NNG
전주 여행,성당,NNG
전주 여행,퇴근,NNG
전주 여행,객리,NNG
전주 여행,한옥마을,NNP
전주 여행,완주,NNP
전주 여행,소양,NNP
전주 여행,점심,NNG
전주 여행,객사,NNG
전주 여행,또순이,NNG
전주 여행,오전,NNG
전주 여행,근처,NNG
전주 여행,점심,NNG
전주 여행,무엇,NP
전주 여행,고민,NNG
전주 여행,숙소,NNG
전주 여행,객사,NNG
전주 여행,맛집,NNG
전주 여행,방문,NNG
전주 여행,누리,NNP
전주 여행,게스트,NNP
전주 여행,하우스,NNP
전주 여행,한옥마을,NNP
전주 여행,숙소,NNG
전주 여행,민박,NNG
전주 여행,숙소,NNG
전주 여행,리뷰,NNP
전주 여행,누리,NNP
전주 여행,게스트,NNP
전주 여행,하우스,NNP
전주 여행,온돌방,NNG
전주 여행,피로,NNG
전주 여행,한옥마을,NNP
전주 여행,진주,NNG
전주 여행,남해,NNP
전주 여행,오후,NNG
전주 여행,알라딘,NNP
전주 여행,서재,NNP
전주 여행,당일,NNG
전주 여행,버스,NNG
전주 여행,마음,NNG
전주 여행,음악,NNG
전주 여행,핸드폰,NNG
전주 여행,버스,NNG
전주 여행,날씨,NNG
전주 여행,화창,NNG
전주 여행,버스,NNG
전주 여행,한참,NNG
전주 여행,버스,NNG
전주 여행,전동성당,NNP
전주 여행,한옥마을,NNP
전주 여행,아카,NNP
전주 여행,갤러리,NNG
전주 여행,카페,NNG
전주 여행,한옥마을,NNP
전주 여행,아카,NNP
전주 여행,갤러리,NNG
전주 여행,카페,NNG
전주 여행,한옥마을,NNP
전주 여행,여유,NNG
전주 여행,아침,NNG
전주 여행,이제,NNG
전주 여행,카페,NNG
전주 여행,햇살,NNG
전주 여행,아침,NNG
전주 여행,허기,NNG
전주 여행,결혼식,NNG
전주 여행,방문,NNG
전주 여행,단풍,NNG
전주 여행,풍경,NNG
전주 여행,오랜만,NNG
전주 여행,얼굴,NNG
전주 여행,얼굴,NNG
전주 여행,행복,NNG
전주 여행,낭만,NNG
전주 여행,카페,NNG
전주 여행,이야기,NNG
전주 여행,낭만,NNG
전주 여행,카페,NNG
전주 여행,한옥마을,NNP
전주 여행,카페,NNG
전주 여행,이야기,NNG
전주 여행,전북,NNP
전주 여행,완산구,NNP
전주 여행,최명희,NNP
전주 여행,풍남동,NNP
전주 여행,도착,NNG
전주 여행,저녁,NNG
전주 여행,코파,NNP
전주 여행,만단,NNG
전주 여행,코파,NNP
전주 여행,선물,NNG
전주 여행,전북,NNP
전주 여행,김제,NNP
전주 여행,김제,NNP
전주 여행,아래,NNG
전주 여행,예전,NNG
전주 여행,코스,NNG
전주 여행,이때,NNG
전주 여행,계획,NNG
전주 여행,도움,NNG
전주 여행,한옥마을,NNP
전주 여행,관광지,NNG
전주 여행,참고,NNG
전주 여행,알라딘,NNP
전주 여행,레시피,NNG
전주 여행,김주미,NNP
전주 여행,지음,NNG
전주 여행,상상,NNG
전주 여행,평점,NNG
전주 여행,구판,NNG
전주 여행,절판,NNG
전주 여행,주말,NNG
전주 여행,레시피,NNG
전주 여행,명소,NNG
전주 여행,한옥마을,NNP
전주 여행,경기전,NNG
전주 여행,한옥마을,NNP
전주 여행,경기전,NNG
전주 여행,작성자,NNG
전주 여행,광고,NNG
전주 여행,누구,NP
전주 여행,농촌,NNG
전주 여행,참참,NNG
전주 여행,단체,NNG
전주 여행,숙박,NNG
전주 여행,이색,NNG
전주 여행,체험,NNG
전주 여행,완비,NNG
전주 여행,광장,NNG
전주 여행,식당,NNG
전주 여행,맛집,NNG
전주 여행,거리,NNG
전주 여행,백반,NNG
전주 여행,맛집,NNG
전주 여행,거리,NNG
전주 여행,반집,NNG
전주 여행,추천,NNG
전주 여행,광장,NNG
전주 여행,식당,NNG
전주 여행,이번,NNG
전주 여행,마지막,NNG
전주 여행,방문,NNG
전주 여행,광장,NNG
전주 여행,식당,NNG
전주 여행,이곳,NP
전주 여행,광장,NNG
전주 여행,식당,NNG
전주 여행,시청,NNG
전주 여행,근처,NNG
전주 여행,백반,NNG
전주 여행,오랫동안,NNG
전주 여행,사랑,NNG
전주 여행,맛집,NNG
전주 여행,전라북도,NNP
전주 여행,남부,NNG
전주 여행,시장,NNG
전주 여행,남부,NNG
전주 여행,시장,NNG
전주 여행,야시장,NNG
전주 여행,먹거리,NNG
전주 여행,남부,NNG
전주 여행,시장,NNG
전주 여행,한옥마을,NNP
전주 여행,한옥마을,NNP
전주 여행,주말,NNG
전주 여행,야간,NNG
전주 여행,사람,NNG
전주 여행,명소,NNG
전주 여행,토요일,NNG
전주 여행,남부,NNG
전주 여행,시장,NNG
전주 여행,야시장,NNG
전주 여행,삼겹살,NNG
전주 여행,김밥,NNG
전주 여행,소고기,NNG
전주 여행,바람짝,NNG
전주 여행,맛집,NNG
전주 여행,백반,NNG
전주 여행,한정식,NNG
전주 여행,전문,NNG
전주 여행,한국,NNP
전주 여행,식당,NNG
전주 여행,바람짝,NNG
전주 여행,맛집,NNG
전주 여행,백반,NNG
전주 여행,한정식,NNG
전주 여행,전문,NNG
전주 여행,한국,NNP
전주 여행,식당,NNG
전주 여행,일시,NNG
전주 여행,작성자,NNG
전주 여행,바람짝,NNG
전주 여행,요리사,NNG
전주 여행,지역,NNG
전주 여행,맛집,NNG
전주 여행,탐방,NNG
전주 여행,가격,NNG
전주 여행,지인,NNG
전주 여행,입소문,NNG
전주 여행,서울,NNP
전주 여행,오리,NNG
전주 여행,과자점,NNG
전주 여행,객사,NNG
전주 여행,한옥마을,NNP
전주 여행,서울,NNP
전주 여행,오리,NNG
전주 여행,과자점,NNG
전주 여행,객사,NNG
전주 여행,한옥마을,NNP
전주 여행,일몽,NNG
전주 여행,남노,NNG
전주 여행,갈비,NNG
전주 여행,고자,NNG
전주 여행,퇴근,NNG
전주 여행,광주,NNP
전주 여행,시간,NNG
전주 여행,우산,NNG
전주 여행,불안,NNG
전주 여행,불안,NNG
전주 여행,친구,NNG
전주 여행,숙소,NNG
전주 여행,전북,NNP
전주 여행,천리,NNG
전주 여행,한옥마을,NNP
전주 여행,둘레길,NNP
전주 여행,포함,NNG
전주 여행,전라북도,NNP
전주 여행,각지,NNG
전주 여행,볼거리,NNG
전주 여행,먹거리,NNG
전주 여행,동안,NNG
전주 여행,체험,NNG
전주 여행,전북,NNP
전주 여행,계획,NNG
전주 여행,도움,NNG
전주 여행,후기,NNG
전주 여행,전라북도,NNP
전주 여행,후기,NNG
전주 여행,전북,NNP
전주 여행,요약,NNG
전주 여행,정리,NNG
전주 여행,여름,NNG
전주 여행,한옥,NNG
전주 여행,마을,NNG
전주 여행,주차장,NNG
전주 여행,정보,NNG
전주 여행,상세,NNG
전주 여행,한옥마을,NNP
전주 여행,한옥마을,NNP
전주 여행,소개,NNG
전주 여행,체험,NNG
전주 여행,콘텐츠,NNG
전주 여행,문화,NNG
전주 여행,공연,NNG
전주 여행,행사,NNG
전주 여행,한옥마을,NNP
전주 여행,사진,NNG
전주 여행,문화,NNG
전주 여행,시설,NNG
전주 여행,문화,NNG
전주 여행,시설,NNG
전주 여행,유적지,NNG
전주 여행,이색,NNG
전주 여행,공간,NNG
전주 여행,전통,NNG
전주 여행,공예,NNG
전주 여행,생활,NNG
전주 여행,공예,NNG
전주 여행,액세서리,NNG
전주 여행,예술,NNG
전주 여행,공예,NNG
전주 여행,체험,NNG
전주 여행,맛집,NNG
전주 여행,교동,NNP
전주 여행,시래,NNP
전주 여행,시래기,NNG
전주 여행,국밥,NNG
전주 여행,전문점,NNG
전주 여행,옥마,NNP
전주 여행,맛집,NNG
전주 여행,교동,NNP
전주 여행,시래,NNP
전주 여행,시래기,NNG
전주 여행,국밥,NNG
전주 여행,전문점,NNG
전주 여행,한옥마을,NNP
전주 여행,맛집,NNG
전주 여행,한옥마을,NNP
전주 여행,아침,NNG
전주 여행,식사,NNG
전주 여행,시래기,NNG
전주 여행,국밥,NNG
전주 여행,한옥,NNG
전주 여행,마을,NNG
전주 여행,아침,NNG
전주 여행,시각,NNG
전주 여행,아침,NNG
전주 여행,식사,NNG
전주 여행,가능,NNG
전주 여행,식당,NNG
전주 여행,전동성당,NNP
전주 여행,입장,NNG
전주 여행,시간,NNG
전주 여행,오늘,NNG
전주 여행,소개,NNG
전주 여행,한옥마을,NNP
전주 여행,명소,NNG
전주 여행,전동성당,NNP
전주 여행,모습,NNG
전주 여행,지정,NNG
전주 여행,입장,NNG
전주 여행,시간,NNG
전주 여행,한잔,NNG
전주 여행,분위기,NNG
전주 여행,구일집,NNP
전주 여행,맛집,NNG
전주 여행,한옥,NNG
전주 여행,한잔,NNG
전주 여행,분위기,NNG
전주 여행,구일집,NNP
전주 여행,밥집,NNG
전주 여행,술집,NNG
전주 여행,한옥마을,NNP
전주 여행,맛집,NNG
전주 여행,목대,NNG
전주 여행,점심,NNG
전주 여행,이곳저곳,NNG
전주 여행,발견,NNG
전주 여행,풍년제,NNP
전주 여행,수제,NNG
전주 여행,초코파이,NNP
전주 여행,초코파이,NNP
전주 여행,풍년제,NNP
전주 여행,우리,NP
전주 여행,초코파이,NNP
전주 여행,한옥,NNG
전주 여행,마을,NNG
전주 여행,여럿,NNG
전주 여행,맛집,NNG
전주 여행,수정관,NNG
전주 여행,강추,NNG
전주 여행,중화요리,NNG
전주 여행,인터넷,NNG
전주 여행,데프콘,NNP
전주 여행,어디,NP
전주 여행,배신,NNG
전주 여행,국내,NNG
전주 여행,네오,NNP
전주 여행,간식,NNG
전주 여행,추억,NNG
전주 여행,가게,NNG
전주 여행,구경,NNG
전주 여행,카카오,NNG
전주 여행,캐릭터,NNG
전주 여행,달고나,NNP
전주 여행,불량,NNG
전주 여행,식품,NNG
전주 여행,여기,NP
전주 여행,완자,NNG
전주 여행,꼬치,NNG
전주 여행,체다,NNP
전주 여행,치즈,NNG
전주 여행,완자,NNG
전주 여행,꼬치,NNG
전주 여행,사고,NNG
전주 여행,알라딘,NNP
전주 여행,자평,NNG
전주 여행,레시피,NNG
전주 여행,레시피,NNG
전주 여행,김주미,NNP
전주 여행,지음,NNG
전주 여행,상상,NNG
전주 여행,평점,NNG
전주 여행,구판,NNG
전주 여행,절판,NNG
전주 여행,처음,NNG
전주 여행,기대,NNG
전주 여행,편집,NNG
전주 여행,생선,NNG
전주 여행,구이,NNG
전주 여행,본가,NNG
전주 여행,조기,NNG
전주 여행,매운탕,NNG
전주 여행,도착,NNG
전주 여행,조기,NNG
전주 여행,매운탕,NNG
전주 여행,검색,NNG
전주 여행,생선,NNG
전주 여행,주차장,NNG
전주 여행,식사,NNG
전주 여행,실내,NNG
전주 여행,비빔밥,NNG
전주 여행,맛집,NNG
전주 여행,가족,NNG
전주 여행,회관,NNG
전주 여행,비빔밥,NNG
전주 여행,맛집,NNG
전주 여행,가족,NNG
전주 여행,회관,NNG
전주 여행,상담,NNG
전주 여행,팀원,NNG
전주 여행,합류,NNG
전주 여행,저녁,NNG
전주 여행,비빔밥,NNG
전주 여행,맛집,NNG
전주 여행,추천,NNG
전주 여행,고고씽,NNP
전주 여행,마이산,NNP
전주 여행,휴게소,NNG
전주 여행,마이산,NNP
전주 여행,배경,NNG
전주 여행,덕진,NNP
전주 여행,공원,NNG
전주 여행,연꽃,NNG
전주 여행,연꽃,NNG
전주 여행,영화,NNG
전주 여행,호텔,NNG
전주 여행,체크인,NNG
전주 여행,맛집,NNG
전주 여행,한국,NNP
전주 여행,브런치,NNP
전주 여행,카페,NNG
전주 여행,투리,NNG
전주 여행,스타,NNG
전주 여행,마지막,NNG
전주 여행,오전,NNG
전주 여행,브런치,NNP
전주 여행,브런치,NNP
전주 여행,카페,NNP
전주 여행,폭풍,NNG
전주 여행,검색,NNG
전주 여행,브런치,NNP
전주 여행,카페,NNG
전주 여행,투리,NNG
전주 여행,스타,NNG
전주 여행,한옥,NNG
전주 여행,마을,NNG
전주 여행,근처,NNG
전주 여행,호텔,NNG
전주 여행,아래,NNG
전주 여행,카페,NNG
전주 여행,맛집,NNG
전주 여행,전북,NNP
전주 여행,도청,NNG
전주 여행,연남,NNG
전주 여행,갈비,NNG
전주 여행,추천,NNG
전주 여행,맛집,NNG
전주 여행,연남,NNG
전주 여행,갈비,NNG
전주 여행,전북,NNP
전주 여행,도청,NNG
전주 여행,근처,NNG
전주 여행,갈비,NNG
전주 여행,태극기,NNG
전주 여행,갈비,NNG
전주 여행,한옥마을,NNP
전주 여행,산책,NNG
전주 여행,코스,NNG
전주 여행,일차,NNG
전주 여행,팔자,NNG
전주 여행,보너스,NNG
전주 여행,시간,NNG
전주 여행,이투,NNG
전주 여행,케이,NNG
전주 여행,이투,NNG
전주 여행,케이,NNG
전주 여행,시간,NNG
전주 여행,시간,NNG
전주 여행,산책,NNG
전주 여행,시간,NNG
전주 여행,투자,NNG
전주 여행,백화점,NNG
전주 여행,부근,NNG
전주 여행,친구,NNG
전주 여행,한옥마을,NNP
전주 여행,한옥,NNP
전주 여행,일바,NNP
전주 여행,길거리,NNG
전주 여행,한옥,NNP
전주 여행,레일바이크,NNP
전주 여행,사랑,NNG
전주 여행,연인,NNG
전주 여행,한옥,NNG
전주 여행,마을,NNG
전주 여행,한복,NNG
전주 여행,데이트,NNG
전주 여행,아중역,NNP
전주 여행,한옥,NNP
전주 여행,레일바이크,NNP
전주 여행,영원,NNG
전주 여행,추억,NNG
전주 여행,마전,NNG
전주 여행,고분군,NNP
전주 여행,서부,NNG
전주 여행,신시가지,NNG
전주 여행,문학,NNG
전주 여행,문화,NNG
전주 여행,공간,NNG
전주 여행,조성,NNG
전주 여행,고분군,NNP
전주 여행,공원,NNG
전주 여행,오른쪽,NNG
전주 여행,계단,NNG
전주 여행,입구,NNG
전주 여행,조선,NNP
전주 여행,문종,NNG
전주 여행,알라딘,NNP
전주 여행,자평,NNG
전주 여행,레시피,NNG
전주 여행,레시피,NNG
전주 여행,김주미,NNP
전주 여행,지음,NNG
전주 여행,상상,NNG
전주 여행,평점,NNG
전주 여행,구판,NNG
전주 여행,절판,NNG
전주 여행,구입,NNG
전주 여행,편집,NNG
전주 여행,일제,NNG
전주 여행,강점기,NNG
전주 여행,역사,NNG
전주 여행,흔적,NNG
전주 여행,역사,NNG
전주 여행,공원,NNG
전주 여행,공원,NNG
전주 여행,완산,NNP
전주 여행,오래,NNG
전주 여행,역사,NNG
전주 여행,공원,NNG
전주 여행,역사,NNG
전주 여행,공원,NNG
전주 여행,다가산,NNG
전주 여행,정상,NNG
전주 여행,명단,NNG
전주 여행,명당,NNG
전주 여행,후백제,NNG
전주 여행,견훤,NNP
전주 여행,숨결,NNG
전주 여행,승암,NNG
전주 여행,조선,NNP
전주 여행,왕조,NNG
전주 여행,본향,NNG
전주 여행,후백제,NNG
전주 여행,도읍지,NNG
전주 여행,후백제,NNG
전주 여행,견훤,NNP
전주 여행,숨결,NNG
전주 여행,동고,NNG
전주 여행,동고,NNG
전주 여행,완산,NNP
전주 여행,그립,NNG
전주 여행,군아,NNG
전주 여행,유언,NNG
전주 여행,견훤,NNP
전주 여행,도읍,NNG
전주 여행,사고사,NNG
전주 여행,아중,NNG
전주 여행,호숫가,NNG
전주 여행,소공원,NNG
전주 여행,호동,NNG
전주 여행,어린이,NNG
전주 여행,공원,NNG
전주 여행,호동,NNG
전주 여행,시민,NNG
전주 여행,누구,NP
전주 여행,이름,NNG
전주 여행,예전,NNG
전주 여행,쓰래,NNG
전주 여행,매립장,NNG
전주 여행,호공,NNP
전주 여행,오후,NNG
전주 여행,시간,NNG
전주 여행,시간,NNG
전주 여행,아중,NNG
전주 여행,호수,NNG
전주 여행,중리,NNG
전주 여행,레일바이크,NNP
전주 여행,조선,NNP
전주 여행,시대,NNG
전주 여행,별장,NNG
전주 여행,한옥마을,NNP
전주 여행,임실,NNP
전주 여행,슬치,NNP
전주 여행,고개,NNG
전주 여행,발원,NNG
전주 여행,당과,NNG
전주 여행,경관,NNG
전주 여행,조선,NNP
전주 여행,개국,NNG
전주 여행,공신,NNG
전주 여행,집현전,NNG
전주 여행,직제학,NNG
전주 여행,월당,NNG
전주 여행,선생,NNG
전주 여행,태조,NNG
전주 여행,완산,NNP
전주 여행,칠봉,NNG
전주 여행,도심,NNG
전주 여행,하늘,NNG
전주 여행,정원,NNG
전주 여행,완산,NNP
전주 여행,공원,NNG
전주 여행,완산,NNP
전주 여행,공원,NNG
전주 여행,완산,NNP
전주 여행,공원,NNG
전주 여행,꽃동산,NNG
전주 여행,완산,NNP
전주 여행,칠봉,NNG
전주 여행,도심,NNG
전주 여행,공원,NNG
전주 여행,후백제,NNG
전주 여행,도읍지,NNG
전주 여행,조선,NNP
전주 여행,왕조,NNG
전주 여행,본향,NNG
전주 여행,대표,NNG
전주 여행,완산,NNP
전주 여행,칠봉,NNG
전주 여행,완산,NNP
전주 여행,고원,NNP
전주 여행,꽃동산,NNG
전주 여행,시립,NNG
전주 여행,도서관,NNG
전주 여행,하늘,NNG
전주 여행,아이,NNG
전주 여행,한옥,NNG
전주 여행,마을,NNG
전주 여행,산책,NNG
전주 여행,군것질,NNG
전주 여행,개인,NNG
전주 여행,만족,NNG
전주 여행,마약,NNG
전주 여행,육전,NNG
전주 여행,추억,NNG
전주 여행,사진,NNG
전주 여행,조미료,NNG
전주 여행,한복,NNG
전주 여행,대여,NNG
전주 여행,헤어,NNG
전주 여행,사진,NNG
전주 여행,세트,NNG
전주 여행,가족,NNG
전주 여행,한복,NNG
전주 여행,체험,NNG
전주 여행,시작,NNG
전주 여행,사진관,NNG
전주 여행,사진,NNG
전주 여행,촬영,NNG
전주 여행,마을,NNG
전주 여행,투어,NNG
전주 여행,연꽃,NNG
전주 여행,대한민국,NNP
전주 여행,연꽃,NNG
전주 여행,대표,NNG
전주 여행,관광지,NNG
전주 여행,덕진,NNP
전주 여행,공원,NNG
전주 여행,진연,NNG
전주 여행,덕진,NNP
전주 여행,공원,NNG
전주 여행,코스,NNG
전주 여행,필수,NNG
전주 여행,코스,NNG
전주 여행,덕진,NNP
전주 여행,연못,NNG
전주 여행,연꽃,NNG
전주 여행,덕진,NNP
전주 여행,호수,NNG
전주 여행,가운데,NNG
전주 여행,현수교,NNG
전주 여행,연지,NNG
전주 여행,교등,NNG
전주 여행,주변,NNG
전주 여행,경관,NNG
전주 여행,사진,NNG
전주 여행,연꽃,NNG
전주 여행,조선왕조실록,NNP
전주 여행,피난,NNG
전주 여행,수난사,NNG
전주 여행,사고,NNG
전주 여행,사고,NNG
전주 여행,국보,NNG
전주 여행,조선왕조실록,NNP
전주 여행,보관,NNG
전주 여행,경기,NNG
전주 여행,전안,NNG
전주 여행,건물,NNG
전주 여행,사고,NNG
전주 여행,임진왜란,NNG
전주 여행,당시,NNG
전주 여행,조성,NNG
전주 여행,왕조,NNG
전주 여행,실록,NNG
전주 여행,피신,NNG
전주 여행,수난사,NNG
전주 여행,한눈,NNG
전주 여행,사고,NNG
전주 여행,조선,NNP
전주 여행,본향,NNG
전주 여행,한옥,NNG
전주 여행,마을,NNG
전주 여행,경기전,NNG
전주 여행,진박,NNG
전주 여행,조선,NNP
전주 여행,본향,NNG
전주 여행,한옥마을,NNP
전주 여행,한옥마을,NNP
전주 여행,전국,NNG
전주 여행,한옥마을,NNP
전주 여행,한옥,NNG
전주 여행,마을,NNG
전주 여행,경기전,NNG
전주 여행,경기,NNG
전주 여행,전안,NNG
전주 여행,태조,NNP
전주 여행,이성계,NNP
전주 여행,어진,NNG
전주 여행,어진,NNG
전주 여행,산책,NNG
전주 여행,추억,NNG
전주 여행,일요일,NNG
전주 여행,오후,NNG
전주 여행,일차,NNG
전주 여행,팔자,NNG
전주 여행,보너스,NNG
전주 여행,시간,NNG
전주 여행,이투,NNG
전주 여행,케이,NNG
전주 여행,트리,NNG
전주 여행,시간,NNG
전주 여행,안성맞춤,NNG
전주 여행,산책,NNG
전주 여행,시간,NNG
전주 여행,투자,NNG
전주 여행,친환경,NNG
전주 여행,생태,NNG
전주 여행,도시,NNG
전주 여행,에코,NNP
전주 여행,시티,NNG
전주 여행,자랑거리,NNG
전주 여행,병호,NNP
전주 여행,병공,NNG
전주 여행,에코,NNP
전주 여행,시티,NNG
전주 여행,조성,NNG
전주 여행,공원,NNG
전주 여행,한옥마을,NNP
전주 여행,코스,NNG
전주 여행,이투,NNG
전주 여행,케이,NNG
전주 여행,손자,NNG
전주 여행,에코,NNP
전주 여행,시티,NNG
전주 여행,세병,NNG
전주 여행,공원,NNG
전주 여행,후백제,NNG
전주 여행,숨결,NNG
전주 여행,방산,NNG
전주 여행,후백제,NNG
전주 여행,도읍지,NNG
전주 여행,후백제,NNG
전주 여행,견훤,NNP
전주 여행,숨결,NNG
전주 여행,효자동,NNG
전주 여행,서곡,NNG
전주 여행,지구,NNG
전주 여행,방산,NNG
전주 여행,서고,NNG
전주 여행,완산,NNP
전주 여행,그립,NNG
전주 여행,군아,NNG
전주 여행,유언,NNG
전주 여행,견훤,NNP
전주 여행,도읍,NNG
전주 여행,알라딘,NNP
전주 여행,언제,NNG
전주 여행,다음,NNG
전주 여행,북카페,NNP
전주 여행,카프카,NNP
전주 여행,다음,NNG
전주 여행,요즘,NNG
전주 여행,전동성당,NNP
전주 여행,초순,NNG
전주 여행,교지,NNG
전주 여행,한옥마을,NNP
전주 여행,필수,NNG
전주 여행,코스,NNG
전주 여행,필수,NNG
전주 여행,코스,NNG
전주 여행,한옥마을,NNP
전주 여행,아내,NNG
전주 여행,남문,NNG
전주 여행,시장,NNG
전주 여행,대국,NNG
전주 여행,그릇,NNG
전주 여행,한옥,NNG
전주 여행,마을,NNG
전주 여행,전동성당,NNP
전주 여행,완산,NNP
전주 여행,칠봉,NNG
전주 여행,생태,NNG
전주 여행,공원,NNG
전주 여행,완산,NNP
전주 여행,칠봉,NNG
전주 여행,생태,NNG
전주 여행,지원,NNG
전주 여행,완산,NNP
전주 여행,칠봉,NNG
전주 여행,생태,NNG
전주 여행,지원,NNG
전주 여행,완산,NNP
전주 여행,지명,NNG
전주 여행,이싸,NNP
전주 여행,조선,NNP
전주 여행,본향,NNG
전주 여행,후백제,NNG
전주 여행,도읍지,NNG
전주 여행,산책,NNG
전주 여행,천변,NNG
전주 여행,산세,NNG
전주 여행,비경,NNG
전주 여행,완산,NNP
전주 여행,완산,NNP
전주 여행,칠봉,NNG
전주 여행,에코,NNP
전주 여행,시티,NNG
전주 여행,친환경,NNG
전주 여행,생태,NNG
전주 여행,공원,NNG
전주 여행,세병,NNG
전주 여행,공원,NNG
전주 여행,세병,NNG
전주 여행,공원,NNG
전주 여행,한옥마을,NNP
전주 여행,코스,NNG
전주 여행,이투,NNG
전주 여행,케이,NNG
전주 여행,에코,NNP
전주 여행,시티,NNG
전주 여행,손자,NNG
전주 여행,에코,NNP
전주 여행,시티,NNG
전주 여행,처음,NNG
전주 여행,포스팅,NNP
전주 여행,예향,NNG
전주 여행,도시,NNG
전주 여행,자랑거리,NNG
전주 여행,국립,NNG
전주 여행,무형,NNG
전주 여행,유산,NNG
전주 여행,박물관,NNG
전주 여행,예향,NNG
전주 여행,도시,NNG
전주 여행,무형,NNG
전주 여행,유산,NNG
전주 여행,박물관,NNG
전주 여행,자랑,NNG
전주 여행,개관,NNG
전주 여행,자랑거리,NNG
전주 여행,시민,NNG
전주 여행,각종,NNG
전주 여행,무료,NNG
전주 여행,공연,NNG
전주 여행,계속,NNG
전주 여행,한옥마을,NNP
전주 여행,분위기,NNG
전주 여행,한옥마을,NNP
전주 여행,부채,NNG
전주 여행,박물,NNG
전주 여행,한옥마을,NNP
전주 여행,부채,NNG
전주 여행,박물관,NNG
전주 여행,선조,NNG
전주 여행,지혜,NNG
전주 여행,부채,NNG
전주 여행,한옥,NNG
전주 여행,마을,NNG
전주 여행,글자,NNG
전주 여행,조선,NNP
전주 여행,시대,NNG
전주 여행,부채,NNG
전주 여행,중국,NNP
전주 여행,일본,NNP
전주 여행,부채,NNG
전주 여행,부채,NNG
전주 여행,전시,NNG
전주 여행,부채,NNG
전주 여행,박물관,NNG
전주 여행,한옥마을,NNP
전주 여행,국내,NNG
전주 여행,최고,NNG
전주 여행,수준,NNG
전주 여행,복합,NNG
전주 여행,문화,NNG
전주 여행,예술,NNG
전주 여행,공간,NNG
전주 여행,한국,NNP
전주 여행,소리,NNG
전주 여행,문화,NNG
전주 여행,전북,NNP
전주 여행,개최,NNG
전주 여행,세계,NNG
전주 여행,소리,NNG
전주 여행,축제,NNG
전주 여행,한국,NNP
전주 여행,소리,NNG
전주 여행,문화,NNG
전주 여행,이다,NNP
전주 여행,자랑,NNG
전주 여행,전북,NNP
전주 여행,자랑,NNG
전주 여행,면적,NNG
전주 여행,건물,NNG
전주 여행,면적,NNG
전주 여행,대형,NNG
전주 여행,아트,NNG
전주 여행,센터,NNG
전주 여행,요일,NNG
전주 여행,코스,NNG
전주 여행,한옥마을,NNP
전주 여행,전통,NNG
전주 여행,비빔밥,NNG
전주 여행,시식,NNP
전주 여행,덕진,NNP
전주 여행,공원,NNG
전주 여행,유적지,NNG
전주 여행,저녁,NNG
전주 여행,떡갈비,NNG
전주 여행,시식,NNG
전주 여행,덕진,NNP
전주 여행,호수,NNG
전주 여행,연화교,NNG
전주 여행,변신,NNG
전주 여행,덕진,NNP
전주 여행,공원,NNG
전주 여행,덕진,NNP
전주 여행,공원,NNG
전주 여행,연화교,NNG
전주 여행,덕진,NNP
전주 여행,공원,NNG
전주 여행,모습,NNG
전주 여행,모습,NNG
전주 여행,연화교,NNG
전주 여행,모습,NNG
전주 여행,변신,NNG
전주 여행,마음,NNG
전주 여행,시간,NNG
전주 여행,자투리,NNG
전주 여행,한옥마을,NNP
전주 여행,야시장,NNG
전주 여행,남부,NNG
전주 여행,시장,NNG
전주 여행,청년,NNG
전주 여행,구경,NNG
전주 여행,한옥,NNP
전주 여행,스테이,NNP
전주 여행,태조,NNP
전주 여행,마루,NNP
전주 여행,한옥마을,NNP
전주 여행,먹거리,NNG
전주 여행,구경,NNG
전주 여행,사장,NNG
전주 여행,야시장,NNG
전주 여행,구경,NNG
전주 여행,광화문,NNG
전주 여행,세월,NNG
전주 여행,천막,NNG
전주 여행,조명,NNG
전주 여행,풍남문,NNG
전주 여행,대사습놀이,NNG
전주 여행,한옥마을,NNP
전주 여행,구경,NNG
전주 여행,전국,NNG
전주 여행,대회,NNG
전주 여행,판소리,NNG
전주 여행,명창,NNG
전주 여행,일반,NNG
전주 여행,농악,NNG
전주 여행,무용,NNG
전주 여행,기악,NNG
전주 여행,시조,NNG
전주 여행,민요,NNG
전주 여행,가야금,NNG
전주 여행,명창,NNG
전주 여행,궁도,NNG
전주 여행,명고,NNG
전주 여행,부분,NNG
전주 여행,전국,NNG
전주 여행,경연,NNG
전주 여행,대회,NNG
전주 여행,대사습놀이,NNG
전주 여행,전국,NNG
전주 여행,대회,NNG
전주 여행,옛날,NNG
전주 여행,물건,NNG
전주 여행,이곳,NP
전주 여행,전시,NNG
전주 여행,한옥마을,NNP
전주 여행,한옥마을,NNP
전주 여행,루이,NNP
전주 여행,엘모,NNG
전주 여행,자박,NNG
전주 여행,물관,NNG
전주 여행,추억,NNG
전주 여행,박물관,NNG
전주 여행,건물,NNG
전주 여행,입장료,NNG
전주 여행,전시,NNG
전주 여행,공간,NNG
전주 여행,전라북도,NNP
전주 여행,문화,NNG
전주 여행,예술,NNG
전주 여행,재단,NNG
전주 여행,지원,NNG
전주 여행,생각,NNG
전주 여행,한옥마을,NNP
전주 여행,풍남문,NNG
전주 여행,조선,NNP
전주 여행,본향,NNG
전주 여행,한옥마을,NNP
전주 여행,경기전,NNG
전주 여행,진박,NNG
전주 여행,물관,NNG
전주 여행,풍남문,NNG
전주 여행,보물,NNG
전주 여행,풍남문,NNG
전주 여행,대표,NNG
전주 여행,가즈,NNP
전주 여행,젊음,NNG
전주 여행,거리,NNG
전주 여행,객사,NNG
전주 여행,필수,NNG
전주 여행,코스,NNG
전주 여행,결혼식,NNG
전주 여행,참석,NNG
전주 여행,벚꽃,NNG
전주 여행,명소,NNG
전주 여행,이자,NNG
전주 여행,데이트,NNG
전주 여행,코스,NNG
전주 여행,아중,NNG
전주 여행,리저,NNP
전주 여행,수지,NNG
전주 여행,영화,NNG
전주 여행,거리,NNG
전주 여행,객사,NNG
전주 여행,한옥마을,NNP
전주 여행,한국,NNP
전주 여행,관광,NNG
전주 여행,우리나라,NNG
전주 여행,대표,NNG
전주 여행,이외,NNG
전주 여행,향교,NNG
전주 여행,목대,NNG
전주 여행,벽화,NNG
전주 여행,마을,NNG
전주 여행,전통주,NNG
전주 여행,박물관,NNG
전주 여행,승광,NNP
전주 여행,한옥마을,NNP
전주 여행,은퇴,NNG
전주 여행,사진,NNG
전주 여행,작가,NNG
전주 여행,활동,NNG
전주 여행,절친,NNG
전주 여행,사진,NNG
전주 여행,한옥마을,NNP
전주 여행,전망대,NNG
전주 여행,이성계,NNP
전주 여행,장군,NNG
전주 여행,승전,NNG
전주 여행,연회,NNG
전주 여행,장소,NNG
전주 여행,목대,NNG
전주 여행,한옥마을,NNP
전주 여행,한옥마을,NNP
전주 여행,경기,NNG
전주 여행,박물관,NNG
전주 여행,풍남문,NNG
전주 여행,남문,NNG
전주 여행,시장,NNG
전주 여행,최근,NNG
전주 여행,개장,NNG
전주 여행,전라,NNP
전주 여행,감영,NNG
전주 여행,목대,NNG
전주 여행,필수,NNG
전주 여행,코스,NNG
전주 여행,천상,NNG
전주 여행,정원,NNG
전주 여행,한국도로공사,NNP
전주 여행,고도,NNG
전주 여행,조선,NNP
전주 여행,본향,NNG
전주 여행,필수,NNG
전주 여행,코스,NNG
전주 여행,한국도로공사,NNP
전주 여행,수목원,NNG
전주 여행,월드컵,NNG
전주 여행,경기장,NNG
전주 여행,부근,NNG
전주 여행,고속도,NNG
전주 여행,도로변,NNG
전주 여행,어디,NP
전주 여행,서비스,NNG
전주 여행,작성자,NNG
전주 여행,광고,NNG
전주 여행,제주,NNP
전주 여행,유럽,NNP
전주 여행,코티지,NNP
전주 여행,감성,NNG
전주 여행,지독,NNG
전주 여행,프라이빗,NNG
전주 여행,제주,NNP
전주 여행,유럽,NNP
전주 여행,감성,NNG
전주 여행,인상,NNG
전주 여행,마중,NNG
전주 여행,도로공원,NNG
전주 여행,마중,NNG
전주 여행,기차,NNG
전주 여행,처음,NNG
전주 여행,마중,NNG
전주 여행,첫인상,NNG
전주 여행,마중,NNG
전주 여행,여름,NNG
전주 여행,마중,NNG
전주 여행,여름,NNG
전주 여행,무더위,NNG
전주 여행,어린이,NNG
전주 여행,아중,NNG
전주 여행,호수,NNG
전주 여행,나무,NNG
전주 여행,데크,NNP
전주 여행,산책로,NNG
전주 여행,산책,NNG
전주 여행,예전,NNG
전주 여행,중리,NNG
전주 여행,아중,NNG
전주 여행,호수,NNG
전주 여행,야성,NNG
전주 여행,벚꽃,NNG
전주 여행,구경,NNG
전주 여행,민물,NNG
전주 여행,매운탕,NNG
전주 여행,기린,NNG
전주 여행,등산,NNG
전주 여행,목적,NNG
전주 여행,한국,NNP
전주 여행,도로공사,NNP
전주 여행,수목원,NNG
전주 여행,코앞,NNG
전주 여행,시민,NNG
전주 여행,쉼터,NNG
전주 여행,총화,NNG
전주 여행,기독교,NNG
전주 여행,방송국,NNG
전주 여행,예전,NNG
전주 여행,고속도,NNG
전주 여행,나들목,NNG
전주 여행,자리,NNG
전주 여행,그곳,NP
전주 여행,시민,NNG
전주 여행,쉼터,NNG
전주 여행,조성,NNG
전주 여행,나들목,NNG
전주 여행,가족,NNG
전주 여행,공원,NNG
전주 여행,인터체인지,NNG
전주 여행,월드컵,NNG
전주 여행,경기장,NNG
전주 여행,조선,NNP
전주 여행,본향,NNG
전주 여행,자랑거리,NNG
전주 여행,덕진,NNP
전주 여행,연못,NNG
전주 여행,연꽃,NNG
전주 여행,덕진,NNP
전주 여행,공원,NNG
전주 여행,조선,NNP
전주 여행,본향,NNG
전주 여행,명물,NNG
전주 여행,상징,NNG
전주 여행,덕진,NNP
전주 여행,공원,NNG
전주 여행,필수,NNG
전주 여행,코스,NNG
전주 여행,덕진,NNP
전주 여행,호수,NNG
전주 여행,가운데,NNG
전주 여행,현수교,NNG
전주 여행,연꽃,NNG
전주 여행,양분,NNG
전주 여행,덕진,NNP
전주 여행,연못,NNG
전주 여행,광주,NNP
전주 여행,당신,NP
전주 여행,지역,NNG
전주 여행,특색,NNG
전주 여행,한옥마을,NNP
전주 여행,매력,NNG
전주 여행,광주,NNP
전주 여행,거리,NNG
전주 여행,위치,NNG
전주 여행,한옥마을,NNP
전주 여행,한국,NNP
전주 여행,전통,NNG
전주 여행,가옥,NNG
전주 여행,장소,NNG
전주 여행,한옥마을,NNP
전주 여행,대한민국,NNP
전주 여행,대표,NNG
전주 여행,난장,NNG
전주 여행,박물관,NNG
전주 여행,한옥마을,NNP
전주 여행,이색,NNG
전주 여행,옛날,NNG
전주 여행,볼거리,NNG
전주 여행,생일,NNG
전주 여행,손자,NNG
전주 여행,한옥,NNG
전주 여행,마을,NNG
전주 여행,하루,NNG
전주 여행,점심,NNG
전주 여행,한옥,NNG
전주 여행,마을,NNG
전주 여행,먹거리,NNG
전주 여행,갈비,NNG
전주 여행,홈페이지,NNG
전주 여행,제작,NNG
전주 여행,해외,NNG
전주 여행,골프,NNG
전주 여행,투어,NNG
전주 여행,전문,NNG
전주 여행,온라인,NNG
전주 여행,견적,NNG
전주 여행,단독,NNG
전주 여행,투어,NNG
전주 여행,투어,NNG
전주 여행,공식,NNG
전주 여행,인증,NNG
전주 여행,예약,NNG
전주 여행,센터,NNG
전주 여행,해외,NNG
전주 여행,단체,NNG
전주 여행,투어,NNG
전주 여행,단독,NNG
전주 여행,투어,NNG
전주 여행,글로벌,NNG
전주 여행,투어,NNG
전주 여행,투어,NNG
전주 여행,공식,NNG
전주 여행,인증,NNG
전주 여행,예약,NNG
전주 여행,센터,NNG
전주 여행,해외,NNG
전주 여행,단체,NNG
전주 여행,투어,NNG
전주 여행,정월,NNG
전주 여행,보름,NNG
전주 여행,공연,NNG
전주 여행,전북,NNP
전주 여행,달맞이,NNG
전주 여행,가세,NNG
전주 여행,음식,NNG
전주 여행,고장,NNG
전주 여행,이자,NNG
전주 여행,한옥마을,NNP
전주 여행,고장,NNG
전주 여행,복판,NNG
전주 여행,광장,NNG
전주 여행,임실,NNP
전주 여행,한국,NNP
전주 여행,신명,NNG
전주 여행,축제,NNG
전주 여행,필봉,NNG
전주 여행,마을,NNG
전주 여행,정월,NNG
전주 여행,보름,NNG
전주 여행,정월,NNG
전주 여행,보름날,NNG
전주 여행,지구촌,NNG
전주 여행,모자,NNG
전주 여행,이곳,NP
전주 여행,이색,NNG
전주 여행,박물관,NNG
전주 여행,루이,NNP
전주 여행,모자,NNG
전주 여행,한옥마을,NNP
전주 여행,모자,NNG
전주 여행,박물관,NNG
전주 여행,구경,NNG
전주 여행,한옥마을,NNP
전주 여행,서쪽,NNG
전주 여행,끝자락,NNG
전주 여행,루이,NNP
전주 여행,엘모,NNG
전주 여행,자박,NNG
전주 여행,물관,NNG
전주 여행,추억,NNG
전주 여행,박물관,NNG
전주 여행,박물관,NNG
전주 여행,박물관,NNG
전주 여행,구경거리,NNG
전주 여행,입장료,NNG
전주 여행,박물관,NNG
전주 여행,전화,NNG
전주 여행,번호,NNG
전주 여행,도로,NNG
전주 여행,완산구,NNP
전주 여행,은행,NNG
전주 여행,지번,NNG
전주 여행,완산구,NNP
전주 여행,교동,NNP
전주 여행,장점,NNG
전주 여행,숙박업,NNG
전주 여행,샤워,NNG
전주 여행,타월,NNG
전주 여행,화장,NNG
전주 여행,거울,NNG
전주 여행,비누,NNG
전주 여행,클렌징,NNG
전주 여행,전동,NNG
전주 여행,성당,NNG
전주 여행,지란지교,NNG
전주 여행,친구,NNG
전주 여행,약속,NNG
전주 여행,시간,NNG
전주 여행,오후,NNG
전주 여행,시간,NNG
전주 여행,틈새,NNG
전주 여행,전동,NNG
전주 여행,성당,NNG
전주 여행,수요일,NNG
전주 여행,오후,NNG
전주 여행,성당,NNG
전주 여행,행사,NNG
전주 여행,관계자,NNG
전주 여행,차량,NNG
전주 여행,임도,NNG
전주 여행,꼬까,NNG
전주 여행,한복,NNG
전주 여행,아시아,NNP
전주 여행,명소,NNG
전주 여행,한옥마을,NNP
전주 여행,시작,NNG
전주 여행,역사,NNG
전주 여행,한옥마을,NNP
전주 여행,이다,NNP
전주 여행,광장,NNG
전주 여행,한복,NNG
전주 여행,부채,NNG
전주 여행,아가씨,NNG
전주 여행,관광객,NNG
전주 여행,난장,NNG
전주 여행,테마,NNG
전주 여행,박물관,NNG
전주 여행,감수,NNG
전주 여행,이번,NNG
전주 여행,전북,NNP
전주 여행,유일,NNG
전주 여행,테마,NNG
전주 여행,박물관,NNG
전주 여행,감수,NNG
전주 여행,재현,NNG
전주 여행,장소,NNG
전주 여행,이곳,NP
전주 여행,난장,NNG
전주 여행,그대,NP
전주 여행,감성,NNG
전주 여행,한옥마을,NNP
전주 여행,한울,NNP
전주 여행,밥상,NNG
전주 여행,맛집,NNG
전주 여행,터널,NNG
전주 여행,한울,NNP
전주 여행,밥상,NNG
전주 여행,터널,NNG
전주 여행,공존,NNG
전주 여행,도시,NNG
전주 여행,기대,NNG
전주 여행,이번,NNG
전주 여행,특별,NNG
전주 여행,원래,NNG
전주 여행,한옥,NNG
전주 여행,마을,NNG
전주 여행,안쪽,NNG
전주 여행,맛집,NNG
전주 여행,계획,NNG
전주 여행,가게,NNG
전주 여행,사장,NNG
전주 여행,숙영,NNG
전주 여행,가마솥,NNG
전주 여행,비빔밥,NNG
전주 여행,된장찌개,NNG
전주 여행,비빔밥,NNG
전주 여행,조합,NNG
전주 여행,맛집,NNG
전주 여행,투어,NNG
전주 여행,숙영,NNG
전주 여행,비빔밥,NNG
전주 여행,방문,NNG
전주 여행,오래전,NNG
전주 여행,음식,NNG
전주 여행,비빔밥,NNG
전주 여행,이번,NNG
전주 여행,생각,NNG
전주 여행,비빔밥,NNG
전주 여행,가게,NNG
전주 여행,검색,NNG
전주 여행,예정,NNG
전주 여행,월드,NNG
전주 여행,티스토리,NNP
전주 여행,예정,NNG
전주 여행,막걸리,NNG
전주 여행,안주,NNG
전주 여행,한옥마을,NNP
전주 여행,막걸리,NNG
전주 여행,골목,NNG
전주 여행,얼마,NNG
전주 여행,정보,NNG
전주 여행,막걸리,NNG
전주 여행,알라딘,NNP
전주 여행,언제,NNG
전주 여행,계획,NNG
전주 여행,위로,NNG
전주 여행,권유,NNG
전주 여행,가슴,NNG
전주 여행,에세이,NNG
전주 여행,서다,NNG
전주 여행,핵심,NNG
전주 여행,포인트,NNG
전주 여행,목차,NNG
전주 여행,알라딘,NNP
전주 여행,매력,NNG
전주 여행,로컬,NNG
전주 여행,가이드,NNG
전주 여행,소도시,NNG
전주 여행,소도시,NNG
전주 여행,트래블,NNG
전주 여행,완주,NNG
전주 여행,소도시,NNG
전주 여행,트래블,NNG
전주 여행,조이,NNG
전주 여행,코리아,NNP
전주 여행,편집부,NNG
전주 여행,지음,NNG
전주 여행,조이,NNG
전주 여행,코리아,NNP
전주 여행,평점,NNG
전주 여행,품절,NNG
전주 여행,얼마,NNG
전주 여행,소도시,NNG
전주 여행,트래블,NNG
전주 여행,주편,NNG
전주 여행,알라딘,NNP
전주 여행,리뷰,NNP
전주 여행,동네,NNG
전주 여행,친구,NNG
전주 여행,회신,NNG
전주 여행,동네,NNG
전주 여행,플레이,NNG
전주 여행,동네,NNG
전주 여행,동네,NNG
전주 여행,매거진,NNG
전주 여행,알라딘,NNP
전주 여행,서재,NNP
전주 여행,시집,NNG
전주 여행,계획,NNG
전주 여행,그곳,NP
전주 여행,무엇,NP
전주 여행,무엇,NP
전주 여행,생각,NNG
전주 여행,한국,NNP
전주 여행,맛집,NNG
전주 여행,추천,NNG
전주 여행,리스트,NNG
전주 여행,지인,NNG
전주 여행,먹방,NNG
전주 여행,맛집,NNG
전주 여행,조점,NNG
전주 여행,남문,NNG
전주 여행,피순대,NNG
전주 여행,남부,NNG
전주 여행,시장,NNG
전주 여행,정도,NNG
전주 여행,시장,NNG
전주 여행,도착,NNG
전주 여행,시장,NNG
전주 여행,알라딘,NNP
전주 여행,서재,NNP
전주 여행,오렌지캬라멜,NNP
전주 여행,청춘,NNG
전주 여행,생각,NNG
전주 여행,서울,NNP
전주 여행,언제,NP
전주 여행,한옥마을,NNP
전주 여행,오렌지,NNP
전주 여행,카라멜,NNP
전주 여행,경로,NNG
전주 여행,옥도,NNG
전주 여행,구경,NNG
전주 여행,한복,NNG
전주 여행,전통,NNG
전주 여행,체험,NNG
전주 여행,콩나물국,NNG
전주 여행,명가,NNG
전주 여행,점포,NNG
전주 여행,차이,NNG
전주 여행,맛집,NNG
전주 여행,콩나물국,NNG
전주 여행,명가,NNG
전주 여행,점포,NNG
전주 여행,차이,NNG
전주 여행,맛집,NNG
전주 여행,현대,NNG
전주 여행,전라북도,NNP
전주 여행,콩나물국,NNG
전주 여행,발생지,NNG
전주 여행,콩나물국,NNG
전주 여행,밥집,NNG
전주 여행,발길,NNG
전주 여행,현대,NNG
전주 여행,세대,NNG
전주 여행,오감,NNG
전주 여행,만족,NNG
전주 여행,완주,NNG
전주 여행,대한민국,NNP
전주 여행,테마,NNG
전주 여행,박물관,NNG
전주 여행,연꽃,NNG
전주 여행,명소,NNG
전주 여행,진공,NNG
전주 여행,완주,NNG
전주 여행,전북,NNP
전주 여행,필수,NNG
전주 여행,코스,NNG
전주 여행,완주군,NNG
전주 여행,구이면,NNP
전주 여행,대한민국,NNP
전주 여행,테마,NNG
전주 여행,박물관,NNG
전주 여행,개관,NNG
전주 여행,대한민국,NNP
전주 여행,테미,NNP
전주 여행,박물관,NNG
전주 여행,만족,NNG
전주 여행,완주,NNG
전주 여행,테마,NNG
전주 여행,박물관,NNG
전주 여행,퇴근,NNG
전주 여행,객리,NNG
전주 여행,한옥마을,NNP
전주 여행,완주,NNP
전주 여행,소양,NNP
전주 여행,퇴근,NNG
전주 여행,저녁,NNG
전주 여행,출발,NNG
전주 여행,하루,NNG
전주 여행,연차,NNG
전주 여행,스케줄,NNG
전주 여행,일정,NNG
전주 여행,개인,NNG
전주 여행,당일,NNG
전주 여행,맛집,NNG
전주 여행,조점,NNG
전주 여행,남문,NNG
전주 여행,피순대,NNG
전주 여행,추천,NNG
전주 여행,가을,NNG
전주 여행,음식,NNG
전주 여행,피순대,NNG
전주 여행,국밥,NNG
전주 여행,가을,NNG
전주 여행,가을,NNG
전주 여행,풍경,NNG
전주 여행,기대,NNG
전주 여행,기대,NNG
전주 여행,예전,NNG
전주 여행,음식,NNG
전주 여행,오랜만,NNG
전주 여행,군산,NNP
전주 여행,한옥마을,NNP
전주 여행,낭만,NNG
전주 여행,군산,NNP
전주 여행,군산,NNG
전주 여행,볼거리,NNG
전주 여행,일정,NNG
전주 여행,숙소,NNG
전주 여행,호텔,NNG
전주 여행,르윈,NNP
전주 여행,호텔,NNG
전주 여행,군산,NNP
전주 여행,국내,NNG
전주 여행,유일,NNG
전주 여행,일본식,NNG
전주 여행,사찰,NNG
전주 여행,동국,NNG
전주 여행,탐방,NNG
전주 여행,동국,NNG
전주 여행,웅전,NNG
전주 여행,대나무,NNG
전주 여행,대나무,NNG
전주 여행,일본식,NNG
전주 여행,동국,NNG
전주 여행,관람,NNG
전주 여행,다음,NNG
전주 여행,군산,NNG
전주 여행,근대,NNG
전주 여행,역사,NNG
전주 여행,박물관,NNG
전주 여행,비빔밥,NNG
전주 여행,전문점,NNG
전주 여행,가족,NNG
전주 여행,회관,NNG
전주 여행,비빔밥,NNG
전주 여행,체험,NNG
전주 여행,비빔밥,NNG
전주 여행,전문점,NNG
전주 여행,가족,NNG
전주 여행,회관,NNG
전주 여행,비빔밥,NNG
전주 여행,체험,NNG
전주 여행,맛집,NNG
전주 여행,도시,NNG
전주 여행,비빔밥,NNG
전주 여행,체험,NNG
전주 여행,비빔밥,NNG
전주 여행,축제,NNG
전주 여행,시외버스,NNG
전주 여행,터미널,NNG
전주 여행,시간표,NNG
전주 여행,시외버스,NNG
전주 여행,터미널,NNG
전주 여행,시간표,NNG
전주 여행,시작,NNG
전주 여행,시외버스,NNG
전주 여행,터미널,NNG
전주 여행,시간표,NNG
전주 여행,시외버스,NNG
전주 여행,공용,NNG
전주 여행,터미널,NNG
전주 여행,전화,NNG
전주 여행,번호,NNG
전주 여행,전북,NNP
전주 여행,덕진구,NNP
전주 여행,금암동,NNP
전주 여행,서울,NNP
전주 여행,남부,NNG
전주 여행,터미널,NNG
전주 여행,에서,NNG
전주 여행,퇴근,NNG
전주 여행,포함,NNG
전주 여행,부담,NNG
전주 여행,만족,NNG
전주 여행,사람,NNG
전주 여행,승률,NNG
전주 여행,장소,NNG
전주 여행,방문,NNG
전주 여행,진심,NNG
전주 여행,추천,NNG
전주 여행,위쪽,NNG
전주 여행,도서관,NNG
전주 여행,이색,NNG
전주 여행,프로그램,NNG
전주 여행,도서관,NNG
전주 여행,기록,NNG
전주 여행,문화,NNG
전주 여행,뿌리,NNG
전주 여행,한지,NNG
전주 여행,체험,NNG
전주 여행,다가,NNG
전주 여행,도서관,NNG
전주 여행,한옥마을,NNP
전주 여행,도서관,NNG
전주 여행,중식,NNG
전주 여행,동문,NNG
전주 여행,도서관,NNG
전주 여행,도보,NNG
전주 여행,지관,NNG
전주 여행,지체,NNG
전주 여행,알라딘,NNP
전주 여행,서재,NNP
전주 여행,예찬,NNG
전주 여행,이유,NNG
전주 여행,음식,NNG
전주 여행,가격,NNG
전주 여행,비빔밥,NNG
전주 여행,우리,NP
전주 여행,한옥,NNG
전주 여행,마을,NNG
전주 여행,근처,NNG
전주 여행,반야,NNG
전주 여행,돌솥,NNG
전주 여행,돌솥,NNG
전주 여행,간장,NNG
전주 여행,이번,NNG
전주 여행,주말,NNG
전주 여행,명물,NNG
전주 여행,덕진,NNP
전주 여행,공원,NNG
전주 여행,연꽃,NNG
전주 여행,축제,NNG
전주 여행,연꽃,NNG
전주 여행,촬영,NNG
전주 여행,코스,NNG
전주 여행,필수,NNG
전주 여행,코스,NNG
전주 여행,휴가,NNG
전주 여행,아들,NNG
전주 여행,명색,NNG
전주 여행,여름휴가,NNG
전주 여행,서울,NNP
전주 여행,엄마,NNG
전주 여행,누나,NNG
전주 여행,조카,NNG
전주 여행,누나,NNG
전주 여행,조카,NNG
전주 여행,강원도,NNP
전주 여행,카페,NNG
전주 여행,메뉴판,NNG
전주 여행,한옥마을,NNP
전주 여행,수다,NNG
전주 여행,방문,NNG
전주 여행,카페,NNG
전주 여행,외관,NNG
전주 여행,내부,NNG
전주 여행,카페,NNG
전주 여행,네이버,NNP
전주 여행,지도,NNG
전주 여행,카페,NNG
전주 여행,전북,NNP
전주 여행,완산구,NNP
전주 여행,은행,NNG
전주 여행,교동,NNG
전주 여행,한옥마을,NNP
전주 여행,전통,NNG
전주 여행,지원,NNG
전주 여행,전라북도,NNP
전주 여행,일원,NNG
전주 여행,생산,NNG
전주 여행,한지,NNG
전주 여행,이곳,NP
전주 여행,한지,NNG
전주 여행,제조업,NNG
전주 여행,입지,NNG
전주 여행,수질,NNG
전주 여행,원재료,NNG
전주 여행,지방,NNG
전주 여행,근교,NNG
전주 여행,닥나무,NNG
전주 여행,생산,NNG
전주 여행,원재료,NNG
전주 여행,한지,NNG
전주 여행,제조업,NNG
전주 여행,성황,NNG
전주 여행,한옥마을,NNP
전주 여행,힐링,NNG
전주 여행,공간,NNG
전주 여행,추천,NNG
전주 여행,경기전,NNG
전주 여행,한옥마을,NNP
전주 여행,힐링,NNG
전주 여행,공간,NNG
전주 여행,추천,NNG
전주 여행,경기전,NNG
전주 여행,볼거리,NNG
전주 여행,한옥마을,NNP
전주 여행,인근,NNG
전주 여행,나무숲,NNG
전주 여행,경기전,NNG
전주 여행,나무숲,NNG
전주 여행,한옥,NNG
전주 여행,정동,NNG
전주 여행,성당,NNG
전주 여행,먹방,NNG
전주 여행,남부,NNG
전주 여행,전통,NNG
전주 여행,시장,NNG
전주 여행,현대,NNG
전주 여행,콩나물국,NNG
전주 여행,정성,NNG
전주 여행,식품,NNG
전주 여행,맛집,NNG
전주 여행,맛집,NNG
전주 여행,먹방,NNG
전주 여행,투어,NNG
전주 여행,새우탕,NNG
전주 여행,먹방,NNG
전주 여행,투어,NNG
전주 여행,새우탕,NNG
전주 여행,지인,NNG
전주 여행,먹방,NNG
전주 여행,투어,NNG
전주 여행,퇴근,NNG
전주 여행,객리,NNG
전주 여행,한옥마을,NNP
전주 여행,완주,NNP
전주 여행,소양,NNP
전주 여행,점심,NNG
전주 여행,객사,NNG
전주 여행,또순이,NNG
전주 여행,오전,NNG
전주 여행,근처,NNG
전주 여행,점심,NNG
전주 여행,무엇,NP
전주 여행,고민,NNG
전주 여행,숙소,NNG
전주 여행,객사,NNG
전주 여행,맛집,NNG
전주 여행,방문,NNG
전주 여행,골목,NNG
전주 여행,동영,NNG
전주 여행,커피,NNG
전주 여행,객리,NNG
전주 여행,객사,NNG
전주 여행,골목,NNG
전주 여행,동영,NNG
전주 여행,커피,NNG
전주 여행,객리,NNG
전주 여행,객사,NNG
전주 여행,카페,NNG
전주 여행,한옥,NNG
전주 여행,마을,NNG
전주 여행,위쪽,NNG
전주 여행,풍년제,NNP
전주 여행,본점,NNG
전주 여행,충정로,NNP
전주 여행,사거리,NNG
전주 여행,길이,NNG
전주 여행,알라딘,NNP
전주 여행,서재,NNP
전주 여행,당일,NNG
전주 여행,버스,NNG
전주 여행,마음,NNG
전주 여행,음악,NNG
전주 여행,핸드폰,NNG
전주 여행,버스,NNG
전주 여행,날씨,NNG
전주 여행,화창,NNG
전주 여행,버스,NNG
전주 여행,한참,NNG
전주 여행,버스,NNG
전주 여행,전동성당,NNP
전주 여행,결혼식,NNG
전주 여행,방문,NNG
전주 여행,단풍,NNG
전주 여행,풍경,NNG
전주 여행,오랜만,NNG
전주 여행,얼굴,NNG
전주 여행,얼굴,NNG
전주 여행,행복,NNG
전주 여행,낭만,NNG
전주 여행,카페,NNG
전주 여행,이야기,NNG
전주 여행,낭만,NNG
전주 여행,카페,NNG
전주 여행,한옥마을,NNP
전주 여행,카페,NNG
전주 여행,이야기,NNG
전주 여행,전북,NNP
전주 여행,완산구,NNP
전주 여행,최명희,NNP
전주 여행,풍남동,NNP
전주 여행,도착,NNG
전주 여행,저녁,NNG
전주 여행,코파,NNP
전주 여행,만단,NNG
전주 여행,코파,NNP
전주 여행,선물,NNG
전주 여행,전북,NNP
전주 여행,김제,NNP
전주 여행,김제,NNP
전주 여행,아래,NNG
전주 여행,예전,NNG
전주 여행,코스,NNG
전주 여행,이때,NNG
전주 여행,계획,NNG
전주 여행,도움,NNG
전주 여행,한옥마을,NNP
전주 여행,관광지,NNG
전주 여행,참고,NNG
전주 여행,알라딘,NNP
전주 여행,레시피,NNG
전주 여행,김주미,NNP
전주 여행,지음,NNG
전주 여행,상상,NNG
전주 여행,평점,NNG
전주 여행,구판,NNG
전주 여행,절판,NNG
전주 여행,주말,NNG
전주 여행,레시피,NNG
전주 여행,명소,NNG
전주 여행,한옥마을,NNP
전주 여행,경기전,NNG
전주 여행,한옥마을,NNP
전주 여행,경기전,NNG
전주 여행,작성자,NNG
전주 여행,광고,NNG
전주 여행,누구,NP
전주 여행,농촌,NNG
전주 여행,참참,NNG
전주 여행,단체,NNG
전주 여행,숙박,NNG
전주 여행,이색,NNG
전주 여행,체험,NNG
전주 여행,완비,NNG
전주 여행,광장,NNG
전주 여행,식당,NNG
전주 여행,맛집,NNG
전주 여행,거리,NNG
전주 여행,백반,NNG
전주 여행,맛집,NNG
전주 여행,거리,NNG
전주 여행,반집,NNG
전주 여행,추천,NNG
전주 여행,광장,NNG
전주 여행,식당,NNG
전주 여행,이번,NNG
전주 여행,마지막,NNG
전주 여행,방문,NNG
전주 여행,광장,NNG
전주 여행,식당,NNG
전주 여행,이곳,NP
전주 여행,광장,NNG
전주 여행,식당,NNG
전주 여행,시청,NNG
전주 여행,근처,NNG
전주 여행,백반,NNG
전주 여행,오랫동안,NNG
전주 여행,사랑,NNG
전주 여행,맛집,NNG
전주 여행,전라북도,NNP
전주 여행,남부,NNG
전주 여행,시장,NNG
전주 여행,남부,NNG
전주 여행,시장,NNG
전주 여행,야시장,NNG
전주 여행,먹거리,NNG
전주 여행,남부,NNG
전주 여행,시장,NNG
전주 여행,한옥마을,NNP
전주 여행,한옥마을,NNP
전주 여행,주말,NNG
전주 여행,야간,NNG
전주 여행,사람,NNG
전주 여행,명소,NNG
전주 여행,토요일,NNG
전주 여행,남부,NNG
전주 여행,시장,NNG
전주 여행,야시장,NNG
전주 여행,삼겹살,NNG
전주 여행,김밥,NNG
전주 여행,소고기,NNG
전주 여행,바람짝,NNG
전주 여행,맛집,NNG
전주 여행,백반,NNG
전주 여행,한정식,NNG
전주 여행,전문,NNG
전주 여행,한국,NNP
전주 여행,식당,NNG
전주 여행,바람짝,NNG
전주 여행,맛집,NNG
전주 여행,백반,NNG
전주 여행,한정식,NNG
전주 여행,전문,NNG
전주 여행,한국,NNP
전주 여행,식당,NNG
전주 여행,일시,NNG
전주 여행,작성자,NNG
전주 여행,바람짝,NNG
전주 여행,요리사,NNG
전주 여행,지역,NNG
전주 여행,맛집,NNG
전주 여행,탐방,NNG
전주 여행,가격,NNG
전주 여행,지인,NNG
전주 여행,입소문,NNG
전주 여행,서울,NNP
전주 여행,오리,NNG
전주 여행,과자점,NNG
전주 여행,객사,NNG
전주 여행,한옥마을,NNP
전주 여행,서울,NNP
전주 여행,오리,NNG
전주 여행,과자점,NNG
전주 여행,객사,NNG
전주 여행,한옥마을,NNP
전주 여행,일몽,NNG
전주 여행,남노,NNG
전주 여행,갈비,NNG
전주 여행,고자,NNG
전주 여행,퇴근,NNG
전주 여행,광주,NNP
전주 여행,시간,NNG
전주 여행,우산,NNG
전주 여행,불안,NNG
전주 여행,불안,NNG
전주 여행,친구,NNG
전주 여행,숙소,NNG
전주 여행,전북,NNP
전주 여행,천리,NNG
전주 여행,한옥마을,NNP
전주 여행,둘레길,NNP
전주 여행,포함,NNG
전주 여행,전라북도,NNP
전주 여행,각지,NNG
전주 여행,볼거리,NNG
전주 여행,먹거리,NNG
전주 여행,동안,NNG
전주 여행,체험,NNG
전주 여행,전북,NNP
전주 여행,계획,NNG
전주 여행,도움,NNG
전주 여행,후기,NNG
전주 여행,전라북도,NNP
전주 여행,후기,NNG
전주 여행,전북,NNP
전주 여행,요약,NNG
전주 여행,정리,NNG
전주 여행,여름,NNG
전주 여행,한옥,NNG
전주 여행,마을,NNG
전주 여행,주차장,NNG
전주 여행,정보,NNG
전주 여행,상세,NNG
전주 여행,한옥마을,NNP
전주 여행,한옥마을,NNP
전주 여행,소개,NNG
전주 여행,체험,NNG
전주 여행,콘텐츠,NNG
전주 여행,문화,NNG
전주 여행,공연,NNG
전주 여행,행사,NNG
전주 여행,한옥마을,NNP
전주 여행,사진,NNG
전주 여행,문화,NNG
전주 여행,시설,NNG
전주 여행,문화,NNG
전주 여행,시설,NNG
전주 여행,유적지,NNG
전주 여행,이색,NNG
전주 여행,공간,NNG
전주 여행,전통,NNG
전주 여행,공예,NNG
전주 여행,생활,NNG
전주 여행,공예,NNG
전주 여행,액세서리,NNG
전주 여행,예술,NNG
전주 여행,공예,NNG
전주 여행,체험,NNG
전주 여행,전동성당,NNP
전주 여행,입장,NNG
전주 여행,시간,NNG
전주 여행,오늘,NNG
전주 여행,소개,NNG
전주 여행,한옥마을,NNP
전주 여행,명소,NNG
전주 여행,전동성당,NNP
전주 여행,모습,NNG
전주 여행,지정,NNG
전주 여행,입장,NNG
전주 여행,시간,NNG
전주 여행,맛집,NNG
전주 여행,교동,NNP
전주 여행,시래,NNP
전주 여행,시래기,NNG
전주 여행,국밥,NNG
전주 여행,전문점,NNG
전주 여행,옥마,NNP
전주 여행,맛집,NNG
전주 여행,교동,NNP
전주 여행,시래,NNP
전주 여행,시래기,NNG
전주 여행,국밥,NNG
전주 여행,전문점,NNG
전주 여행,한옥마을,NNP
전주 여행,맛집,NNG
전주 여행,한옥마을,NNP
전주 여행,아침,NNG
전주 여행,식사,NNG
전주 여행,시래기,NNG
전주 여행,국밥,NNG
전주 여행,한옥,NNG
전주 여행,마을,NNG
전주 여행,아침,NNG
전주 여행,시각,NNG
전주 여행,아침,NNG
전주 여행,식사,NNG
전주 여행,가능,NNG
전주 여행,식당,NNG
전주 여행,풍년제,NNP
전주 여행,수제,NNG
전주 여행,초코파이,NNP
전주 여행,초코파이,NNP
전주 여행,풍년제,NNP
전주 여행,우리,NP
전주 여행,초코파이,NNP
전주 여행,한옥,NNG
전주 여행,마을,NNG
전주 여행,여럿,NNG
전주 여행,국내,NNG
전주 여행,네오,NNP
전주 여행,간식,NNG
전주 여행,추억,NNG
전주 여행,가게,NNG
전주 여행,구경,NNG
전주 여행,카카오,NNG
전주 여행,캐릭터,NNG
전주 여행,달고나,NNP
전주 여행,불량,NNG
전주 여행,식품,NNG
전주 여행,여기,NP
전주 여행,완자,NNG
전주 여행,꼬치,NNG
전주 여행,체다,NNP
전주 여행,치즈,NNG
전주 여행,완자,NNG
전주 여행,꼬치,NNG
전주 여행,사고,NNG
전주 여행,한잔,NNG
전주 여행,분위기,NNG
전주 여행,구일집,NNP
전주 여행,맛집,NNG
전주 여행,한옥,NNG
전주 여행,한잔,NNG
전주 여행,분위기,NNG
전주 여행,구일집,NNP
전주 여행,밥집,NNG
전주 여행,술집,NNG
전주 여행,한옥마을,NNP
전주 여행,맛집,NNG
전주 여행,목대,NNG
전주 여행,점심,NNG
전주 여행,이곳저곳,NNG
전주 여행,발견,NNG
전주 여행,알라딘,NNP
전주 여행,자평,NNG
전주 여행,레시피,NNG
전주 여행,레시피,NNG
전주 여행,김주미,NNP
전주 여행,지음,NNG
전주 여행,상상,NNG
전주 여행,평점,NNG
전주 여행,구판,NNG
전주 여행,절판,NNG
전주 여행,처음,NNG
전주 여행,기대,NNG
전주 여행,편집,NNG
전주 여행,맛집,NNG
전주 여행,수정관,NNG
전주 여행,강추,NNG
전주 여행,중화요리,NNG
전주 여행,인터넷,NNG
전주 여행,데프콘,NNP
전주 여행,어디,NP
전주 여행,배신,NNG
전주 여행,마이산,NNP
전주 여행,휴게소,NNG
전주 여행,마이산,NNP
전주 여행,배경,NNG
전주 여행,덕진,NNP
전주 여행,공원,NNG
전주 여행,연꽃,NNG
전주 여행,연꽃,NNG
전주 여행,영화,NNG
전주 여행,호텔,NNG
전주 여행,체크인,NNG
전주 여행,맛집,NNG
전주 여행,한국,NNP
전주 여행,비빔밥,NNG
전주 여행,맛집,NNG
전주 여행,가족,NNG
전주 여행,회관,NNG
전주 여행,비빔밥,NNG
전주 여행,맛집,NNG
전주 여행,가족,NNG
전주 여행,회관,NNG
전주 여행,상담,NNG
전주 여행,팀원,NNG
전주 여행,합류,NNG
전주 여행,저녁,NNG
전주 여행,비빔밥,NNG
전주 여행,맛집,NNG
전주 여행,추천,NNG
전주 여행,고고씽,NNP
전주 여행,생선,NNG
전주 여행,구이,NNG
전주 여행,본가,NNG
전주 여행,조기,NNG
전주 여행,매운탕,NNG
전주 여행,도착,NNG
전주 여행,조기,NNG
전주 여행,매운탕,NNG
전주 여행,검색,NNG
전주 여행,생선,NNG
전주 여행,주차장,NNG
전주 여행,식사,NNG
전주 여행,실내,NNG
전주 여행,브런치,NNP
전주 여행,카페,NNG
전주 여행,투리,NNG
전주 여행,스타,NNG
전주 여행,마지막,NNG
전주 여행,오전,NNG
전주 여행,브런치,NNP
전주 여행,브런치,NNP
전주 여행,카페,NNP
전주 여행,폭풍,NNG
전주 여행,검색,NNG
전주 여행,브런치,NNP
전주 여행,카페,NNG
전주 여행,투리,NNG
전주 여행,스타,NNG
전주 여행,한옥,NNG
전주 여행,마을,NNG
전주 여행,근처,NNG
전주 여행,호텔,NNG
전주 여행,아래,NNG
전주 여행,카페,NNG
전주 여행,맛집,NNG
전주 여행,전북,NNP
전주 여행,도청,NNG
전주 여행,연남,NNG
전주 여행,갈비,NNG
전주 여행,추천,NNG
전주 여행,맛집,NNG
전주 여행,연남,NNG
전주 여행,갈비,NNG
전주 여행,전북,NNP
전주 여행,도청,NNG
전주 여행,근처,NNG
전주 여행,갈비,NNG
전주 여행,태극기,NNG
전주 여행,갈비,NNG
전주 여행,맛집,NNG
전주 여행,이야기,NNG
전주 여행,개인,NNG
전주 여행,가게,NNG
전주 여행,농가,NNG
전주 여행,레스토랑,NNG
전주 여행,방문,NNG
전주 여행,맛집,NNG
전주 여행,추천,NNG
전주 여행,메뉴,NNG
전주 여행,후식,NNG
전주 여행,반찬,NNG
전주 여행,마음,NNG
전주 여행,한옥마을,NNP
전주 여행,산책,NNG
전주 여행,코스,NNG
전주 여행,일차,NNG
전주 여행,팔자,NNG
전주 여행,보너스,NNG
전주 여행,시간,NNG
전주 여행,이투,NNG
전주 여행,케이,NNG
전주 여행,이투,NNG
전주 여행,케이,NNG
전주 여행,시간,NNG
전주 여행,시간,NNG
전주 여행,산책,NNG
전주 여행,시간,NNG
전주 여행,투자,NNG
전주 여행,백화점,NNG
전주 여행,부근,NNG
전주 여행,친구,NNG
전주 여행,한옥마을,NNP
전주 여행,한옥,NNP
전주 여행,일바,NNP
전주 여행,길거리,NNG
전주 여행,한옥,NNP
전주 여행,레일바이크,NNP
전주 여행,사랑,NNG
전주 여행,연인,NNG
전주 여행,한옥,NNG
전주 여행,마을,NNG
전주 여행,한복,NNG
전주 여행,데이트,NNG
전주 여행,아중역,NNP
전주 여행,한옥,NNP
전주 여행,레일바이크,NNP
전주 여행,영원,NNG
전주 여행,추억,NNG
전주 여행,마전,NNG
전주 여행,고분군,NNP
전주 여행,서부,NNG
전주 여행,신시가지,NNG
전주 여행,문학,NNG
전주 여행,문화,NNG
전주 여행,공간,NNG
전주 여행,조성,NNG
전주 여행,고분군,NNP
전주 여행,공원,NNG
전주 여행,오른쪽,NNG
전주 여행,계단,NNG
전주 여행,입구,NNG
전주 여행,조선,NNP
전주 여행,문종,NNG
전주 여행,알라딘,NNP
전주 여행,자평,NNG
전주 여행,레시피,NNG
전주 여행,레시피,NNG
전주 여행,김주미,NNP
전주 여행,지음,NNG
전주 여행,상상,NNG
전주 여행,평점,NNG
전주 여행,구판,NNG
전주 여행,절판,NNG
전주 여행,구입,NNG
전주 여행,편집,NNG
전주 여행,후백제,NNG
전주 여행,견훤,NNP
전주 여행,숨결,NNG
전주 여행,승암,NNG
전주 여행,조선,NNP
전주 여행,왕조,NNG
전주 여행,본향,NNG
전주 여행,후백제,NNG
전주 여행,도읍지,NNG
전주 여행,후백제,NNG
전주 여행,견훤,NNP
전주 여행,숨결,NNG
전주 여행,동고,NNG
전주 여행,동고,NNG
전주 여행,완산,NNP
전주 여행,그립,NNG
전주 여행,군아,NNG
전주 여행,유언,NNG
전주 여행,견훤,NNP
전주 여행,도읍,NNG
전주 여행,사고사,NNG
전주 여행,일제,NNG
전주 여행,강점기,NNG
전주 여행,역사,NNG
전주 여행,흔적,NNG
전주 여행,역사,NNG
전주 여행,공원,NNG
전주 여행,공원,NNG
전주 여행,완산,NNP
전주 여행,오래,NNG
전주 여행,역사,NNG
전주 여행,공원,NNG
전주 여행,역사,NNG
전주 여행,공원,NNG
전주 여행,다가산,NNG
전주 여행,정상,NNG
전주 여행,명단,NNG
전주 여행,명당,NNG
전주 여행,조선,NNP
전주 여행,시대,NNG
전주 여행,별장,NNG
전주 여행,한옥마을,NNP
전주 여행,임실,NNP
전주 여행,슬치,NNP
전주 여행,고개,NNG
전주 여행,발원,NNG
전주 여행,당과,NNG
전주 여행,경관,NNG
전주 여행,조선,NNP
전주 여행,개국,NNG
전주 여행,공신,NNG
전주 여행,집현전,NNG
전주 여행,직제학,NNG
전주 여행,월당,NNG
전주 여행,선생,NNG
전주 여행,태조,NNG
전주 여행,아중,NNG
전주 여행,호숫가,NNG
전주 여행,소공원,NNG
전주 여행,호동,NNG
전주 여행,어린이,NNG
전주 여행,공원,NNG
전주 여행,호동,NNG
전주 여행,시민,NNG
전주 여행,누구,NP
전주 여행,이름,NNG
전주 여행,예전,NNG
전주 여행,쓰래,NNG
전주 여행,매립장,NNG
전주 여행,호공,NNP
전주 여행,오후,NNG
전주 여행,시간,NNG
전주 여행,시간,NNG
전주 여행,아중,NNG
전주 여행,호수,NNG
전주 여행,중리,NNG
전주 여행,레일바이크,NNP
전주 여행,완산,NNP
전주 여행,칠봉,NNG
전주 여행,도심,NNG
전주 여행,하늘,NNG
전주 여행,정원,NNG
전주 여행,완산,NNP
전주 여행,공원,NNG
전주 여행,완산,NNP
전주 여행,공원,NNG
전주 여행,완산,NNP
전주 여행,공원,NNG
전주 여행,꽃동산,NNG
전주 여행,완산,NNP
전주 여행,칠봉,NNG
전주 여행,도심,NNG
전주 여행,공원,NNG
전주 여행,후백제,NNG
전주 여행,도읍지,NNG
전주 여행,조선,NNP
전주 여행,왕조,NNG
전주 여행,본향,NNG
전주 여행,대표,NNG
전주 여행,완산,NNP
전주 여행,칠봉,NNG
전주 여행,완산,NNP
전주 여행,고원,NNP
전주 여행,꽃동산,NNG
전주 여행,시립,NNG
전주 여행,도서관,NNG
전주 여행,하늘,NNG
전주 여행,조선왕조실록,NNP
전주 여행,피난,NNG
전주 여행,수난사,NNG
전주 여행,사고,NNG
전주 여행,사고,NNG
전주 여행,국보,NNG
전주 여행,조선왕조실록,NNP
전주 여행,보관,NNG
전주 여행,경기,NNG
전주 여행,전안,NNG
전주 여행,건물,NNG
전주 여행,사고,NNG
전주 여행,임진왜란,NNG
전주 여행,당시,NNG
전주 여행,조성,NNG
전주 여행,왕조,NNG
전주 여행,실록,NNG
전주 여행,피신,NNG
전주 여행,수난사,NNG
전주 여행,한눈,NNG
전주 여행,사고,NNG
전주 여행,연꽃,NNG
전주 여행,대한민국,NNP
전주 여행,연꽃,NNG
전주 여행,대표,NNG
전주 여행,관광지,NNG
전주 여행,덕진,NNP
전주 여행,공원,NNG
전주 여행,진연,NNG
전주 여행,덕진,NNP
전주 여행,공원,NNG
전주 여행,코스,NNG
전주 여행,필수,NNG
전주 여행,코스,NNG
전주 여행,덕진,NNP
전주 여행,연못,NNG
전주 여행,연꽃,NNG
전주 여행,덕진,NNP
전주 여행,호수,NNG
전주 여행,가운데,NNG
전주 여행,현수교,NNG
전주 여행,연지,NNG
전주 여행,교등,NNG
전주 여행,주변,NNG
전주 여행,경관,NNG
전주 여행,사진,NNG
전주 여행,연꽃,NNG
전주 여행,친환경,NNG
전주 여행,생태,NNG
전주 여행,도시,NNG
전주 여행,에코,NNP
전주 여행,시티,NNG
전주 여행,자랑거리,NNG
전주 여행,병호,NNP
전주 여행,병공,NNG
전주 여행,에코,NNP
전주 여행,시티,NNG
전주 여행,조성,NNG
전주 여행,공원,NNG
전주 여행,한옥마을,NNP
전주 여행,코스,NNG
전주 여행,이투,NNG
전주 여행,케이,NNG
전주 여행,손자,NNG
전주 여행,에코,NNP
전주 여행,시티,NNG
전주 여행,세병,NNG
전주 여행,공원,NNG
전주 여행,조선,NNP
전주 여행,본향,NNG
전주 여행,한옥,NNG
전주 여행,마을,NNG
전주 여행,경기전,NNG
전주 여행,진박,NNG
전주 여행,조선,NNP
전주 여행,본향,NNG
전주 여행,한옥마을,NNP
전주 여행,한옥마을,NNP
전주 여행,전국,NNG
전주 여행,한옥마을,NNP
전주 여행,한옥,NNG
전주 여행,마을,NNG
전주 여행,경기전,NNG
전주 여행,경기,NNG
전주 여행,전안,NNG
전주 여행,태조,NNP
전주 여행,이성계,NNP
전주 여행,어진,NNG
전주 여행,어진,NNG
전주 여행,산책,NNG
전주 여행,추억,NNG
전주 여행,일요일,NNG
전주 여행,오후,NNG
전주 여행,일차,NNG
전주 여행,팔자,NNG
전주 여행,보너스,NNG
전주 여행,시간,NNG
전주 여행,이투,NNG
전주 여행,케이,NNG
전주 여행,트리,NNG
전주 여행,시간,NNG
전주 여행,안성맞춤,NNG
전주 여행,산책,NNG
전주 여행,시간,NNG
전주 여행,투자,NNG
전주 여행,아이,NNG
전주 여행,한옥,NNG
전주 여행,마을,NNG
전주 여행,산책,NNG
전주 여행,군것질,NNG
전주 여행,개인,NNG
전주 여행,만족,NNG
전주 여행,마약,NNG
전주 여행,육전,NNG
전주 여행,추억,NNG
전주 여행,사진,NNG
전주 여행,조미료,NNG
전주 여행,한복,NNG
전주 여행,대여,NNG
전주 여행,헤어,NNG
전주 여행,사진,NNG
전주 여행,세트,NNG
전주 여행,가족,NNG
전주 여행,한복,NNG
전주 여행,체험,NNG
전주 여행,시작,NNG
전주 여행,사진관,NNG
전주 여행,사진,NNG
전주 여행,촬영,NNG
전주 여행,마을,NNG
전주 여행,투어,NNG
전주 여행,후백제,NNG
전주 여행,숨결,NNG
전주 여행,방산,NNG
전주 여행,후백제,NNG
전주 여행,도읍지,NNG
전주 여행,후백제,NNG
전주 여행,견훤,NNP
전주 여행,숨결,NNG
전주 여행,효자동,NNG
전주 여행,서곡,NNG
전주 여행,지구,NNG
전주 여행,방산,NNG
전주 여행,서고,NNG
전주 여행,완산,NNP
전주 여행,그립,NNG
전주 여행,군아,NNG
전주 여행,유언,NNG
전주 여행,견훤,NNP
전주 여행,도읍,NNG
전주 여행,알라딘,NNP
전주 여행,언제,NNG
전주 여행,다음,NNG
전주 여행,북카페,NNP
전주 여행,카프카,NNP
전주 여행,다음,NNG
전주 여행,요즘,NNG
전주 여행,에코,NNP
전주 여행,시티,NNG
전주 여행,친환경,NNG
전주 여행,생태,NNG
전주 여행,공원,NNG
전주 여행,세병,NNG
전주 여행,공원,NNG
전주 여행,세병,NNG
전주 여행,공원,NNG
전주 여행,한옥마을,NNP
전주 여행,코스,NNG
전주 여행,이투,NNG
전주 여행,케이,NNG
전주 여행,에코,NNP
전주 여행,시티,NNG
전주 여행,손자,NNG
전주 여행,에코,NNP
전주 여행,시티,NNG
전주 여행,처음,NNG
전주 여행,포스팅,NNP
전주 여행,전동성당,NNP
전주 여행,초순,NNG
전주 여행,교지,NNG
전주 여행,한옥마을,NNP
전주 여행,필수,NNG
전주 여행,코스,NNG
전주 여행,필수,NNG
전주 여행,코스,NNG
전주 여행,한옥마을,NNP
전주 여행,아내,NNG
전주 여행,남문,NNG
전주 여행,시장,NNG
전주 여행,대국,NNG
전주 여행,그릇,NNG
전주 여행,한옥,NNG
전주 여행,마을,NNG
전주 여행,전동성당,NNP
전주 여행,예향,NNG
전주 여행,도시,NNG
전주 여행,자랑거리,NNG
전주 여행,국립,NNG
전주 여행,무형,NNG
전주 여행,유산,NNG
전주 여행,박물관,NNG
전주 여행,예향,NNG
전주 여행,도시,NNG
전주 여행,무형,NNG
전주 여행,유산,NNG
전주 여행,박물관,NNG
전주 여행,자랑,NNG
전주 여행,개관,NNG
전주 여행,자랑거리,NNG
전주 여행,시민,NNG
전주 여행,각종,NNG
전주 여행,무료,NNG
전주 여행,공연,NNG
전주 여행,계속,NNG
전주 여행,완산,NNP
전주 여행,칠봉,NNG
전주 여행,생태,NNG
전주 여행,공원,NNG
전주 여행,완산,NNP
전주 여행,칠봉,NNG
전주 여행,생태,NNG
전주 여행,지원,NNG
전주 여행,완산,NNP
전주 여행,칠봉,NNG
전주 여행,생태,NNG
전주 여행,지원,NNG
전주 여행,완산,NNP
전주 여행,지명,NNG
전주 여행,이싸,NNP
전주 여행,조선,NNP
전주 여행,본향,NNG
전주 여행,후백제,NNG
전주 여행,도읍지,NNG
전주 여행,산책,NNG
전주 여행,천변,NNG
전주 여행,산세,NNG
전주 여행,비경,NNG
전주 여행,완산,NNP
전주 여행,완산,NNP
전주 여행,칠봉,NNG
전주 여행,국내,NNG
전주 여행,최고,NNG
전주 여행,수준,NNG
전주 여행,복합,NNG
전주 여행,문화,NNG
전주 여행,예술,NNG
전주 여행,공간,NNG
전주 여행,한국,NNP
전주 여행,소리,NNG
전주 여행,문화,NNG
전주 여행,전북,NNP
전주 여행,개최,NNG
전주 여행,세계,NNG
전주 여행,소리,NNG
전주 여행,축제,NNG
전주 여행,한국,NNP
전주 여행,소리,NNG
전주 여행,문화,NNG
전주 여행,이다,NNP
전주 여행,자랑,NNG
전주 여행,전북,NNP
전주 여행,자랑,NNG
전주 여행,면적,NNG
전주 여행,건물,NNG
전주 여행,면적,NNG
전주 여행,대형,NNG
전주 여행,아트,NNG
전주 여행,센터,NNG
전주 여행,한옥마을,NNP
전주 여행,분위기,NNG
전주 여행,한옥마을,NNP
전주 여행,부채,NNG
전주 여행,박물,NNG
전주 여행,한옥마을,NNP
전주 여행,부채,NNG
전주 여행,박물관,NNG
전주 여행,선조,NNG
전주 여행,지혜,NNG
전주 여행,부채,NNG
전주 여행,한옥,NNG
전주 여행,마을,NNG
전주 여행,글자,NNG
전주 여행,조선,NNP
전주 여행,시대,NNG
전주 여행,부채,NNG
전주 여행,중국,NNP
전주 여행,일본,NNP
전주 여행,부채,NNG
전주 여행,부채,NNG
전주 여행,전시,NNG
전주 여행,부채,NNG
전주 여행,박물관,NNG
전주 여행,한옥마을,NNP
전주 여행,요일,NNG
전주 여행,코스,NNG
전주 여행,한옥마을,NNP
전주 여행,전통,NNG
전주 여행,비빔밥,NNG
전주 여행,시식,NNP
전주 여행,덕진,NNP
전주 여행,공원,NNG
전주 여행,유적지,NNG
전주 여행,저녁,NNG
전주 여행,떡갈비,NNG
전주 여행,시식,NNG
전주 여행,덕진,NNP
전주 여행,호수,NNG
전주 여행,연화교,NNG
전주 여행,변신,NNG
전주 여행,덕진,NNP
전주 여행,공원,NNG
전주 여행,덕진,NNP
전주 여행,공원,NNG
전주 여행,연화교,NNG
전주 여행,덕진,NNP
전주 여행,공원,NNG
전주 여행,모습,NNG
전주 여행,모습,NNG
전주 여행,연화교,NNG
전주 여행,모습,NNG
전주 여행,변신,NNG
전주 여행,마음,NNG
전주 여행,시간,NNG
전주 여행,자투리,NNG
전주 여행,한옥마을,NNP
전주 여행,야시장,NNG
전주 여행,남부,NNG
전주 여행,시장,NNG
전주 여행,청년,NNG
전주 여행,구경,NNG
전주 여행,한옥,NNP
전주 여행,스테이,NNP
전주 여행,태조,NNP
전주 여행,마루,NNP
전주 여행,한옥마을,NNP
전주 여행,먹거리,NNG
전주 여행,구경,NNG
전주 여행,사장,NNG
전주 여행,야시장,NNG
전주 여행,구경,NNG
전주 여행,광화문,NNG
전주 여행,세월,NNG
전주 여행,천막,NNG
전주 여행,조명,NNG
전주 여행,풍남문,NNG
전주 여행,대사습놀이,NNG
전주 여행,한옥마을,NNP
전주 여행,구경,NNG
전주 여행,전국,NNG
전주 여행,대회,NNG
전주 여행,판소리,NNG
전주 여행,명창,NNG
전주 여행,일반,NNG
전주 여행,농악,NNG
전주 여행,무용,NNG
전주 여행,기악,NNG
전주 여행,시조,NNG
전주 여행,민요,NNG
전주 여행,가야금,NNG
전주 여행,명창,NNG
전주 여행,궁도,NNG
전주 여행,명고,NNG
전주 여행,부분,NNG
전주 여행,전국,NNG
전주 여행,경연,NNG
전주 여행,대회,NNG
전주 여행,대사습놀이,NNG
전주 여행,전국,NNG
전주 여행,대회,NNG
전주 여행,옛날,NNG
전주 여행,물건,NNG
전주 여행,이곳,NP
전주 여행,전시,NNG
전주 여행,한옥마을,NNP
전주 여행,한옥마을,NNP
전주 여행,루이,NNP
전주 여행,엘모,NNG
전주 여행,자박,NNG
전주 여행,물관,NNG
전주 여행,추억,NNG
전주 여행,박물관,NNG
전주 여행,건물,NNG
전주 여행,입장료,NNG
전주 여행,전시,NNG
전주 여행,공간,NNG
전주 여행,전라북도,NNP
전주 여행,문화,NNG
전주 여행,예술,NNG
전주 여행,재단,NNG
전주 여행,지원,NNG
전주 여행,생각,NNG
전주 여행,한옥마을,NNP
전주 여행,풍남문,NNG
전주 여행,조선,NNP
전주 여행,본향,NNG
전주 여행,한옥마을,NNP
전주 여행,경기전,NNG
전주 여행,진박,NNG
전주 여행,물관,NNG
전주 여행,풍남문,NNG
전주 여행,보물,NNG
전주 여행,풍남문,NNG
전주 여행,대표,NNG
전주 여행,가즈,NNP
전주 여행,젊음,NNG
전주 여행,거리,NNG
전주 여행,객사,NNG
전주 여행,필수,NNG
전주 여행,코스,NNG
전주 여행,결혼식,NNG
전주 여행,참석,NNG
전주 여행,벚꽃,NNG
전주 여행,명소,NNG
전주 여행,이자,NNG
전주 여행,데이트,NNG
전주 여행,코스,NNG
전주 여행,아중,NNG
전주 여행,리저,NNP
전주 여행,수지,NNG
전주 여행,영화,NNG
전주 여행,거리,NNG
전주 여행,객사,NNG
전주 여행,한옥마을,NNP
전주 여행,한국,NNP
전주 여행,관광,NNG
전주 여행,우리나라,NNG
전주 여행,대표,NNG
전주 여행,이외,NNG
전주 여행,향교,NNG
전주 여행,목대,NNG
전주 여행,벽화,NNG
전주 여행,마을,NNG
전주 여행,전통주,NNG
전주 여행,박물관,NNG
전주 여행,승광,NNP
전주 여행,한옥마을,NNP
전주 여행,은퇴,NNG
전주 여행,사진,NNG
전주 여행,작가,NNG
전주 여행,활동,NNG
전주 여행,절친,NNG
전주 여행,사진,NNG
전주 여행,한옥마을,NNP
전주 여행,전망대,NNG
전주 여행,이성계,NNP
전주 여행,장군,NNG
전주 여행,승전,NNG
전주 여행,연회,NNG
전주 여행,장소,NNG
전주 여행,목대,NNG
전주 여행,한옥마을,NNP
전주 여행,한옥마을,NNP
전주 여행,경기,NNG
전주 여행,박물관,NNG
전주 여행,풍남문,NNG
전주 여행,남문,NNG
전주 여행,시장,NNG
전주 여행,최근,NNG
전주 여행,개장,NNG
전주 여행,전라,NNP
전주 여행,감영,NNG
전주 여행,목대,NNG
전주 여행,필수,NNG
전주 여행,코스,NNG
전주 여행,천상,NNG
전주 여행,정원,NNG
전주 여행,한국도로공사,NNP
전주 여행,고도,NNG
전주 여행,조선,NNP
전주 여행,본향,NNG
전주 여행,필수,NNG
전주 여행,코스,NNG
전주 여행,한국도로공사,NNP
전주 여행,수목원,NNG
전주 여행,월드컵,NNG
전주 여행,경기장,NNG
전주 여행,부근,NNG
전주 여행,고속도,NNG
전주 여행,도로변,NNG
전주 여행,어디,NP
전주 여행,서비스,NNG
전주 여행,작성자,NNG
전주 여행,광고,NNG
전주 여행,제주,NNP
전주 여행,유럽,NNP
전주 여행,코티지,NNP
전주 여행,감성,NNG
전주 여행,지독,NNG
전주 여행,프라이빗,NNG
전주 여행,제주,NNP
전주 여행,유럽,NNP
전주 여행,감성,NNG
전주 여행,인상,NNG
전주 여행,마중,NNG
전주 여행,도로공원,NNG
전주 여행,마중,NNG
전주 여행,기차,NNG
전주 여행,처음,NNG
전주 여행,마중,NNG
전주 여행,첫인상,NNG
전주 여행,마중,NNG
전주 여행,여름,NNG
전주 여행,마중,NNG
전주 여행,여름,NNG
전주 여행,무더위,NNG
전주 여행,어린이,NNG
전주 여행,아중,NNG
전주 여행,호수,NNG
전주 여행,나무,NNG
전주 여행,데크,NNP
전주 여행,산책로,NNG
전주 여행,산책,NNG
전주 여행,예전,NNG
전주 여행,중리,NNG
전주 여행,아중,NNG
전주 여행,호수,NNG
전주 여행,야성,NNG
전주 여행,벚꽃,NNG
전주 여행,구경,NNG
전주 여행,민물,NNG
전주 여행,매운탕,NNG
전주 여행,기린,NNG
전주 여행,등산,NNG
전주 여행,목적,NNG
전주 여행,한국,NNP
전주 여행,도로공사,NNP
전주 여행,수목원,NNG
전주 여행,코앞,NNG
전주 여행,시민,NNG
전주 여행,쉼터,NNG
전주 여행,총화,NNG
전주 여행,기독교,NNG
전주 여행,방송국,NNG
전주 여행,예전,NNG
전주 여행,고속도,NNG
전주 여행,나들목,NNG
전주 여행,자리,NNG
전주 여행,그곳,NP
전주 여행,시민,NNG
전주 여행,쉼터,NNG
전주 여행,조성,NNG
전주 여행,나들목,NNG
전주 여행,가족,NNG
전주 여행,공원,NNG
전주 여행,인터체인지,NNG
전주 여행,월드컵,NNG
전주 여행,경기장,NNG
전주 여행,조선,NNP
전주 여행,본향,NNG
전주 여행,자랑거리,NNG
전주 여행,덕진,NNP
전주 여행,연못,NNG
전주 여행,연꽃,NNG
전주 여행,덕진,NNP
전주 여행,공원,NNG
전주 여행,조선,NNP
전주 여행,본향,NNG
전주 여행,명물,NNG
전주 여행,상징,NNG
전주 여행,덕진,NNP
전주 여행,공원,NNG
전주 여행,필수,NNG
전주 여행,코스,NNG
전주 여행,덕진,NNP
전주 여행,호수,NNG
전주 여행,가운데,NNG
전주 여행,현수교,NNG
전주 여행,연꽃,NNG
전주 여행,양분,NNG
전주 여행,덕진,NNP
전주 여행,연못,NNG
전주 여행,광주,NNP
전주 여행,당신,NP
전주 여행,지역,NNG
전주 여행,특색,NNG
전주 여행,한옥마을,NNP
전주 여행,매력,NNG
전주 여행,광주,NNP
전주 여행,거리,NNG
전주 여행,위치,NNG
전주 여행,한옥마을,NNP
전주 여행,한국,NNP
전주 여행,전통,NNG
전주 여행,가옥,NNG
전주 여행,장소,NNG
전주 여행,한옥마을,NNP
전주 여행,대한민국,NNP
전주 여행,대표,NNG
전주 여행,난장,NNG
전주 여행,박물관,NNG
전주 여행,한옥마을,NNP
전주 여행,이색,NNG
전주 여행,옛날,NNG
전주 여행,볼거리,NNG
전주 여행,생일,NNG
전주 여행,손자,NNG
전주 여행,한옥,NNG
전주 여행,마을,NNG
전주 여행,하루,NNG
전주 여행,점심,NNG
전주 여행,한옥,NNG
전주 여행,마을,NNG
전주 여행,먹거리,NNG
전주 여행,갈비,NNG
전주 여행,홈페이지,NNG
전주 여행,제작,NNG
전주 여행,해외,NNG
전주 여행,골프,NNG
전주 여행,투어,NNG
전주 여행,전문,NNG
전주 여행,온라인,NNG
전주 여행,견적,NNG
전주 여행,단독,NNG
전주 여행,투어,NNG
전주 여행,투어,NNG
전주 여행,공식,NNG
전주 여행,인증,NNG
전주 여행,예약,NNG
전주 여행,센터,NNG
전주 여행,해외,NNG
전주 여행,단체,NNG
전주 여행,투어,NNG
전주 여행,단독,NNG
전주 여행,투어,NNG
전주 여행,글로벌,NNG
전주 여행,투어,NNG
전주 여행,투어,NNG
전주 여행,공식,NNG
전주 여행,인증,NNG
전주 여행,예약,NNG
전주 여행,센터,NNG
전주 여행,해외,NNG
전주 여행,단체,NNG
전주 여행,투어,NNG
전주 여행,정월,NNG
전주 여행,보름,NNG
전주 여행,공연,NNG
전주 여행,전북,NNP
전주 여행,달맞이,NNG
전주 여행,가세,NNG
전주 여행,음식,NNG
전주 여행,고장,NNG
전주 여행,이자,NNG
전주 여행,한옥마을,NNP
전주 여행,고장,NNG
전주 여행,복판,NNG
전주 여행,광장,NNG
전주 여행,임실,NNP
전주 여행,한국,NNP
전주 여행,신명,NNG
전주 여행,축제,NNG
전주 여행,필봉,NNG
전주 여행,마을,NNG
전주 여행,정월,NNG
전주 여행,보름,NNG
전주 여행,정월,NNG
전주 여행,보름날,NNG
전주 여행,지구촌,NNG
전주 여행,모자,NNG
전주 여행,이곳,NP
전주 여행,이색,NNG
전주 여행,박물관,NNG
전주 여행,루이,NNP
전주 여행,모자,NNG
전주 여행,한옥마을,NNP
전주 여행,모자,NNG
전주 여행,박물관,NNG
전주 여행,구경,NNG
전주 여행,한옥마을,NNP
전주 여행,서쪽,NNG
전주 여행,끝자락,NNG
전주 여행,루이,NNP
전주 여행,엘모,NNG
전주 여행,자박,NNG
전주 여행,물관,NNG
전주 여행,추억,NNG
전주 여행,박물관,NNG
전주 여행,박물관,NNG
전주 여행,박물관,NNG
전주 여행,구경거리,NNG
전주 여행,입장료,NNG
전주 여행,박물관,NNG
전주 여행,전동,NNG
전주 여행,성당,NNG
전주 여행,지란지교,NNG
전주 여행,친구,NNG
전주 여행,약속,NNG
전주 여행,시간,NNG
전주 여행,오후,NNG
전주 여행,시간,NNG
전주 여행,틈새,NNG
전주 여행,전동,NNG
전주 여행,성당,NNG
전주 여행,수요일,NNG
전주 여행,오후,NNG
전주 여행,성당,NNG
전주 여행,행사,NNG
전주 여행,관계자,NNG
전주 여행,차량,NNG
전주 여행,임도,NNG
전주 여행,꼬까,NNG
전주 여행,한복,NNG
전주 여행,전화,NNG
전주 여행,번호,NNG
전주 여행,도로,NNG
전주 여행,완산구,NNP
전주 여행,은행,NNG
전주 여행,지번,NNG
전주 여행,완산구,NNP
전주 여행,교동,NNP
전주 여행,장점,NNG
전주 여행,숙박업,NNG
전주 여행,샤워,NNG
전주 여행,타월,NNG
전주 여행,화장,NNG
전주 여행,거울,NNG
전주 여행,비누,NNG
전주 여행,클렌징,NNG
전주 여행,아시아,NNP
전주 여행,명소,NNG
전주 여행,한옥마을,NNP
전주 여행,시작,NNG
전주 여행,역사,NNG
전주 여행,한옥마을,NNP
전주 여행,이다,NNP
전주 여행,광장,NNG
전주 여행,한복,NNG
전주 여행,부채,NNG
전주 여행,아가씨,NNG
전주 여행,관광객,NNG
전주 여행,난장,NNG
전주 여행,테마,NNG
전주 여행,박물관,NNG
전주 여행,감수,NNG
전주 여행,이번,NNG
전주 여행,전북,NNP
전주 여행,유일,NNG
전주 여행,테마,NNG
전주 여행,박물관,NNG
전주 여행,감수,NNG
전주 여행,재현,NNG
전주 여행,장소,NNG
전주 여행,이곳,NP
전주 여행,난장,NNG
전주 여행,그대,NP
전주 여행,감성,NNG
전주 여행,한옥마을,NNP
전주 여행,한울,NNP
전주 여행,밥상,NNG
전주 여행,맛집,NNG
전주 여행,터널,NNG
전주 여행,한울,NNP
전주 여행,밥상,NNG
전주 여행,터널,NNG
전주 여행,공존,NNG
전주 여행,도시,NNG
전주 여행,기대,NNG
전주 여행,이번,NNG
전주 여행,특별,NNG
전주 여행,원래,NNG
전주 여행,한옥,NNG
전주 여행,마을,NNG
전주 여행,안쪽,NNG
전주 여행,맛집,NNG
전주 여행,계획,NNG
전주 여행,가게,NNG
전주 여행,사장,NNG
전주 여행,숙영,NNG
전주 여행,가마솥,NNG
전주 여행,비빔밥,NNG
전주 여행,된장찌개,NNG
전주 여행,비빔밥,NNG
전주 여행,조합,NNG
전주 여행,맛집,NNG
전주 여행,투어,NNG
전주 여행,숙영,NNG
전주 여행,비빔밥,NNG
전주 여행,방문,NNG
전주 여행,오래전,NNG
전주 여행,음식,NNG
전주 여행,비빔밥,NNG
전주 여행,이번,NNG
전주 여행,생각,NNG
전주 여행,비빔밥,NNG
전주 여행,가게,NNG
전주 여행,검색,NNG
전주 여행,예정,NNG
전주 여행,월드,NNG
전주 여행,티스토리,NNP
전주 여행,예정,NNG
전주 여행,막걸리,NNG
전주 여행,안주,NNG
전주 여행,한옥마을,NNP
전주 여행,막걸리,NNG
전주 여행,골목,NNG
전주 여행,얼마,NNG
전주 여행,정보,NNG
전주 여행,막걸리,NNG
전주 여행,알라딘,NNP
전주 여행,언제,NNG
전주 여행,계획,NNG
전주 여행,위로,NNG
전주 여행,권유,NNG
전주 여행,가슴,NNG
전주 여행,에세이,NNG
전주 여행,서다,NNG
전주 여행,핵심,NNG
전주 여행,포인트,NNG
전주 여행,목차,NNG
전주 여행,알라딘,NNP
전주 여행,리뷰,NNP
전주 여행,동네,NNG
전주 여행,친구,NNG
전주 여행,회신,NNG
전주 여행,동네,NNG
전주 여행,플레이,NNG
전주 여행,동네,NNG
전주 여행,동네,NNG
전주 여행,매거진,NNG
전주 여행,알라딘,NNP
전주 여행,서재,NNP
전주 여행,시집,NNG
전주 여행,계획,NNG
전주 여행,그곳,NP
전주 여행,무엇,NP
전주 여행,무엇,NP
전주 여행,생각,NNG
전주 여행,한국,NNP
전주 여행,알라딘,NNP
전주 여행,매력,NNG
전주 여행,로컬,NNG
전주 여행,가이드,NNG
전주 여행,소도시,NNG
전주 여행,소도시,NNG
전주 여행,트래블,NNG
전주 여행,완주,NNG
전주 여행,소도시,NNG
전주 여행,트래블,NNG
전주 여행,조이,NNG
전주 여행,코리아,NNP
전주 여행,편집부,NNG
전주 여행,지음,NNG
전주 여행,조이,NNG
전주 여행,코리아,NNP
전주 여행,평점,NNG
전주 여행,품절,NNG
전주 여행,얼마,NNG
전주 여행,소도시,NNG
전주 여행,트래블,NNG
전주 여행,주편,NNG
전주 여행,맛집,NNG
전주 여행,추천,NNG
전주 여행,리스트,NNG
전주 여행,지인,NNG
전주 여행,먹방,NNG
전주 여행,맛집,NNG
전주 여행,조점,NNG
전주 여행,남문,NNG
전주 여행,피순대,NNG
전주 여행,남부,NNG
전주 여행,시장,NNG
전주 여행,정도,NNG
전주 여행,시장,NNG
전주 여행,도착,NNG
전주 여행,시장,NNG
전주 여행,알라딘,NNP
전주 여행,서재,NNP
전주 여행,오렌지캬라멜,NNP
전주 여행,청춘,NNG
전주 여행,생각,NNG
전주 여행,서울,NNP
전주 여행,언제,NP
전주 여행,한옥마을,NNP
전주 여행,오렌지,NNP
전주 여행,카라멜,NNP
전주 여행,경로,NNG
전주 여행,옥도,NNG
전주 여행,구경,NNG
전주 여행,한복,NNG
전주 여행,전통,NNG
전주 여행,체험,NNG
전주 여행,콩나물국,NNG
전주 여행,명가,NNG
전주 여행,점포,NNG
전주 여행,차이,NNG
전주 여행,맛집,NNG
전주 여행,콩나물국,NNG
전주 여행,명가,NNG
전주 여행,점포,NNG
전주 여행,차이,NNG
전주 여행,맛집,NNG
전주 여행,현대,NNG
전주 여행,전라북도,NNP
전주 여행,콩나물국,NNG
전주 여행,발생지,NNG
전주 여행,콩나물국,NNG
전주 여행,밥집,NNG
전주 여행,발길,NNG
전주 여행,현대,NNG
전주 여행,세대,NNG
전주 여행,퇴근,NNG
전주 여행,객리,NNG
전주 여행,한옥마을,NNP
전주 여행,완주,NNP
전주 여행,소양,NNP
전주 여행,퇴근,NNG
전주 여행,저녁,NNG
전주 여행,출발,NNG
전주 여행,하루,NNG
전주 여행,연차,NNG
전주 여행,스케줄,NNG
전주 여행,일정,NNG
전주 여행,개인,NNG
전주 여행,당일,NNG
전주 여행,오감,NNG
전주 여행,만족,NNG
전주 여행,완주,NNG
전주 여행,대한민국,NNP
전주 여행,테마,NNG
전주 여행,박물관,NNG
전주 여행,연꽃,NNG
전주 여행,명소,NNG
전주 여행,진공,NNG
전주 여행,완주,NNG
전주 여행,전북,NNP
전주 여행,필수,NNG
전주 여행,코스,NNG
전주 여행,완주군,NNG
전주 여행,구이면,NNP
전주 여행,대한민국,NNP
전주 여행,테마,NNG
전주 여행,박물관,NNG
전주 여행,개관,NNG
전주 여행,대한민국,NNP
전주 여행,테미,NNP
전주 여행,박물관,NNG
전주 여행,만족,NNG
전주 여행,완주,NNG
전주 여행,테마,NNG
전주 여행,박물관,NNG
전주 여행,맛집,NNG
전주 여행,조점,NNG
전주 여행,남문,NNG
전주 여행,피순대,NNG
전주 여행,추천,NNG
전주 여행,가을,NNG
전주 여행,음식,NNG
전주 여행,피순대,NNG
전주 여행,국밥,NNG
전주 여행,가을,NNG
전주 여행,가을,NNG
전주 여행,풍경,NNG
전주 여행,기대,NNG
전주 여행,기대,NNG
전주 여행,예전,NNG
전주 여행,음식,NNG
전주 여행,오랜만,NNG
전주 여행,군산,NNP
전주 여행,한옥마을,NNP
전주 여행,낭만,NNG
전주 여행,군산,NNP
전주 여행,군산,NNG
전주 여행,볼거리,NNG
전주 여행,일정,NNG
전주 여행,숙소,NNG
전주 여행,호텔,NNG
전주 여행,르윈,NNP
전주 여행,호텔,NNG
전주 여행,군산,NNP
전주 여행,국내,NNG
전주 여행,유일,NNG
전주 여행,일본식,NNG
전주 여행,사찰,NNG
전주 여행,동국,NNG
전주 여행,탐방,NNG
전주 여행,동국,NNG
전주 여행,웅전,NNG
전주 여행,대나무,NNG
전주 여행,대나무,NNG
전주 여행,일본식,NNG
전주 여행,동국,NNG
전주 여행,관람,NNG
전주 여행,다음,NNG
전주 여행,군산,NNG
전주 여행,근대,NNG
전주 여행,역사,NNG
전주 여행,박물관,NNG
전주 여행,비빔밥,NNG
전주 여행,전문점,NNG
전주 여행,가족,NNG
전주 여행,회관,NNG
전주 여행,비빔밥,NNG
전주 여행,체험,NNG
전주 여행,비빔밥,NNG
전주 여행,전문점,NNG
전주 여행,가족,NNG
전주 여행,회관,NNG
전주 여행,비빔밥,NNG
전주 여행,체험,NNG
전주 여행,맛집,NNG
전주 여행,도시,NNG
전주 여행,비빔밥,NNG
전주 여행,체험,NNG
전주 여행,비빔밥,NNG
전주 여행,축제,NNG
전주 여행,시외버스,NNG
전주 여행,터미널,NNG
전주 여행,시간표,NNG
전주 여행,시외버스,NNG
전주 여행,터미널,NNG
전주 여행,시간표,NNG
전주 여행,시작,NNG
전주 여행,시외버스,NNG
전주 여행,터미널,NNG
전주 여행,시간표,NNG
전주 여행,시외버스,NNG
전주 여행,공용,NNG
전주 여행,터미널,NNG
전주 여행,전화,NNG
전주 여행,번호,NNG
전주 여행,전북,NNP
전주 여행,덕진구,NNP
전주 여행,금암동,NNP
전주 여행,서울,NNP
전주 여행,남부,NNG
전주 여행,터미널,NNG
전주 여행,에서,NNG
전주 여행,퇴근,NNG
전주 여행,포함,NNG
전주 여행,부담,NNG
전주 여행,만족,NNG
전주 여행,사람,NNG
전주 여행,승률,NNG
전주 여행,장소,NNG
전주 여행,방문,NNG
전주 여행,진심,NNG
전주 여행,추천,NNG
전주 여행,위쪽,NNG
전주 여행,도서관,NNG
전주 여행,이색,NNG
전주 여행,프로그램,NNG
전주 여행,도서관,NNG
전주 여행,기록,NNG
전주 여행,문화,NNG
전주 여행,뿌리,NNG
전주 여행,한지,NNG
전주 여행,체험,NNG
전주 여행,다가,NNG
전주 여행,도서관,NNG
전주 여행,한옥마을,NNP
전주 여행,도서관,NNG
전주 여행,중식,NNG
전주 여행,동문,NNG
전주 여행,도서관,NNG
전주 여행,도보,NNG
전주 여행,지관,NNG
전주 여행,지체,NNG
전주 여행,알라딘,NNP
전주 여행,서재,NNP
전주 여행,예찬,NNG
전주 여행,이유,NNG
전주 여행,음식,NNG
전주 여행,가격,NNG
전주 여행,비빔밥,NNG
전주 여행,우리,NP
전주 여행,한옥,NNG
전주 여행,마을,NNG
전주 여행,근처,NNG
전주 여행,반야,NNG
전주 여행,돌솥,NNG
전주 여행,돌솥,NNG
전주 여행,간장,NNG
전주 여행,이번,NNG
전주 여행,주말,NNG
전주 여행,명물,NNG
전주 여행,덕진,NNP
전주 여행,공원,NNG
전주 여행,연꽃,NNG
전주 여행,축제,NNG
전주 여행,연꽃,NNG
전주 여행,촬영,NNG
전주 여행,코스,NNG
전주 여행,필수,NNG
전주 여행,코스,NNG
전주 여행,휴가,NNG
전주 여행,아들,NNG
전주 여행,명색,NNG
전주 여행,여름휴가,NNG
전주 여행,서울,NNP
전주 여행,엄마,NNG
전주 여행,누나,NNG
전주 여행,조카,NNG
전주 여행,누나,NNG
전주 여행,조카,NNG
전주 여행,강원도,NNP
전주 여행,한옥마을,NNP
전주 여행,전통,NNG
전주 여행,지원,NNG
전주 여행,전라북도,NNP
전주 여행,일원,NNG
전주 여행,생산,NNG
전주 여행,한지,NNG
전주 여행,이곳,NP
전주 여행,한지,NNG
전주 여행,제조업,NNG
전주 여행,입지,NNG
전주 여행,수질,NNG
전주 여행,원재료,NNG
전주 여행,지방,NNG
전주 여행,근교,NNG
전주 여행,닥나무,NNG
전주 여행,생산,NNG
전주 여행,원재료,NNG
전주 여행,한지,NNG
전주 여행,제조업,NNG
전주 여행,성황,NNG
전주 여행,카페,NNG
전주 여행,메뉴판,NNG
전주 여행,한옥마을,NNP
전주 여행,수다,NNG
전주 여행,방문,NNG
전주 여행,카페,NNG
전주 여행,외관,NNG
전주 여행,내부,NNG
전주 여행,카페,NNG
전주 여행,네이버,NNP
전주 여행,지도,NNG
전주 여행,카페,NNG
전주 여행,전북,NNP
전주 여행,완산구,NNP
전주 여행,은행,NNG
전주 여행,교동,NNG
전주 여행,한옥마을,NNP
전주 여행,힐링,NNG
전주 여행,공간,NNG
전주 여행,추천,NNG
전주 여행,경기전,NNG
전주 여행,한옥마을,NNP
전주 여행,힐링,NNG
전주 여행,공간,NNG
전주 여행,추천,NNG
전주 여행,경기전,NNG
전주 여행,볼거리,NNG
전주 여행,한옥마을,NNP
전주 여행,인근,NNG
전주 여행,나무숲,NNG
전주 여행,경기전,NNG
전주 여행,나무숲,NNG
전주 여행,한옥,NNG
전주 여행,정동,NNG
전주 여행,성당,NNG
전주 여행,퇴근,NNG
전주 여행,객리,NNG
전주 여행,한옥마을,NNP
전주 여행,완주,NNP
전주 여행,소양,NNP
전주 여행,점심,NNG
전주 여행,객사,NNG
전주 여행,또순이,NNG
전주 여행,오전,NNG
전주 여행,근처,NNG
전주 여행,점심,NNG
전주 여행,무엇,NP
전주 여행,고민,NNG
전주 여행,숙소,NNG
전주 여행,객사,NNG
전주 여행,맛집,NNG
전주 여행,방문,NNG
전주 여행,알라딘,NNP
전주 여행,서재,NNP
전주 여행,당일,NNG
전주 여행,버스,NNG
전주 여행,마음,NNG
전주 여행,음악,NNG
전주 여행,핸드폰,NNG
전주 여행,버스,NNG
전주 여행,날씨,NNG
전주 여행,화창,NNG
전주 여행,버스,NNG
전주 여행,한참,NNG
전주 여행,버스,NNG
전주 여행,전동성당,NNP
전주 여행,한옥마을,NNP
전주 여행,아카,NNP
전주 여행,갤러리,NNG
전주 여행,카페,NNG
전주 여행,한옥마을,NNP
전주 여행,아카,NNP
전주 여행,갤러리,NNG
전주 여행,카페,NNG
전주 여행,한옥마을,NNP
전주 여행,여유,NNG
전주 여행,아침,NNG
전주 여행,이제,NNG
전주 여행,카페,NNG
전주 여행,햇살,NNG
전주 여행,아침,NNG
전주 여행,허기,NNG
전주 여행,결혼식,NNG
전주 여행,방문,NNG
전주 여행,단풍,NNG
전주 여행,풍경,NNG
전주 여행,오랜만,NNG
전주 여행,얼굴,NNG
전주 여행,얼굴,NNG
전주 여행,행복,NNG
전주 여행,낭만,NNG
전주 여행,카페,NNG
전주 여행,이야기,NNG
전주 여행,낭만,NNG
전주 여행,카페,NNG
전주 여행,한옥마을,NNP
전주 여행,카페,NNG
전주 여행,이야기,NNG
전주 여행,전북,NNP
전주 여행,완산구,NNP
전주 여행,최명희,NNP
전주 여행,풍남동,NNP
전주 여행,도착,NNG
전주 여행,저녁,NNG
전주 여행,코파,NNP
전주 여행,만단,NNG
전주 여행,코파,NNP
전주 여행,선물,NNG
전주 여행,전북,NNP
전주 여행,김제,NNP
전주 여행,김제,NNP
전주 여행,아래,NNG
전주 여행,예전,NNG
전주 여행,코스,NNG
전주 여행,이때,NNG
전주 여행,계획,NNG
전주 여행,도움,NNG
전주 여행,한옥마을,NNP
전주 여행,관광지,NNG
전주 여행,참고,NNG
전주 여행,알라딘,NNP
전주 여행,레시피,NNG
전주 여행,김주미,NNP
전주 여행,지음,NNG
전주 여행,상상,NNG
전주 여행,평점,NNG
전주 여행,구판,NNG
전주 여행,절판,NNG
전주 여행,주말,NNG
전주 여행,레시피,NNG
전주 여행,명소,NNG
전주 여행,한옥마을,NNP
전주 여행,경기전,NNG
전주 여행,한옥마을,NNP
전주 여행,경기전,NNG
전주 여행,작성자,NNG
전주 여행,광고,NNG
전주 여행,누구,NP
전주 여행,농촌,NNG
전주 여행,참참,NNG
전주 여행,단체,NNG
전주 여행,숙박,NNG
전주 여행,이색,NNG
전주 여행,체험,NNG
전주 여행,완비,NNG
전주 여행,광장,NNG
전주 여행,식당,NNG
전주 여행,맛집,NNG
전주 여행,거리,NNG
전주 여행,백반,NNG
전주 여행,맛집,NNG
전주 여행,거리,NNG
전주 여행,반집,NNG
전주 여행,추천,NNG
전주 여행,광장,NNG
전주 여행,식당,NNG
전주 여행,이번,NNG
전주 여행,마지막,NNG
전주 여행,방문,NNG
전주 여행,광장,NNG
전주 여행,식당,NNG
전주 여행,이곳,NP
전주 여행,광장,NNG
전주 여행,식당,NNG
전주 여행,시청,NNG
전주 여행,근처,NNG
전주 여행,백반,NNG
전주 여행,오랫동안,NNG
전주 여행,사랑,NNG
전주 여행,맛집,NNG
전주 여행,전라북도,NNP
전주 여행,남부,NNG
전주 여행,시장,NNG
전주 여행,남부,NNG
전주 여행,시장,NNG
전주 여행,야시장,NNG
전주 여행,먹거리,NNG
전주 여행,남부,NNG
전주 여행,시장,NNG
전주 여행,한옥마을,NNP
전주 여행,한옥마을,NNP
전주 여행,주말,NNG
전주 여행,야간,NNG
전주 여행,사람,NNG
전주 여행,명소,NNG
전주 여행,토요일,NNG
전주 여행,남부,NNG
전주 여행,시장,NNG
전주 여행,야시장,NNG
전주 여행,삼겹살,NNG
전주 여행,김밥,NNG
전주 여행,소고기,NNG
전주 여행,바람짝,NNG
전주 여행,맛집,NNG
전주 여행,백반,NNG
전주 여행,한정식,NNG
전주 여행,전문,NNG
전주 여행,한국,NNP
전주 여행,식당,NNG
전주 여행,바람짝,NNG
전주 여행,맛집,NNG
전주 여행,백반,NNG
전주 여행,한정식,NNG
전주 여행,전문,NNG
전주 여행,한국,NNP
전주 여행,식당,NNG
전주 여행,일시,NNG
전주 여행,작성자,NNG
전주 여행,바람짝,NNG
전주 여행,요리사,NNG
전주 여행,지역,NNG
전주 여행,맛집,NNG
전주 여행,탐방,NNG
전주 여행,가격,NNG
전주 여행,지인,NNG
전주 여행,입소문,NNG
전주 여행,서울,NNP
전주 여행,오리,NNG
전주 여행,과자점,NNG
전주 여행,객사,NNG
전주 여행,한옥마을,NNP
전주 여행,서울,NNP
전주 여행,오리,NNG
전주 여행,과자점,NNG
전주 여행,객사,NNG
전주 여행,한옥마을,NNP
전주 여행,일몽,NNG
전주 여행,남노,NNG
전주 여행,갈비,NNG
전주 여행,고자,NNG
전주 여행,퇴근,NNG
전주 여행,광주,NNP
전주 여행,시간,NNG
전주 여행,우산,NNG
전주 여행,불안,NNG
전주 여행,불안,NNG
전주 여행,친구,NNG
전주 여행,숙소,NNG
전주 여행,전북,NNP
전주 여행,천리,NNG
전주 여행,한옥마을,NNP
전주 여행,둘레길,NNP
전주 여행,포함,NNG
전주 여행,전라북도,NNP
전주 여행,각지,NNG
전주 여행,볼거리,NNG
전주 여행,먹거리,NNG
전주 여행,동안,NNG
전주 여행,체험,NNG
전주 여행,전북,NNP
전주 여행,계획,NNG
전주 여행,도움,NNG
전주 여행,후기,NNG
전주 여행,전라북도,NNP
전주 여행,후기,NNG
전주 여행,전북,NNP
전주 여행,요약,NNG
전주 여행,정리,NNG
전주 여행,여름,NNG
전주 여행,한옥,NNG
전주 여행,마을,NNG
전주 여행,주차장,NNG
전주 여행,정보,NNG
전주 여행,상세,NNG
전주 여행,한옥마을,NNP
전주 여행,한옥마을,NNP
전주 여행,소개,NNG
전주 여행,체험,NNG
전주 여행,콘텐츠,NNG
전주 여행,문화,NNG
전주 여행,공연,NNG
전주 여행,행사,NNG
전주 여행,한옥마을,NNP
전주 여행,사진,NNG
전주 여행,문화,NNG
전주 여행,시설,NNG
전주 여행,문화,NNG
전주 여행,시설,NNG
전주 여행,유적지,NNG
전주 여행,이색,NNG
전주 여행,공간,NNG
전주 여행,전통,NNG
전주 여행,공예,NNG
전주 여행,생활,NNG
전주 여행,공예,NNG
전주 여행,액세서리,NNG
전주 여행,예술,NNG
전주 여행,공예,NNG
전주 여행,체험,NNG
전주 여행,전동성당,NNP
전주 여행,입장,NNG
전주 여행,시간,NNG
전주 여행,오늘,NNG
전주 여행,소개,NNG
전주 여행,한옥마을,NNP
전주 여행,명소,NNG
전주 여행,전동성당,NNP
전주 여행,모습,NNG
전주 여행,지정,NNG
전주 여행,입장,NNG
전주 여행,시간,NNG
전주 여행,맛집,NNG
전주 여행,교동,NNP
전주 여행,시래,NNP
전주 여행,시래기,NNG
전주 여행,국밥,NNG
전주 여행,전문점,NNG
전주 여행,옥마,NNP
전주 여행,맛집,NNG
전주 여행,교동,NNP
전주 여행,시래,NNP
전주 여행,시래기,NNG
전주 여행,국밥,NNG
전주 여행,전문점,NNG
전주 여행,한옥마을,NNP
전주 여행,맛집,NNG
전주 여행,한옥마을,NNP
전주 여행,아침,NNG
전주 여행,식사,NNG
전주 여행,시래기,NNG
전주 여행,국밥,NNG
전주 여행,한옥,NNG
전주 여행,마을,NNG
전주 여행,아침,NNG
전주 여행,시각,NNG
전주 여행,아침,NNG
전주 여행,식사,NNG
전주 여행,가능,NNG
전주 여행,식당,NNG
전주 여행,국내,NNG
전주 여행,네오,NNP
전주 여행,간식,NNG
전주 여행,추억,NNG
전주 여행,가게,NNG
전주 여행,구경,NNG
전주 여행,카카오,NNG
전주 여행,캐릭터,NNG
전주 여행,달고나,NNP
전주 여행,불량,NNG
전주 여행,식품,NNG
전주 여행,여기,NP
전주 여행,완자,NNG
전주 여행,꼬치,NNG
전주 여행,체다,NNP
전주 여행,치즈,NNG
전주 여행,완자,NNG
전주 여행,꼬치,NNG
전주 여행,사고,NNG
전주 여행,풍년제,NNP
전주 여행,수제,NNG
전주 여행,초코파이,NNP
전주 여행,초코파이,NNP
전주 여행,풍년제,NNP
전주 여행,우리,NP
전주 여행,초코파이,NNP
전주 여행,한옥,NNG
전주 여행,마을,NNG
전주 여행,여럿,NNG
전주 여행,알라딘,NNP
전주 여행,자평,NNG
전주 여행,레시피,NNG
전주 여행,레시피,NNG
전주 여행,김주미,NNP
전주 여행,지음,NNG
전주 여행,상상,NNG
전주 여행,평점,NNG
전주 여행,구판,NNG
전주 여행,절판,NNG
전주 여행,처음,NNG
전주 여행,기대,NNG
전주 여행,편집,NNG
전주 여행,한잔,NNG
전주 여행,분위기,NNG
전주 여행,구일집,NNP
전주 여행,맛집,NNG
전주 여행,한옥,NNG
전주 여행,한잔,NNG
전주 여행,분위기,NNG
전주 여행,구일집,NNP
전주 여행,밥집,NNG
전주 여행,술집,NNG
전주 여행,한옥마을,NNP
전주 여행,맛집,NNG
전주 여행,목대,NNG
전주 여행,점심,NNG
전주 여행,이곳저곳,NNG
전주 여행,발견,NNG
전주 여행,맛집,NNG
전주 여행,수정관,NNG
전주 여행,강추,NNG
전주 여행,중화요리,NNG
전주 여행,인터넷,NNG
전주 여행,데프콘,NNP
전주 여행,어디,NP
전주 여행,배신,NNG
전주 여행,브런치,NNP
전주 여행,카페,NNG
전주 여행,투리,NNG
전주 여행,스타,NNG
전주 여행,마지막,NNG
전주 여행,오전,NNG
전주 여행,브런치,NNP
전주 여행,브런치,NNP
전주 여행,카페,NNP
전주 여행,폭풍,NNG
전주 여행,검색,NNG
전주 여행,브런치,NNP
전주 여행,카페,NNG
전주 여행,투리,NNG
전주 여행,스타,NNG
전주 여행,한옥,NNG
전주 여행,마을,NNG
전주 여행,근처,NNG
전주 여행,호텔,NNG
전주 여행,아래,NNG
전주 여행,카페,NNG
전주 여행,마이산,NNP
전주 여행,휴게소,NNG
전주 여행,마이산,NNP
전주 여행,배경,NNG
전주 여행,덕진,NNP
전주 여행,공원,NNG
전주 여행,연꽃,NNG
전주 여행,연꽃,NNG
전주 여행,영화,NNG
전주 여행,호텔,NNG
전주 여행,체크인,NNG
전주 여행,맛집,NNG
전주 여행,한국,NNP
전주 여행,비빔밥,NNG
전주 여행,맛집,NNG
전주 여행,가족,NNG
전주 여행,회관,NNG
전주 여행,비빔밥,NNG
전주 여행,맛집,NNG
전주 여행,가족,NNG
전주 여행,회관,NNG
전주 여행,상담,NNG
전주 여행,팀원,NNG
전주 여행,합류,NNG
전주 여행,저녁,NNG
전주 여행,비빔밥,NNG
전주 여행,맛집,NNG
전주 여행,추천,NNG
전주 여행,고고씽,NNP
전주 여행,생선,NNG
전주 여행,구이,NNG
전주 여행,본가,NNG
전주 여행,조기,NNG
전주 여행,매운탕,NNG
전주 여행,도착,NNG
전주 여행,조기,NNG
전주 여행,매운탕,NNG
전주 여행,검색,NNG
전주 여행,생선,NNG
전주 여행,주차장,NNG
전주 여행,식사,NNG
전주 여행,실내,NNG
전주 여행,맛집,NNG
전주 여행,전북,NNP
전주 여행,도청,NNG
전주 여행,연남,NNG
전주 여행,갈비,NNG
전주 여행,추천,NNG
전주 여행,맛집,NNG
전주 여행,연남,NNG
전주 여행,갈비,NNG
전주 여행,전북,NNP
전주 여행,도청,NNG
전주 여행,근처,NNG
전주 여행,갈비,NNG
전주 여행,태극기,NNG
전주 여행,갈비,NNG
전주 여행,맛집,NNG
전주 여행,이야기,NNG
전주 여행,개인,NNG
전주 여행,가게,NNG
전주 여행,농가,NNG
전주 여행,레스토랑,NNG
전주 여행,방문,NNG
전주 여행,맛집,NNG
전주 여행,추천,NNG
전주 여행,메뉴,NNG
전주 여행,후식,NNG
전주 여행,반찬,NNG
전주 여행,마음,NNG
전주 여행,먹거리,NNG
전주 여행,콩나물국,NNG
전주 여행,맛집,NNG
전주 여행,한국인,NNG
전주 여행,사랑,NNG
전주 여행,오래,NNG
전주 여행,한식당,NNG
전주 여행,농림,NNG
전주 여행,수산,NNG
전주 여행,식품,NNG
전주 여행,한식재단,NNP
전주 여행,선정,NNG
전주 여행,먹거리,NNG
전주 여행,추억,NNG
전주 여행,한옥마을,NNP
전주 여행,산책,NNG
전주 여행,코스,NNG
전주 여행,일차,NNG
전주 여행,팔자,NNG
전주 여행,보너스,NNG
전주 여행,시간,NNG
전주 여행,이투,NNG
전주 여행,케이,NNG
전주 여행,이투,NNG
전주 여행,케이,NNG
전주 여행,시간,NNG
전주 여행,시간,NNG
전주 여행,산책,NNG
전주 여행,시간,NNG
전주 여행,투자,NNG
전주 여행,백화점,NNG
전주 여행,부근,NNG
전주 여행,친구,NNG
전주 여행,한옥마을,NNP
전주 여행,한옥,NNP
전주 여행,일바,NNP
전주 여행,길거리,NNG
전주 여행,한옥,NNP
전주 여행,레일바이크,NNP
전주 여행,사랑,NNG
전주 여행,연인,NNG
전주 여행,한옥,NNG
전주 여행,마을,NNG
전주 여행,한복,NNG
전주 여행,데이트,NNG
전주 여행,아중역,NNP
전주 여행,한옥,NNP
전주 여행,레일바이크,NNP
전주 여행,영원,NNG
전주 여행,추억,NNG
전주 여행,마전,NNG
전주 여행,고분군,NNP
전주 여행,서부,NNG
전주 여행,신시가지,NNG
전주 여행,문학,NNG
전주 여행,문화,NNG
전주 여행,공간,NNG
전주 여행,조성,NNG
전주 여행,고분군,NNP
전주 여행,공원,NNG
전주 여행,오른쪽,NNG
전주 여행,계단,NNG
전주 여행,입구,NNG
전주 여행,조선,NNP
전주 여행,문종,NNG
전주 여행,알라딘,NNP
전주 여행,자평,NNG
전주 여행,레시피,NNG
전주 여행,레시피,NNG
전주 여행,김주미,NNP
전주 여행,지음,NNG
전주 여행,상상,NNG
전주 여행,평점,NNG
전주 여행,구판,NNG
전주 여행,절판,NNG
전주 여행,구입,NNG
전주 여행,편집,NNG
전주 여행,일제,NNG
전주 여행,강점기,NNG
전주 여행,역사,NNG
전주 여행,흔적,NNG
전주 여행,역사,NNG
전주 여행,공원,NNG
전주 여행,공원,NNG
전주 여행,완산,NNP
전주 여행,오래,NNG
전주 여행,역사,NNG
전주 여행,공원,NNG
전주 여행,역사,NNG
전주 여행,공원,NNG
전주 여행,다가산,NNG
전주 여행,정상,NNG
전주 여행,명단,NNG
전주 여행,명당,NNG
전주 여행,후백제,NNG
전주 여행,견훤,NNP
전주 여행,숨결,NNG
전주 여행,승암,NNG
전주 여행,조선,NNP
전주 여행,왕조,NNG
전주 여행,본향,NNG
전주 여행,후백제,NNG
전주 여행,도읍지,NNG
전주 여행,후백제,NNG
전주 여행,견훤,NNP
전주 여행,숨결,NNG
전주 여행,동고,NNG
전주 여행,동고,NNG
전주 여행,완산,NNP
전주 여행,그립,NNG
전주 여행,군아,NNG
전주 여행,유언,NNG
전주 여행,견훤,NNP
전주 여행,도읍,NNG
전주 여행,사고사,NNG
전주 여행,조선,NNP
전주 여행,시대,NNG
전주 여행,별장,NNG
전주 여행,한옥마을,NNP
전주 여행,임실,NNP
전주 여행,슬치,NNP
전주 여행,고개,NNG
전주 여행,발원,NNG
전주 여행,당과,NNG
전주 여행,경관,NNG
전주 여행,조선,NNP
전주 여행,개국,NNG
전주 여행,공신,NNG
전주 여행,집현전,NNG
전주 여행,직제학,NNG
전주 여행,월당,NNG
전주 여행,선생,NNG
전주 여행,태조,NNG
전주 여행,아중,NNG
전주 여행,호숫가,NNG
전주 여행,소공원,NNG
전주 여행,호동,NNG
전주 여행,어린이,NNG
전주 여행,공원,NNG
전주 여행,호동,NNG
전주 여행,시민,NNG
전주 여행,누구,NP
전주 여행,이름,NNG
전주 여행,예전,NNG
전주 여행,쓰래,NNG
전주 여행,매립장,NNG
전주 여행,호공,NNP
전주 여행,오후,NNG
전주 여행,시간,NNG
전주 여행,시간,NNG
전주 여행,아중,NNG
전주 여행,호수,NNG
전주 여행,중리,NNG
전주 여행,레일바이크,NNP
전주 여행,완산,NNP
전주 여행,칠봉,NNG
전주 여행,도심,NNG
전주 여행,하늘,NNG
전주 여행,정원,NNG
전주 여행,완산,NNP
전주 여행,공원,NNG
전주 여행,완산,NNP
전주 여행,공원,NNG
전주 여행,완산,NNP
전주 여행,공원,NNG
전주 여행,꽃동산,NNG
전주 여행,완산,NNP
전주 여행,칠봉,NNG
전주 여행,도심,NNG
전주 여행,공원,NNG
전주 여행,후백제,NNG
전주 여행,도읍지,NNG
전주 여행,조선,NNP
전주 여행,왕조,NNG
전주 여행,본향,NNG
전주 여행,대표,NNG
전주 여행,완산,NNP
전주 여행,칠봉,NNG
전주 여행,완산,NNP
전주 여행,고원,NNP
전주 여행,꽃동산,NNG
전주 여행,시립,NNG
전주 여행,도서관,NNG
전주 여행,하늘,NNG
전주 여행,산책,NNG
전주 여행,추억,NNG
전주 여행,일요일,NNG
전주 여행,오후,NNG
전주 여행,일차,NNG
전주 여행,팔자,NNG
전주 여행,보너스,NNG
전주 여행,시간,NNG
전주 여행,이투,NNG
전주 여행,케이,NNG
전주 여행,트리,NNG
전주 여행,시간,NNG
전주 여행,안성맞춤,NNG
전주 여행,산책,NNG
전주 여행,시간,NNG
전주 여행,투자,NNG
전주 여행,친환경,NNG
전주 여행,생태,NNG
전주 여행,도시,NNG
전주 여행,에코,NNP
전주 여행,시티,NNG
전주 여행,자랑거리,NNG
전주 여행,병호,NNP
전주 여행,병공,NNG
전주 여행,에코,NNP
전주 여행,시티,NNG
전주 여행,조성,NNG
전주 여행,공원,NNG
전주 여행,한옥마을,NNP
전주 여행,코스,NNG
전주 여행,이투,NNG
전주 여행,케이,NNG
전주 여행,손자,NNG
전주 여행,에코,NNP
전주 여행,시티,NNG
전주 여행,세병,NNG
전주 여행,공원,NNG
전주 여행,아이,NNG
전주 여행,한옥,NNG
전주 여행,마을,NNG
전주 여행,산책,NNG
전주 여행,군것질,NNG
전주 여행,개인,NNG
전주 여행,만족,NNG
전주 여행,마약,NNG
전주 여행,육전,NNG
전주 여행,추억,NNG
전주 여행,사진,NNG
전주 여행,조미료,NNG
전주 여행,한복,NNG
전주 여행,대여,NNG
전주 여행,헤어,NNG
전주 여행,사진,NNG
전주 여행,세트,NNG
전주 여행,가족,NNG
전주 여행,한복,NNG
전주 여행,체험,NNG
전주 여행,시작,NNG
전주 여행,사진관,NNG
전주 여행,사진,NNG
전주 여행,촬영,NNG
전주 여행,마을,NNG
전주 여행,투어,NNG
전주 여행,조선,NNP
전주 여행,본향,NNG
전주 여행,한옥,NNG
전주 여행,마을,NNG
전주 여행,경기전,NNG
전주 여행,진박,NNG
전주 여행,조선,NNP
전주 여행,본향,NNG
전주 여행,한옥마을,NNP
전주 여행,한옥마을,NNP
전주 여행,전국,NNG
전주 여행,한옥마을,NNP
전주 여행,한옥,NNG
전주 여행,마을,NNG
전주 여행,경기전,NNG
전주 여행,경기,NNG
전주 여행,전안,NNG
전주 여행,태조,NNP
전주 여행,이성계,NNP
전주 여행,어진,NNG
전주 여행,어진,NNG
전주 여행,조선왕조실록,NNP
전주 여행,피난,NNG
전주 여행,수난사,NNG
전주 여행,사고,NNG
전주 여행,사고,NNG
전주 여행,국보,NNG
전주 여행,조선왕조실록,NNP
전주 여행,보관,NNG
전주 여행,경기,NNG
전주 여행,전안,NNG
전주 여행,건물,NNG
전주 여행,사고,NNG
전주 여행,임진왜란,NNG
전주 여행,당시,NNG
전주 여행,조성,NNG
전주 여행,왕조,NNG
전주 여행,실록,NNG
전주 여행,피신,NNG
전주 여행,수난사,NNG
전주 여행,한눈,NNG
전주 여행,사고,NNG
전주 여행,연꽃,NNG
전주 여행,대한민국,NNP
전주 여행,연꽃,NNG
전주 여행,대표,NNG
전주 여행,관광지,NNG
전주 여행,덕진,NNP
전주 여행,공원,NNG
전주 여행,진연,NNG
전주 여행,덕진,NNP
전주 여행,공원,NNG
전주 여행,코스,NNG
전주 여행,필수,NNG
전주 여행,코스,NNG
전주 여행,덕진,NNP
전주 여행,연못,NNG
전주 여행,연꽃,NNG
전주 여행,덕진,NNP
전주 여행,호수,NNG
전주 여행,가운데,NNG
전주 여행,현수교,NNG
전주 여행,연지,NNG
전주 여행,교등,NNG
전주 여행,주변,NNG
전주 여행,경관,NNG
전주 여행,사진,NNG
전주 여행,연꽃,NNG
전주 여행,후백제,NNG
전주 여행,숨결,NNG
전주 여행,방산,NNG
전주 여행,후백제,NNG
전주 여행,도읍지,NNG
전주 여행,후백제,NNG
전주 여행,견훤,NNP
전주 여행,숨결,NNG
전주 여행,효자동,NNG
전주 여행,서곡,NNG
전주 여행,지구,NNG
전주 여행,방산,NNG
전주 여행,서고,NNG
전주 여행,완산,NNP
전주 여행,그립,NNG
전주 여행,군아,NNG
전주 여행,유언,NNG
전주 여행,견훤,NNP
전주 여행,도읍,NNG
전주 여행,알라딘,NNP
전주 여행,언제,NNG
전주 여행,다음,NNG
전주 여행,북카페,NNP
전주 여행,카프카,NNP
전주 여행,다음,NNG
전주 여행,요즘,NNG
전주 여행,전동성당,NNP
전주 여행,초순,NNG
전주 여행,교지,NNG
전주 여행,한옥마을,NNP
전주 여행,필수,NNG
전주 여행,코스,NNG
전주 여행,필수,NNG
전주 여행,코스,NNG
전주 여행,한옥마을,NNP
전주 여행,아내,NNG
전주 여행,남문,NNG
전주 여행,시장,NNG
전주 여행,대국,NNG
전주 여행,그릇,NNG
전주 여행,한옥,NNG
전주 여행,마을,NNG
전주 여행,전동성당,NNP
전주 여행,완산,NNP
전주 여행,칠봉,NNG
전주 여행,생태,NNG
전주 여행,공원,NNG
전주 여행,완산,NNP
전주 여행,칠봉,NNG
전주 여행,생태,NNG
전주 여행,지원,NNG
전주 여행,완산,NNP
전주 여행,칠봉,NNG
전주 여행,생태,NNG
전주 여행,지원,NNG
전주 여행,완산,NNP
전주 여행,지명,NNG
전주 여행,이싸,NNP
전주 여행,조선,NNP
전주 여행,본향,NNG
전주 여행,후백제,NNG
전주 여행,도읍지,NNG
전주 여행,산책,NNG
전주 여행,천변,NNG
전주 여행,산세,NNG
전주 여행,비경,NNG
전주 여행,완산,NNP
전주 여행,완산,NNP
전주 여행,칠봉,NNG
전주 여행,에코,NNP
전주 여행,시티,NNG
전주 여행,친환경,NNG
전주 여행,생태,NNG
전주 여행,공원,NNG
전주 여행,세병,NNG
전주 여행,공원,NNG
전주 여행,세병,NNG
전주 여행,공원,NNG
전주 여행,한옥마을,NNP
전주 여행,코스,NNG
전주 여행,이투,NNG
전주 여행,케이,NNG
전주 여행,에코,NNP
전주 여행,시티,NNG
전주 여행,손자,NNG
전주 여행,에코,NNP
전주 여행,시티,NNG
전주 여행,처음,NNG
전주 여행,포스팅,NNP
전주 여행,예향,NNG
전주 여행,도시,NNG
전주 여행,자랑거리,NNG
전주 여행,국립,NNG
전주 여행,무형,NNG
전주 여행,유산,NNG
전주 여행,박물관,NNG
전주 여행,예향,NNG
전주 여행,도시,NNG
전주 여행,무형,NNG
전주 여행,유산,NNG
전주 여행,박물관,NNG
전주 여행,자랑,NNG
전주 여행,개관,NNG
전주 여행,자랑거리,NNG
전주 여행,시민,NNG
전주 여행,각종,NNG
전주 여행,무료,NNG
전주 여행,공연,NNG
전주 여행,계속,NNG
전주 여행,한옥마을,NNP
전주 여행,분위기,NNG
전주 여행,한옥마을,NNP
전주 여행,부채,NNG
전주 여행,박물,NNG
전주 여행,한옥마을,NNP
전주 여행,부채,NNG
전주 여행,박물관,NNG
전주 여행,선조,NNG
전주 여행,지혜,NNG
전주 여행,부채,NNG
전주 여행,한옥,NNG
전주 여행,마을,NNG
전주 여행,글자,NNG
전주 여행,조선,NNP
전주 여행,시대,NNG
전주 여행,부채,NNG
전주 여행,중국,NNP
전주 여행,일본,NNP
전주 여행,부채,NNG
전주 여행,부채,NNG
전주 여행,전시,NNG
전주 여행,부채,NNG
전주 여행,박물관,NNG
전주 여행,한옥마을,NNP
전주 여행,국내,NNG
전주 여행,최고,NNG
전주 여행,수준,NNG
전주 여행,복합,NNG
전주 여행,문화,NNG
전주 여행,예술,NNG
전주 여행,공간,NNG
전주 여행,한국,NNP
전주 여행,소리,NNG
전주 여행,문화,NNG
전주 여행,전북,NNP
전주 여행,개최,NNG
전주 여행,세계,NNG
전주 여행,소리,NNG
전주 여행,축제,NNG
전주 여행,한국,NNP
전주 여행,소리,NNG
전주 여행,문화,NNG
전주 여행,이다,NNP
전주 여행,자랑,NNG
전주 여행,전북,NNP
전주 여행,자랑,NNG
전주 여행,면적,NNG
전주 여행,건물,NNG
전주 여행,면적,NNG
전주 여행,대형,NNG
전주 여행,아트,NNG
전주 여행,센터,NNG
전주 여행,요일,NNG
전주 여행,코스,NNG
전주 여행,한옥마을,NNP
전주 여행,전통,NNG
전주 여행,비빔밥,NNG
전주 여행,시식,NNP
전주 여행,덕진,NNP
전주 여행,공원,NNG
전주 여행,유적지,NNG
전주 여행,저녁,NNG
전주 여행,떡갈비,NNG
전주 여행,시식,NNG
전주 여행,덕진,NNP
전주 여행,호수,NNG
전주 여행,연화교,NNG
전주 여행,변신,NNG
전주 여행,덕진,NNP
전주 여행,공원,NNG
전주 여행,덕진,NNP
전주 여행,공원,NNG
전주 여행,연화교,NNG
전주 여행,덕진,NNP
전주 여행,공원,NNG
전주 여행,모습,NNG
전주 여행,모습,NNG
전주 여행,연화교,NNG
전주 여행,모습,NNG
전주 여행,변신,NNG
전주 여행,마음,NNG
전주 여행,시간,NNG
전주 여행,자투리,NNG
전주 여행,한옥마을,NNP
전주 여행,야시장,NNG
전주 여행,남부,NNG
전주 여행,시장,NNG
전주 여행,청년,NNG
전주 여행,구경,NNG
전주 여행,한옥,NNP
전주 여행,스테이,NNP
전주 여행,태조,NNP
전주 여행,마루,NNP
전주 여행,한옥마을,NNP
전주 여행,먹거리,NNG
전주 여행,구경,NNG
전주 여행,사장,NNG
전주 여행,야시장,NNG
전주 여행,구경,NNG
전주 여행,광화문,NNG
전주 여행,세월,NNG
전주 여행,천막,NNG
전주 여행,조명,NNG
전주 여행,풍남문,NNG
전주 여행,대사습놀이,NNG
전주 여행,한옥마을,NNP
전주 여행,구경,NNG
전주 여행,전국,NNG
전주 여행,대회,NNG
전주 여행,판소리,NNG
전주 여행,명창,NNG
전주 여행,일반,NNG
전주 여행,농악,NNG
전주 여행,무용,NNG
전주 여행,기악,NNG
전주 여행,시조,NNG
전주 여행,민요,NNG
전주 여행,가야금,NNG
전주 여행,명창,NNG
전주 여행,궁도,NNG
전주 여행,명고,NNG
전주 여행,부분,NNG
전주 여행,전국,NNG
전주 여행,경연,NNG
전주 여행,대회,NNG
전주 여행,대사습놀이,NNG
전주 여행,전국,NNG
전주 여행,대회,NNG
전주 여행,옛날,NNG
전주 여행,물건,NNG
전주 여행,이곳,NP
전주 여행,전시,NNG
전주 여행,한옥마을,NNP
전주 여행,한옥마을,NNP
전주 여행,루이,NNP
전주 여행,엘모,NNG
전주 여행,자박,NNG
전주 여행,물관,NNG
전주 여행,추억,NNG
전주 여행,박물관,NNG
전주 여행,건물,NNG
전주 여행,입장료,NNG
전주 여행,전시,NNG
전주 여행,공간,NNG
전주 여행,전라북도,NNP
전주 여행,문화,NNG
전주 여행,예술,NNG
전주 여행,재단,NNG
전주 여행,지원,NNG
전주 여행,생각,NNG
전주 여행,한옥마을,NNP
전주 여행,풍남문,NNG
전주 여행,조선,NNP
전주 여행,본향,NNG
전주 여행,한옥마을,NNP
전주 여행,경기전,NNG
전주 여행,진박,NNG
전주 여행,물관,NNG
전주 여행,풍남문,NNG
전주 여행,보물,NNG
전주 여행,풍남문,NNG
전주 여행,대표,NNG
전주 여행,가즈,NNP
전주 여행,젊음,NNG
전주 여행,거리,NNG
전주 여행,객사,NNG
전주 여행,필수,NNG
전주 여행,코스,NNG
전주 여행,결혼식,NNG
전주 여행,참석,NNG
전주 여행,벚꽃,NNG
전주 여행,명소,NNG
전주 여행,이자,NNG
전주 여행,데이트,NNG
전주 여행,코스,NNG
전주 여행,아중,NNG
전주 여행,리저,NNP
전주 여행,수지,NNG
전주 여행,영화,NNG
전주 여행,거리,NNG
전주 여행,객사,NNG
전주 여행,한옥마을,NNP
전주 여행,전망대,NNG
전주 여행,이성계,NNP
전주 여행,장군,NNG
전주 여행,승전,NNG
전주 여행,연회,NNG
전주 여행,장소,NNG
전주 여행,목대,NNG
전주 여행,한옥마을,NNP
전주 여행,한옥마을,NNP
전주 여행,경기,NNG
전주 여행,박물관,NNG
전주 여행,풍남문,NNG
전주 여행,남문,NNG
전주 여행,시장,NNG
전주 여행,최근,NNG
전주 여행,개장,NNG
전주 여행,전라,NNP
전주 여행,감영,NNG
전주 여행,목대,NNG
전주 여행,한옥마을,NNP
전주 여행,한국,NNP
전주 여행,관광,NNG
전주 여행,우리나라,NNG
전주 여행,대표,NNG
전주 여행,이외,NNG
전주 여행,향교,NNG
전주 여행,목대,NNG
전주 여행,벽화,NNG
전주 여행,마을,NNG
전주 여행,전통주,NNG
전주 여행,박물관,NNG
전주 여행,승광,NNP
전주 여행,한옥마을,NNP
전주 여행,은퇴,NNG
전주 여행,사진,NNG
전주 여행,작가,NNG
전주 여행,활동,NNG
전주 여행,절친,NNG
전주 여행,사진,NNG
전주 여행,필수,NNG
전주 여행,코스,NNG
전주 여행,천상,NNG
전주 여행,정원,NNG
전주 여행,한국도로공사,NNP
전주 여행,고도,NNG
전주 여행,조선,NNP
전주 여행,본향,NNG
전주 여행,필수,NNG
전주 여행,코스,NNG
전주 여행,한국도로공사,NNP
전주 여행,수목원,NNG
전주 여행,월드컵,NNG
전주 여행,경기장,NNG
전주 여행,부근,NNG
전주 여행,고속도,NNG
전주 여행,도로변,NNG
전주 여행,어디,NP
전주 여행,서비스,NNG
전주 여행,작성자,NNG
전주 여행,광고,NNG
전주 여행,제주,NNP
전주 여행,유럽,NNP
전주 여행,코티지,NNP
전주 여행,감성,NNG
전주 여행,지독,NNG
전주 여행,프라이빗,NNG
전주 여행,제주,NNP
전주 여행,유럽,NNP
전주 여행,감성,NNG
전주 여행,인상,NNG
전주 여행,마중,NNG
전주 여행,도로공원,NNG
전주 여행,마중,NNG
전주 여행,기차,NNG
전주 여행,처음,NNG
전주 여행,마중,NNG
전주 여행,첫인상,NNG
전주 여행,마중,NNG
전주 여행,여름,NNG
전주 여행,마중,NNG
전주 여행,여름,NNG
전주 여행,무더위,NNG
전주 여행,어린이,NNG
전주 여행,아중,NNG
전주 여행,호수,NNG
전주 여행,나무,NNG
전주 여행,데크,NNP
전주 여행,산책로,NNG
전주 여행,산책,NNG
전주 여행,예전,NNG
전주 여행,중리,NNG
전주 여행,아중,NNG
전주 여행,호수,NNG
전주 여행,야성,NNG
전주 여행,벚꽃,NNG
전주 여행,구경,NNG
전주 여행,민물,NNG
전주 여행,매운탕,NNG
전주 여행,기린,NNG
전주 여행,등산,NNG
전주 여행,목적,NNG
전주 여행,한국,NNP
전주 여행,도로공사,NNP
전주 여행,수목원,NNG
전주 여행,코앞,NNG
전주 여행,시민,NNG
전주 여행,쉼터,NNG
전주 여행,총화,NNG
전주 여행,기독교,NNG
전주 여행,방송국,NNG
전주 여행,예전,NNG
전주 여행,고속도,NNG
전주 여행,나들목,NNG
전주 여행,자리,NNG
전주 여행,그곳,NP
전주 여행,시민,NNG
전주 여행,쉼터,NNG
전주 여행,조성,NNG
전주 여행,나들목,NNG
전주 여행,가족,NNG
전주 여행,공원,NNG
전주 여행,인터체인지,NNG
전주 여행,월드컵,NNG
전주 여행,경기장,NNG
전주 여행,조선,NNP
전주 여행,본향,NNG
전주 여행,자랑거리,NNG
전주 여행,덕진,NNP
전주 여행,연못,NNG
전주 여행,연꽃,NNG
전주 여행,덕진,NNP
전주 여행,공원,NNG
전주 여행,조선,NNP
전주 여행,본향,NNG
전주 여행,명물,NNG
전주 여행,상징,NNG
전주 여행,덕진,NNP
전주 여행,공원,NNG
전주 여행,필수,NNG
전주 여행,코스,NNG
전주 여행,덕진,NNP
전주 여행,호수,NNG
전주 여행,가운데,NNG
전주 여행,현수교,NNG
전주 여행,연꽃,NNG
전주 여행,양분,NNG
전주 여행,덕진,NNP
전주 여행,연못,NNG
전주 여행,광주,NNP
전주 여행,당신,NP
전주 여행,지역,NNG
전주 여행,특색,NNG
전주 여행,한옥마을,NNP
전주 여행,매력,NNG
전주 여행,광주,NNP
전주 여행,거리,NNG
전주 여행,위치,NNG
전주 여행,한옥마을,NNP
전주 여행,한국,NNP
전주 여행,전통,NNG
전주 여행,가옥,NNG
전주 여행,장소,NNG
전주 여행,한옥마을,NNP
전주 여행,대한민국,NNP
전주 여행,대표,NNG
전주 여행,난장,NNG
전주 여행,박물관,NNG
전주 여행,한옥마을,NNP
전주 여행,이색,NNG
전주 여행,옛날,NNG
전주 여행,볼거리,NNG
전주 여행,생일,NNG
전주 여행,손자,NNG
전주 여행,한옥,NNG
전주 여행,마을,NNG
전주 여행,하루,NNG
전주 여행,점심,NNG
전주 여행,한옥,NNG
전주 여행,마을,NNG
전주 여행,먹거리,NNG
전주 여행,갈비,NNG
전주 여행,홈페이지,NNG
전주 여행,제작,NNG
전주 여행,해외,NNG
전주 여행,골프,NNG
전주 여행,투어,NNG
전주 여행,전문,NNG
전주 여행,온라인,NNG
전주 여행,견적,NNG
전주 여행,단독,NNG
전주 여행,투어,NNG
전주 여행,투어,NNG
전주 여행,공식,NNG
전주 여행,인증,NNG
전주 여행,예약,NNG
전주 여행,센터,NNG
전주 여행,해외,NNG
전주 여행,단체,NNG
전주 여행,투어,NNG
전주 여행,단독,NNG
전주 여행,투어,NNG
전주 여행,글로벌,NNG
전주 여행,투어,NNG
전주 여행,투어,NNG
전주 여행,공식,NNG
전주 여행,인증,NNG
전주 여행,예약,NNG
전주 여행,센터,NNG
전주 여행,해외,NNG
전주 여행,단체,NNG
전주 여행,투어,NNG
전주 여행,정월,NNG
전주 여행,보름,NNG
전주 여행,공연,NNG
전주 여행,전북,NNP
전주 여행,달맞이,NNG
전주 여행,가세,NNG
전주 여행,음식,NNG
전주 여행,고장,NNG
전주 여행,이자,NNG
전주 여행,한옥마을,NNP
전주 여행,고장,NNG
전주 여행,복판,NNG
전주 여행,광장,NNG
전주 여행,임실,NNP
전주 여행,한국,NNP
전주 여행,신명,NNG
전주 여행,축제,NNG
전주 여행,필봉,NNG
전주 여행,마을,NNG
전주 여행,정월,NNG
전주 여행,보름,NNG
전주 여행,정월,NNG
전주 여행,보름날,NNG
전주 여행,지구촌,NNG
전주 여행,모자,NNG
전주 여행,이곳,NP
전주 여행,이색,NNG
전주 여행,박물관,NNG
전주 여행,루이,NNP
전주 여행,모자,NNG
전주 여행,한옥마을,NNP
전주 여행,모자,NNG
전주 여행,박물관,NNG
전주 여행,구경,NNG
전주 여행,한옥마을,NNP
전주 여행,서쪽,NNG
전주 여행,끝자락,NNG
전주 여행,루이,NNP
전주 여행,엘모,NNG
전주 여행,자박,NNG
전주 여행,물관,NNG
전주 여행,추억,NNG
전주 여행,박물관,NNG
전주 여행,박물관,NNG
전주 여행,박물관,NNG
전주 여행,구경거리,NNG
전주 여행,입장료,NNG
전주 여행,박물관,NNG
전주 여행,전화,NNG
전주 여행,번호,NNG
전주 여행,도로,NNG
전주 여행,완산구,NNP
전주 여행,은행,NNG
전주 여행,지번,NNG
전주 여행,완산구,NNP
전주 여행,교동,NNP
전주 여행,장점,NNG
전주 여행,숙박업,NNG
전주 여행,샤워,NNG
전주 여행,타월,NNG
전주 여행,화장,NNG
전주 여행,거울,NNG
전주 여행,비누,NNG
전주 여행,클렌징,NNG
전주 여행,전동,NNG
전주 여행,성당,NNG
전주 여행,지란지교,NNG
전주 여행,친구,NNG
전주 여행,약속,NNG
전주 여행,시간,NNG
전주 여행,오후,NNG
전주 여행,시간,NNG
전주 여행,틈새,NNG
전주 여행,전동,NNG
전주 여행,성당,NNG
전주 여행,수요일,NNG
전주 여행,오후,NNG
전주 여행,성당,NNG
전주 여행,행사,NNG
전주 여행,관계자,NNG
전주 여행,차량,NNG
전주 여행,임도,NNG
전주 여행,꼬까,NNG
전주 여행,한복,NNG
전주 여행,아시아,NNP
전주 여행,명소,NNG
전주 여행,한옥마을,NNP
전주 여행,시작,NNG
전주 여행,역사,NNG
전주 여행,한옥마을,NNP
전주 여행,이다,NNP
전주 여행,광장,NNG
전주 여행,한복,NNG
전주 여행,부채,NNG
전주 여행,아가씨,NNG
전주 여행,관광객,NNG
전주 여행,난장,NNG
전주 여행,테마,NNG
전주 여행,박물관,NNG
전주 여행,감수,NNG
전주 여행,이번,NNG
전주 여행,전북,NNP
전주 여행,유일,NNG
전주 여행,테마,NNG
전주 여행,박물관,NNG
전주 여행,감수,NNG
전주 여행,재현,NNG
전주 여행,장소,NNG
전주 여행,이곳,NP
전주 여행,난장,NNG
전주 여행,그대,NP
전주 여행,감성,NNG
전주 여행,한옥마을,NNP
전주 여행,한울,NNP
전주 여행,밥상,NNG
전주 여행,맛집,NNG
전주 여행,터널,NNG
전주 여행,한울,NNP
전주 여행,밥상,NNG
전주 여행,터널,NNG
전주 여행,공존,NNG
전주 여행,도시,NNG
전주 여행,기대,NNG
전주 여행,이번,NNG
전주 여행,특별,NNG
전주 여행,원래,NNG
전주 여행,한옥,NNG
전주 여행,마을,NNG
전주 여행,안쪽,NNG
전주 여행,맛집,NNG
전주 여행,계획,NNG
전주 여행,가게,NNG
전주 여행,사장,NNG
전주 여행,숙영,NNG
전주 여행,가마솥,NNG
전주 여행,비빔밥,NNG
전주 여행,된장찌개,NNG
전주 여행,비빔밥,NNG
전주 여행,조합,NNG
전주 여행,맛집,NNG
전주 여행,투어,NNG
전주 여행,숙영,NNG
전주 여행,비빔밥,NNG
전주 여행,방문,NNG
전주 여행,오래전,NNG
전주 여행,음식,NNG
전주 여행,비빔밥,NNG
전주 여행,이번,NNG
전주 여행,생각,NNG
전주 여행,비빔밥,NNG
전주 여행,가게,NNG
전주 여행,검색,NNG
전주 여행,예정,NNG
전주 여행,월드,NNG
전주 여행,티스토리,NNP
전주 여행,예정,NNG
전주 여행,막걸리,NNG
전주 여행,안주,NNG
전주 여행,한옥마을,NNP
전주 여행,막걸리,NNG
전주 여행,골목,NNG
전주 여행,얼마,NNG
전주 여행,정보,NNG
전주 여행,막걸리,NNG
전주 여행,알라딘,NNP
전주 여행,리뷰,NNP
전주 여행,동네,NNG
전주 여행,친구,NNG
전주 여행,회신,NNG
전주 여행,동네,NNG
전주 여행,플레이,NNG
전주 여행,동네,NNG
전주 여행,동네,NNG
전주 여행,매거진,NNG
전주 여행,알라딘,NNP
전주 여행,서재,NNP
전주 여행,시집,NNG
전주 여행,계획,NNG
전주 여행,그곳,NP
전주 여행,무엇,NP
전주 여행,무엇,NP
전주 여행,생각,NNG
전주 여행,한국,NNP
전주 여행,알라딘,NNP
전주 여행,매력,NNG
전주 여행,로컬,NNG
전주 여행,가이드,NNG
전주 여행,소도시,NNG
전주 여행,소도시,NNG
전주 여행,트래블,NNG
전주 여행,완주,NNG
전주 여행,소도시,NNG
전주 여행,트래블,NNG
전주 여행,조이,NNG
전주 여행,코리아,NNP
전주 여행,편집부,NNG
전주 여행,지음,NNG
전주 여행,조이,NNG
전주 여행,코리아,NNP
전주 여행,평점,NNG
전주 여행,품절,NNG
전주 여행,얼마,NNG
전주 여행,소도시,NNG
전주 여행,트래블,NNG
전주 여행,주편,NNG
전주 여행,알라딘,NNP
전주 여행,언제,NNG
전주 여행,계획,NNG
전주 여행,위로,NNG
전주 여행,권유,NNG
전주 여행,가슴,NNG
전주 여행,에세이,NNG
전주 여행,서다,NNG
전주 여행,핵심,NNG
전주 여행,포인트,NNG
전주 여행,목차,NNG
전주 여행,맛집,NNG
전주 여행,추천,NNG
전주 여행,리스트,NNG
전주 여행,지인,NNG
전주 여행,먹방,NNG
전주 여행,맛집,NNG
전주 여행,조점,NNG
전주 여행,남문,NNG
전주 여행,피순대,NNG
전주 여행,남부,NNG
전주 여행,시장,NNG
전주 여행,정도,NNG
전주 여행,시장,NNG
전주 여행,도착,NNG
전주 여행,시장,NNG
전주 여행,알라딘,NNP
전주 여행,서재,NNP
전주 여행,오렌지캬라멜,NNP
전주 여행,청춘,NNG
전주 여행,생각,NNG
전주 여행,서울,NNP
전주 여행,언제,NP
전주 여행,한옥마을,NNP
전주 여행,오렌지,NNP
전주 여행,카라멜,NNP
전주 여행,경로,NNG
전주 여행,옥도,NNG
전주 여행,구경,NNG
전주 여행,한복,NNG
전주 여행,전통,NNG
전주 여행,체험,NNG
전주 여행,콩나물국,NNG
전주 여행,명가,NNG
전주 여행,점포,NNG
전주 여행,차이,NNG
전주 여행,맛집,NNG
전주 여행,콩나물국,NNG
전주 여행,명가,NNG
전주 여행,점포,NNG
전주 여행,차이,NNG
전주 여행,맛집,NNG
전주 여행,현대,NNG
전주 여행,전라북도,NNP
전주 여행,콩나물국,NNG
전주 여행,발생지,NNG
전주 여행,콩나물국,NNG
전주 여행,밥집,NNG
전주 여행,발길,NNG
전주 여행,현대,NNG
전주 여행,세대,NNG
전주 여행,퇴근,NNG
전주 여행,객리,NNG
전주 여행,한옥마을,NNP
전주 여행,완주,NNP
전주 여행,소양,NNP
전주 여행,퇴근,NNG
전주 여행,저녁,NNG
전주 여행,출발,NNG
전주 여행,하루,NNG
전주 여행,연차,NNG
전주 여행,스케줄,NNG
전주 여행,일정,NNG
전주 여행,개인,NNG
전주 여행,당일,NNG
전주 여행,오감,NNG
전주 여행,만족,NNG
전주 여행,완주,NNG
전주 여행,대한민국,NNP
전주 여행,테마,NNG
전주 여행,박물관,NNG
전주 여행,연꽃,NNG
전주 여행,명소,NNG
전주 여행,진공,NNG
전주 여행,완주,NNG
전주 여행,전북,NNP
전주 여행,필수,NNG
전주 여행,코스,NNG
전주 여행,완주군,NNG
전주 여행,구이면,NNP
전주 여행,대한민국,NNP
전주 여행,테마,NNG
전주 여행,박물관,NNG
전주 여행,개관,NNG
전주 여행,대한민국,NNP
전주 여행,테미,NNP
전주 여행,박물관,NNG
전주 여행,만족,NNG
전주 여행,완주,NNG
전주 여행,테마,NNG
전주 여행,박물관,NNG
전주 여행,맛집,NNG
전주 여행,조점,NNG
전주 여행,남문,NNG
전주 여행,피순대,NNG
전주 여행,추천,NNG
전주 여행,가을,NNG
전주 여행,음식,NNG
전주 여행,피순대,NNG
전주 여행,국밥,NNG
전주 여행,가을,NNG
전주 여행,가을,NNG
전주 여행,풍경,NNG
전주 여행,기대,NNG
전주 여행,기대,NNG
전주 여행,예전,NNG
전주 여행,음식,NNG
전주 여행,오랜만,NNG
전주 여행,군산,NNP
전주 여행,한옥마을,NNP
전주 여행,낭만,NNG
전주 여행,군산,NNP
전주 여행,군산,NNG
전주 여행,볼거리,NNG
전주 여행,일정,NNG
전주 여행,숙소,NNG
전주 여행,호텔,NNG
전주 여행,르윈,NNP
전주 여행,호텔,NNG
전주 여행,군산,NNP
전주 여행,국내,NNG
전주 여행,유일,NNG
전주 여행,일본식,NNG
전주 여행,사찰,NNG
전주 여행,동국,NNG
전주 여행,탐방,NNG
전주 여행,동국,NNG
전주 여행,웅전,NNG
전주 여행,대나무,NNG
전주 여행,대나무,NNG
전주 여행,일본식,NNG
전주 여행,동국,NNG
전주 여행,관람,NNG
전주 여행,다음,NNG
전주 여행,군산,NNG
전주 여행,근대,NNG
전주 여행,역사,NNG
전주 여행,박물관,NNG
전주 여행,비빔밥,NNG
전주 여행,전문점,NNG
전주 여행,가족,NNG
전주 여행,회관,NNG
전주 여행,비빔밥,NNG
전주 여행,체험,NNG
전주 여행,비빔밥,NNG
전주 여행,전문점,NNG
전주 여행,가족,NNG
전주 여행,회관,NNG
전주 여행,비빔밥,NNG
전주 여행,체험,NNG
전주 여행,맛집,NNG
전주 여행,도시,NNG
전주 여행,비빔밥,NNG
전주 여행,체험,NNG
전주 여행,비빔밥,NNG
전주 여행,축제,NNG
전주 여행,시외버스,NNG
전주 여행,터미널,NNG
전주 여행,시간표,NNG
전주 여행,시외버스,NNG
전주 여행,터미널,NNG
전주 여행,시간표,NNG
전주 여행,시작,NNG
전주 여행,시외버스,NNG
전주 여행,터미널,NNG
전주 여행,시간표,NNG
전주 여행,시외버스,NNG
전주 여행,공용,NNG
전주 여행,터미널,NNG
전주 여행,전화,NNG
전주 여행,번호,NNG
전주 여행,전북,NNP
전주 여행,덕진구,NNP
전주 여행,금암동,NNP
전주 여행,서울,NNP
전주 여행,남부,NNG
전주 여행,터미널,NNG
전주 여행,에서,NNG
전주 여행,퇴근,NNG
전주 여행,포함,NNG
전주 여행,부담,NNG
전주 여행,만족,NNG
전주 여행,사람,NNG
전주 여행,승률,NNG
전주 여행,장소,NNG
전주 여행,방문,NNG
전주 여행,진심,NNG
전주 여행,추천,NNG
전주 여행,위쪽,NNG
전주 여행,도서관,NNG
전주 여행,이색,NNG
전주 여행,프로그램,NNG
전주 여행,도서관,NNG
전주 여행,기록,NNG
전주 여행,문화,NNG
전주 여행,뿌리,NNG
전주 여행,한지,NNG
전주 여행,체험,NNG
전주 여행,다가,NNG
전주 여행,도서관,NNG
전주 여행,한옥마을,NNP
전주 여행,도서관,NNG
전주 여행,중식,NNG
전주 여행,동문,NNG
전주 여행,도서관,NNG
전주 여행,도보,NNG
전주 여행,지관,NNG
전주 여행,지체,NNG
전주 여행,알라딘,NNP
전주 여행,서재,NNP
전주 여행,예찬,NNG
전주 여행,이유,NNG
전주 여행,음식,NNG
전주 여행,가격,NNG
전주 여행,비빔밥,NNG
전주 여행,우리,NP
전주 여행,한옥,NNG
전주 여행,마을,NNG
전주 여행,근처,NNG
전주 여행,반야,NNG
전주 여행,돌솥,NNG
전주 여행,돌솥,NNG
전주 여행,간장,NNG
전주 여행,이번,NNG
전주 여행,주말,NNG
전주 여행,명물,NNG
전주 여행,덕진,NNP
전주 여행,공원,NNG
전주 여행,연꽃,NNG
전주 여행,축제,NNG
전주 여행,연꽃,NNG
전주 여행,촬영,NNG
전주 여행,코스,NNG
전주 여행,필수,NNG
전주 여행,코스,NNG
전주 여행,휴가,NNG
전주 여행,아들,NNG
전주 여행,명색,NNG
전주 여행,여름휴가,NNG
전주 여행,서울,NNP
전주 여행,엄마,NNG
전주 여행,누나,NNG
전주 여행,조카,NNG
전주 여행,누나,NNG
전주 여행,조카,NNG
전주 여행,강원도,NNP
전주 여행,먹방,NNG
전주 여행,한옥,NNG
전주 여행,마을,NNG
전주 여행,카페,NNG
전주 여행,차미,NNG
전주 여행,라미,NNG
전주 여행,맛집,NNG
전주 여행,맛집,NNG
전주 여행,먹방,NNG
전주 여행,투어,NNG
전주 여행,새우탕,NNG
전주 여행,먹방,NNG
전주 여행,투어,NNG
전주 여행,새우탕,NNG
전주 여행,지인,NNG
전주 여행,먹방,NNG
전주 여행,투어,NNG
전주 여행,한옥,NNG
전주 여행,마을,NNG
전주 여행,정감,NNG
전주 여행,한옥,NNG
전주 여행,생활,NNG
전주 여행,체험,NNG
전주 여행,대문,NNG
전주 여행,풍경,NNG
전주 여행,옛날,NNG
전주 여행,시간,NNG
전주 여행,물건,NNG
전주 여행,냉장고,NNG
전주 여행,쓰레기통,NNG
전주 여행,요즘,NNG
전주 여행,물건,NNG
전주 여행,대나무,NNG
전주 여행,옷걸이,NNG
전주 여행,퇴근,NNG
전주 여행,객리,NNG
전주 여행,한옥마을,NNP
전주 여행,완주,NNP
전주 여행,소양,NNP
전주 여행,점심,NNG
전주 여행,객사,NNG
전주 여행,또순이,NNG
전주 여행,오전,NNG
전주 여행,근처,NNG
전주 여행,점심,NNG
전주 여행,무엇,NP
전주 여행,고민,NNG
전주 여행,숙소,NNG
전주 여행,객사,NNG
전주 여행,맛집,NNG
전주 여행,방문,NNG
전주 여행,한옥마을,NNP
전주 여행,아카,NNP
전주 여행,갤러리,NNG
전주 여행,카페,NNG
전주 여행,한옥마을,NNP
전주 여행,아카,NNP
전주 여행,갤러리,NNG
전주 여행,카페,NNG
전주 여행,한옥마을,NNP
전주 여행,여유,NNG
전주 여행,아침,NNG
전주 여행,이제,NNG
전주 여행,카페,NNG
전주 여행,햇살,NNG
전주 여행,아침,NNG
전주 여행,허기,NNG
전주 여행,알라딘,NNP
전주 여행,서재,NNP
전주 여행,당일,NNG
전주 여행,버스,NNG
전주 여행,마음,NNG
전주 여행,음악,NNG
전주 여행,핸드폰,NNG
전주 여행,버스,NNG
전주 여행,날씨,NNG
전주 여행,화창,NNG
전주 여행,버스,NNG
전주 여행,한참,NNG
전주 여행,버스,NNG
전주 여행,전동성당,NNP
전주 여행,결혼식,NNG
전주 여행,방문,NNG
전주 여행,단풍,NNG
전주 여행,풍경,NNG
전주 여행,오랜만,NNG
전주 여행,얼굴,NNG
전주 여행,얼굴,NNG
전주 여행,행복,NNG
전주 여행,낭만,NNG
전주 여행,카페,NNG
전주 여행,이야기,NNG
전주 여행,낭만,NNG
전주 여행,카페,NNG
전주 여행,한옥마을,NNP
전주 여행,카페,NNG
전주 여행,이야기,NNG
전주 여행,전북,NNP
전주 여행,완산구,NNP
전주 여행,최명희,NNP
전주 여행,풍남동,NNP
전주 여행,도착,NNG
전주 여행,저녁,NNG
전주 여행,코파,NNP
전주 여행,만단,NNG
전주 여행,코파,NNP
전주 여행,선물,NNG
전주 여행,전북,NNP
전주 여행,김제,NNP
전주 여행,김제,NNP
전주 여행,아래,NNG
전주 여행,예전,NNG
전주 여행,코스,NNG
전주 여행,이때,NNG
전주 여행,계획,NNG
전주 여행,도움,NNG
전주 여행,한옥마을,NNP
전주 여행,관광지,NNG
전주 여행,참고,NNG
전주 여행,알라딘,NNP
전주 여행,레시피,NNG
전주 여행,김주미,NNP
전주 여행,지음,NNG
전주 여행,상상,NNG
전주 여행,평점,NNG
전주 여행,구판,NNG
전주 여행,절판,NNG
전주 여행,주말,NNG
전주 여행,레시피,NNG
전주 여행,명소,NNG
전주 여행,한옥마을,NNP
전주 여행,경기전,NNG
전주 여행,한옥마을,NNP
전주 여행,경기전,NNG
전주 여행,작성자,NNG
전주 여행,광고,NNG
전주 여행,누구,NP
전주 여행,농촌,NNG
전주 여행,참참,NNG
전주 여행,단체,NNG
전주 여행,숙박,NNG
전주 여행,이색,NNG
전주 여행,체험,NNG
전주 여행,완비,NNG
전주 여행,광장,NNG
전주 여행,식당,NNG
전주 여행,맛집,NNG
전주 여행,거리,NNG
전주 여행,백반,NNG
전주 여행,맛집,NNG
전주 여행,거리,NNG
전주 여행,반집,NNG
전주 여행,추천,NNG
전주 여행,광장,NNG
전주 여행,식당,NNG
전주 여행,이번,NNG
전주 여행,마지막,NNG
전주 여행,방문,NNG
전주 여행,광장,NNG
전주 여행,식당,NNG
전주 여행,이곳,NP
전주 여행,광장,NNG
전주 여행,식당,NNG
전주 여행,시청,NNG
전주 여행,근처,NNG
전주 여행,백반,NNG
전주 여행,오랫동안,NNG
전주 여행,사랑,NNG
전주 여행,맛집,NNG
전주 여행,전라북도,NNP
전주 여행,남부,NNG
전주 여행,시장,NNG
전주 여행,남부,NNG
전주 여행,시장,NNG
전주 여행,야시장,NNG
전주 여행,먹거리,NNG
전주 여행,남부,NNG
전주 여행,시장,NNG
전주 여행,한옥마을,NNP
전주 여행,한옥마을,NNP
전주 여행,주말,NNG
전주 여행,야간,NNG
전주 여행,사람,NNG
전주 여행,명소,NNG
전주 여행,토요일,NNG
전주 여행,남부,NNG
전주 여행,시장,NNG
전주 여행,야시장,NNG
전주 여행,삼겹살,NNG
전주 여행,김밥,NNG
전주 여행,소고기,NNG
전주 여행,바람짝,NNG
전주 여행,맛집,NNG
전주 여행,백반,NNG
전주 여행,한정식,NNG
전주 여행,전문,NNG
전주 여행,한국,NNP
전주 여행,식당,NNG
전주 여행,바람짝,NNG
전주 여행,맛집,NNG
전주 여행,백반,NNG
전주 여행,한정식,NNG
전주 여행,전문,NNG
전주 여행,한국,NNP
전주 여행,식당,NNG
전주 여행,일시,NNG
전주 여행,작성자,NNG
전주 여행,바람짝,NNG
전주 여행,요리사,NNG
전주 여행,지역,NNG
전주 여행,맛집,NNG
전주 여행,탐방,NNG
전주 여행,가격,NNG
전주 여행,지인,NNG
전주 여행,입소문,NNG
전주 여행,서울,NNP
전주 여행,오리,NNG
전주 여행,과자점,NNG
전주 여행,객사,NNG
전주 여행,한옥마을,NNP
전주 여행,서울,NNP
전주 여행,오리,NNG
전주 여행,과자점,NNG
전주 여행,객사,NNG
전주 여행,한옥마을,NNP
전주 여행,일몽,NNG
전주 여행,남노,NNG
전주 여행,갈비,NNG
전주 여행,고자,NNG
전주 여행,퇴근,NNG
전주 여행,광주,NNP
전주 여행,시간,NNG
전주 여행,우산,NNG
전주 여행,불안,NNG
전주 여행,불안,NNG
전주 여행,친구,NNG
전주 여행,숙소,NNG
전주 여행,전북,NNP
전주 여행,천리,NNG
전주 여행,한옥마을,NNP
전주 여행,둘레길,NNP
전주 여행,포함,NNG
전주 여행,전라북도,NNP
전주 여행,각지,NNG
전주 여행,볼거리,NNG
전주 여행,먹거리,NNG
전주 여행,동안,NNG
전주 여행,체험,NNG
전주 여행,전북,NNP
전주 여행,계획,NNG
전주 여행,도움,NNG
전주 여행,후기,NNG
전주 여행,전라북도,NNP
전주 여행,후기,NNG
전주 여행,전북,NNP
전주 여행,요약,NNG
전주 여행,정리,NNG
전주 여행,여름,NNG
전주 여행,한옥,NNG
전주 여행,마을,NNG
전주 여행,주차장,NNG
전주 여행,정보,NNG
전주 여행,상세,NNG
전주 여행,한옥마을,NNP
전주 여행,한옥마을,NNP
전주 여행,소개,NNG
전주 여행,체험,NNG
전주 여행,콘텐츠,NNG
전주 여행,문화,NNG
전주 여행,공연,NNG
전주 여행,행사,NNG
전주 여행,한옥마을,NNP
전주 여행,사진,NNG
전주 여행,문화,NNG
전주 여행,시설,NNG
전주 여행,문화,NNG
전주 여행,시설,NNG
전주 여행,유적지,NNG
전주 여행,이색,NNG
전주 여행,공간,NNG
전주 여행,전통,NNG
전주 여행,공예,NNG
전주 여행,생활,NNG
전주 여행,공예,NNG
전주 여행,액세서리,NNG
전주 여행,예술,NNG
전주 여행,공예,NNG
전주 여행,체험,NNG
전주 여행,한잔,NNG
전주 여행,분위기,NNG
전주 여행,구일집,NNP
전주 여행,맛집,NNG
전주 여행,한옥,NNG
전주 여행,한잔,NNG
전주 여행,분위기,NNG
전주 여행,구일집,NNP
전주 여행,밥집,NNG
전주 여행,술집,NNG
전주 여행,한옥마을,NNP
전주 여행,맛집,NNG
전주 여행,목대,NNG
전주 여행,점심,NNG
전주 여행,이곳저곳,NNG
전주 여행,발견,NNG
전주 여행,전동성당,NNP
전주 여행,입장,NNG
전주 여행,시간,NNG
전주 여행,오늘,NNG
전주 여행,소개,NNG
전주 여행,한옥마을,NNP
전주 여행,명소,NNG
전주 여행,전동성당,NNP
전주 여행,모습,NNG
전주 여행,지정,NNG
전주 여행,입장,NNG
전주 여행,시간,NNG
전주 여행,맛집,NNG
전주 여행,수정관,NNG
전주 여행,강추,NNG
전주 여행,중화요리,NNG
전주 여행,인터넷,NNG
전주 여행,데프콘,NNP
전주 여행,어디,NP
전주 여행,배신,NNG
전주 여행,풍년제,NNP
전주 여행,수제,NNG
전주 여행,초코파이,NNP
전주 여행,초코파이,NNP
전주 여행,풍년제,NNP
전주 여행,우리,NP
전주 여행,초코파이,NNP
전주 여행,한옥,NNG
전주 여행,마을,NNG
전주 여행,여럿,NNG
전주 여행,맛집,NNG
전주 여행,교동,NNP
전주 여행,시래,NNP
전주 여행,시래기,NNG
전주 여행,국밥,NNG
전주 여행,전문점,NNG
전주 여행,옥마,NNP
전주 여행,맛집,NNG
전주 여행,교동,NNP
전주 여행,시래,NNP
전주 여행,시래기,NNG
전주 여행,국밥,NNG
전주 여행,전문점,NNG
전주 여행,한옥마을,NNP
전주 여행,맛집,NNG
전주 여행,한옥마을,NNP
전주 여행,아침,NNG
전주 여행,식사,NNG
전주 여행,시래기,NNG
전주 여행,국밥,NNG
전주 여행,한옥,NNG
전주 여행,마을,NNG
전주 여행,아침,NNG
전주 여행,시각,NNG
전주 여행,아침,NNG
전주 여행,식사,NNG
전주 여행,가능,NNG
전주 여행,식당,NNG
전주 여행,알라딘,NNP
전주 여행,자평,NNG
전주 여행,레시피,NNG
전주 여행,레시피,NNG
전주 여행,김주미,NNP
전주 여행,지음,NNG
전주 여행,상상,NNG
전주 여행,평점,NNG
전주 여행,구판,NNG
전주 여행,절판,NNG
전주 여행,처음,NNG
전주 여행,기대,NNG
전주 여행,편집,NNG
전주 여행,국내,NNG
전주 여행,네오,NNP
전주 여행,간식,NNG
전주 여행,추억,NNG
전주 여행,가게,NNG
전주 여행,구경,NNG
전주 여행,카카오,NNG
전주 여행,캐릭터,NNG
전주 여행,달고나,NNP
전주 여행,불량,NNG
전주 여행,식품,NNG
전주 여행,여기,NP
전주 여행,완자,NNG
전주 여행,꼬치,NNG
전주 여행,체다,NNP
전주 여행,치즈,NNG
전주 여행,완자,NNG
전주 여행,꼬치,NNG
전주 여행,사고,NNG
전주 여행,비빔밥,NNG
전주 여행,맛집,NNG
전주 여행,가족,NNG
전주 여행,회관,NNG
전주 여행,비빔밥,NNG
전주 여행,맛집,NNG
전주 여행,가족,NNG
전주 여행,회관,NNG
전주 여행,상담,NNG
전주 여행,팀원,NNG
전주 여행,합류,NNG
전주 여행,저녁,NNG
전주 여행,비빔밥,NNG
전주 여행,맛집,NNG
전주 여행,추천,NNG
전주 여행,고고씽,NNP
전주 여행,브런치,NNP
전주 여행,카페,NNG
전주 여행,투리,NNG
전주 여행,스타,NNG
전주 여행,마지막,NNG
전주 여행,오전,NNG
전주 여행,브런치,NNP
전주 여행,브런치,NNP
전주 여행,카페,NNP
전주 여행,폭풍,NNG
전주 여행,검색,NNG
전주 여행,브런치,NNP
전주 여행,카페,NNG
전주 여행,투리,NNG
전주 여행,스타,NNG
전주 여행,한옥,NNG
전주 여행,마을,NNG
전주 여행,근처,NNG
전주 여행,호텔,NNG
전주 여행,아래,NNG
전주 여행,카페,NNG
전주 여행,마이산,NNP
전주 여행,휴게소,NNG
전주 여행,마이산,NNP
전주 여행,배경,NNG
전주 여행,덕진,NNP
전주 여행,공원,NNG
전주 여행,연꽃,NNG
전주 여행,연꽃,NNG
전주 여행,영화,NNG
전주 여행,호텔,NNG
전주 여행,체크인,NNG
전주 여행,맛집,NNG
전주 여행,한국,NNP
전주 여행,생선,NNG
전주 여행,구이,NNG
전주 여행,본가,NNG
전주 여행,조기,NNG
전주 여행,매운탕,NNG
전주 여행,도착,NNG
전주 여행,조기,NNG
전주 여행,매운탕,NNG
전주 여행,검색,NNG
전주 여행,생선,NNG
전주 여행,주차장,NNG
전주 여행,식사,NNG
전주 여행,실내,NNG
전주 여행,맛집,NNG
전주 여행,전북,NNP
전주 여행,도청,NNG
전주 여행,연남,NNG
전주 여행,갈비,NNG
전주 여행,추천,NNG
전주 여행,맛집,NNG
전주 여행,연남,NNG
전주 여행,갈비,NNG
전주 여행,전북,NNP
전주 여행,도청,NNG
전주 여행,근처,NNG
전주 여행,갈비,NNG
전주 여행,태극기,NNG
전주 여행,갈비,NNG
전주 여행,피순대,NNG
전주 여행,맛집,NNG
전주 여행,마이산,NNP
전주 여행,피순대,NNG
전주 여행,본점,NNG
전주 여행,다음,NNG
전주 여행,예전,NNG
전주 여행,맛집,NNG
전주 여행,맛집,NNG
전주 여행,추천,NNG
전주 여행,식당,NNG
전주 여행,고구마,NNG
전주 여행,감자탕,NNG
전주 여행,맛집,NNG
전주 여행,추천,NNG
전주 여행,식당,NNG
전주 여행,고구마,NNG
전주 여행,감자탕,NNG
전주 여행,오늘,NNG
전주 여행,이번,NNG
전주 여행,식사,NNG
전주 여행,해결,NNG
전주 여행,식당,NNG
전주 여행,한곳,NNG
전주 여행,맛집,NNG
전주 여행,이야기,NNG
전주 여행,개인,NNG
전주 여행,가게,NNG
전주 여행,농가,NNG
전주 여행,레스토랑,NNG
전주 여행,방문,NNG
전주 여행,맛집,NNG
전주 여행,추천,NNG
전주 여행,메뉴,NNG
전주 여행,후식,NNG
전주 여행,반찬,NNG
전주 여행,마음,NNG
전주 여행,먹거리,NNG
전주 여행,콩나물국,NNG
전주 여행,맛집,NNG
전주 여행,한국인,NNG
전주 여행,사랑,NNG
전주 여행,오래,NNG
전주 여행,한식당,NNG
전주 여행,농림,NNG
전주 여행,수산,NNG
전주 여행,식품,NNG
전주 여행,한식재단,NNP
전주 여행,선정,NNG
전주 여행,먹거리,NNG
전주 여행,추억,NNG
전주 여행,한옥마을,NNP
전주 여행,산책,NNG
전주 여행,코스,NNG
전주 여행,일차,NNG
전주 여행,팔자,NNG
전주 여행,보너스,NNG
전주 여행,시간,NNG
전주 여행,이투,NNG
전주 여행,케이,NNG
전주 여행,이투,NNG
전주 여행,케이,NNG
전주 여행,시간,NNG
전주 여행,시간,NNG
전주 여행,산책,NNG
전주 여행,시간,NNG
전주 여행,투자,NNG
전주 여행,백화점,NNG
전주 여행,부근,NNG
전주 여행,친구,NNG
전주 여행,한옥마을,NNP
전주 여행,한옥,NNP
전주 여행,일바,NNP
전주 여행,길거리,NNG
전주 여행,한옥,NNP
전주 여행,레일바이크,NNP
전주 여행,사랑,NNG
전주 여행,연인,NNG
전주 여행,한옥,NNG
전주 여행,마을,NNG
전주 여행,한복,NNG
전주 여행,데이트,NNG
전주 여행,아중역,NNP
전주 여행,한옥,NNP
전주 여행,레일바이크,NNP
전주 여행,영원,NNG
전주 여행,추억,NNG
전주 여행,마전,NNG
전주 여행,고분군,NNP
전주 여행,서부,NNG
전주 여행,신시가지,NNG
전주 여행,문학,NNG
전주 여행,문화,NNG
전주 여행,공간,NNG
전주 여행,조성,NNG
전주 여행,고분군,NNP
전주 여행,공원,NNG
전주 여행,오른쪽,NNG
전주 여행,계단,NNG
전주 여행,입구,NNG
전주 여행,조선,NNP
전주 여행,문종,NNG
전주 여행,알라딘,NNP
전주 여행,자평,NNG
전주 여행,레시피,NNG
전주 여행,레시피,NNG
전주 여행,김주미,NNP
전주 여행,지음,NNG
전주 여행,상상,NNG
전주 여행,평점,NNG
전주 여행,구판,NNG
전주 여행,절판,NNG
전주 여행,구입,NNG
전주 여행,편집,NNG
전주 여행,후백제,NNG
전주 여행,견훤,NNP
전주 여행,숨결,NNG
전주 여행,승암,NNG
전주 여행,조선,NNP
전주 여행,왕조,NNG
전주 여행,본향,NNG
전주 여행,후백제,NNG
전주 여행,도읍지,NNG
전주 여행,후백제,NNG
전주 여행,견훤,NNP
전주 여행,숨결,NNG
전주 여행,동고,NNG
전주 여행,동고,NNG
전주 여행,완산,NNP
전주 여행,그립,NNG
전주 여행,군아,NNG
전주 여행,유언,NNG
전주 여행,견훤,NNP
전주 여행,도읍,NNG
전주 여행,사고사,NNG
전주 여행,일제,NNG
전주 여행,강점기,NNG
전주 여행,역사,NNG
전주 여행,흔적,NNG
전주 여행,역사,NNG
전주 여행,공원,NNG
전주 여행,공원,NNG
전주 여행,완산,NNP
전주 여행,오래,NNG
전주 여행,역사,NNG
전주 여행,공원,NNG
전주 여행,역사,NNG
전주 여행,공원,NNG
전주 여행,다가산,NNG
전주 여행,정상,NNG
전주 여행,명단,NNG
전주 여행,명당,NNG
전주 여행,아중,NNG
전주 여행,호숫가,NNG
전주 여행,소공원,NNG
전주 여행,호동,NNG
전주 여행,어린이,NNG
전주 여행,공원,NNG
전주 여행,호동,NNG
전주 여행,시민,NNG
전주 여행,누구,NP
전주 여행,이름,NNG
전주 여행,예전,NNG
전주 여행,쓰래,NNG
전주 여행,매립장,NNG
전주 여행,호공,NNP
전주 여행,오후,NNG
전주 여행,시간,NNG
전주 여행,시간,NNG
전주 여행,아중,NNG
전주 여행,호수,NNG
전주 여행,중리,NNG
전주 여행,레일바이크,NNP
전주 여행,조선,NNP
전주 여행,시대,NNG
전주 여행,별장,NNG
전주 여행,한옥마을,NNP
전주 여행,임실,NNP
전주 여행,슬치,NNP
전주 여행,고개,NNG
전주 여행,발원,NNG
전주 여행,당과,NNG
전주 여행,경관,NNG
전주 여행,조선,NNP
전주 여행,개국,NNG
전주 여행,공신,NNG
전주 여행,집현전,NNG
전주 여행,직제학,NNG
전주 여행,월당,NNG
전주 여행,선생,NNG
전주 여행,태조,NNG
전주 여행,완산,NNP
전주 여행,칠봉,NNG
전주 여행,도심,NNG
전주 여행,하늘,NNG
전주 여행,정원,NNG
전주 여행,완산,NNP
전주 여행,공원,NNG
전주 여행,완산,NNP
전주 여행,공원,NNG
전주 여행,완산,NNP
전주 여행,공원,NNG
전주 여행,꽃동산,NNG
전주 여행,완산,NNP
전주 여행,칠봉,NNG
전주 여행,도심,NNG
전주 여행,공원,NNG
전주 여행,후백제,NNG
전주 여행,도읍지,NNG
전주 여행,조선,NNP
전주 여행,왕조,NNG
전주 여행,본향,NNG
전주 여행,대표,NNG
전주 여행,완산,NNP
전주 여행,칠봉,NNG
전주 여행,완산,NNP
전주 여행,고원,NNP
전주 여행,꽃동산,NNG
전주 여행,시립,NNG
전주 여행,도서관,NNG
전주 여행,하늘,NNG
전주 여행,아이,NNG
전주 여행,한옥,NNG
전주 여행,마을,NNG
전주 여행,산책,NNG
전주 여행,군것질,NNG
전주 여행,개인,NNG
전주 여행,만족,NNG
전주 여행,마약,NNG
전주 여행,육전,NNG
전주 여행,추억,NNG
전주 여행,사진,NNG
전주 여행,조미료,NNG
전주 여행,한복,NNG
전주 여행,대여,NNG
전주 여행,헤어,NNG
전주 여행,사진,NNG
전주 여행,세트,NNG
전주 여행,가족,NNG
전주 여행,한복,NNG
전주 여행,체험,NNG
전주 여행,시작,NNG
전주 여행,사진관,NNG
전주 여행,사진,NNG
전주 여행,촬영,NNG
전주 여행,마을,NNG
전주 여행,투어,NNG
전주 여행,연꽃,NNG
전주 여행,대한민국,NNP
전주 여행,연꽃,NNG
전주 여행,대표,NNG
전주 여행,관광지,NNG
전주 여행,덕진,NNP
전주 여행,공원,NNG
전주 여행,진연,NNG
전주 여행,덕진,NNP
전주 여행,공원,NNG
전주 여행,코스,NNG
전주 여행,필수,NNG
전주 여행,코스,NNG
전주 여행,덕진,NNP
전주 여행,연못,NNG
전주 여행,연꽃,NNG
전주 여행,덕진,NNP
전주 여행,호수,NNG
전주 여행,가운데,NNG
전주 여행,현수교,NNG
전주 여행,연지,NNG
전주 여행,교등,NNG
전주 여행,주변,NNG
전주 여행,경관,NNG
전주 여행,사진,NNG
전주 여행,연꽃,NNG
전주 여행,조선왕조실록,NNP
전주 여행,피난,NNG
전주 여행,수난사,NNG
전주 여행,사고,NNG
전주 여행,사고,NNG
전주 여행,국보,NNG
전주 여행,조선왕조실록,NNP
전주 여행,보관,NNG
전주 여행,경기,NNG
전주 여행,전안,NNG
전주 여행,건물,NNG
전주 여행,사고,NNG
전주 여행,임진왜란,NNG
전주 여행,당시,NNG
전주 여행,조성,NNG
전주 여행,왕조,NNG
전주 여행,실록,NNG
전주 여행,피신,NNG
전주 여행,수난사,NNG
전주 여행,한눈,NNG
전주 여행,사고,NNG
전주 여행,산책,NNG
전주 여행,추억,NNG
전주 여행,일요일,NNG
전주 여행,오후,NNG
전주 여행,일차,NNG
전주 여행,팔자,NNG
전주 여행,보너스,NNG
전주 여행,시간,NNG
전주 여행,이투,NNG
전주 여행,케이,NNG
전주 여행,트리,NNG
전주 여행,시간,NNG
전주 여행,안성맞춤,NNG
전주 여행,산책,NNG
전주 여행,시간,NNG
전주 여행,투자,NNG
전주 여행,조선,NNP
전주 여행,본향,NNG
전주 여행,한옥,NNG
전주 여행,마을,NNG
전주 여행,경기전,NNG
전주 여행,진박,NNG
전주 여행,조선,NNP
전주 여행,본향,NNG
전주 여행,한옥마을,NNP
전주 여행,한옥마을,NNP
전주 여행,전국,NNG
전주 여행,한옥마을,NNP
전주 여행,한옥,NNG
전주 여행,마을,NNG
전주 여행,경기전,NNG
전주 여행,경기,NNG
전주 여행,전안,NNG
전주 여행,태조,NNP
전주 여행,이성계,NNP
전주 여행,어진,NNG
전주 여행,어진,NNG
전주 여행,친환경,NNG
전주 여행,생태,NNG
전주 여행,도시,NNG
전주 여행,에코,NNP
전주 여행,시티,NNG
전주 여행,자랑거리,NNG
전주 여행,병호,NNP
전주 여행,병공,NNG
전주 여행,에코,NNP
전주 여행,시티,NNG
전주 여행,조성,NNG
전주 여행,공원,NNG
전주 여행,한옥마을,NNP
전주 여행,코스,NNG
전주 여행,이투,NNG
전주 여행,케이,NNG
전주 여행,손자,NNG
전주 여행,에코,NNP
전주 여행,시티,NNG
전주 여행,세병,NNG
전주 여행,공원,NNG
전주 여행,후백제,NNG
전주 여행,숨결,NNG
전주 여행,방산,NNG
전주 여행,후백제,NNG
전주 여행,도읍지,NNG
전주 여행,후백제,NNG
전주 여행,견훤,NNP
전주 여행,숨결,NNG
전주 여행,효자동,NNG
전주 여행,서곡,NNG
전주 여행,지구,NNG
전주 여행,방산,NNG
전주 여행,서고,NNG
전주 여행,완산,NNP
전주 여행,그립,NNG
전주 여행,군아,NNG
전주 여행,유언,NNG
전주 여행,견훤,NNP
전주 여행,도읍,NNG
전주 여행,알라딘,NNP
전주 여행,언제,NNG
전주 여행,다음,NNG
전주 여행,북카페,NNP
전주 여행,카프카,NNP
전주 여행,다음,NNG
전주 여행,요즘,NNG
전주 여행,완산,NNP
전주 여행,칠봉,NNG
전주 여행,생태,NNG
전주 여행,공원,NNG
전주 여행,완산,NNP
전주 여행,칠봉,NNG
전주 여행,생태,NNG
전주 여행,지원,NNG
전주 여행,완산,NNP
전주 여행,칠봉,NNG
전주 여행,생태,NNG
전주 여행,지원,NNG
전주 여행,완산,NNP
전주 여행,지명,NNG
전주 여행,이싸,NNP
전주 여행,조선,NNP
전주 여행,본향,NNG
전주 여행,후백제,NNG
전주 여행,도읍지,NNG
전주 여행,산책,NNG
전주 여행,천변,NNG
전주 여행,산세,NNG
전주 여행,비경,NNG
전주 여행,완산,NNP
전주 여행,완산,NNP
전주 여행,칠봉,NNG
전주 여행,에코,NNP
전주 여행,시티,NNG
전주 여행,친환경,NNG
전주 여행,생태,NNG
전주 여행,공원,NNG
전주 여행,세병,NNG
전주 여행,공원,NNG
전주 여행,세병,NNG
전주 여행,공원,NNG
전주 여행,한옥마을,NNP
전주 여행,코스,NNG
전주 여행,이투,NNG
전주 여행,케이,NNG
전주 여행,에코,NNP
전주 여행,시티,NNG
전주 여행,손자,NNG
전주 여행,에코,NNP
전주 여행,시티,NNG
전주 여행,처음,NNG
전주 여행,포스팅,NNP
전주 여행,예향,NNG
전주 여행,도시,NNG
전주 여행,자랑거리,NNG
전주 여행,국립,NNG
전주 여행,무형,NNG
전주 여행,유산,NNG
전주 여행,박물관,NNG
전주 여행,예향,NNG
전주 여행,도시,NNG
전주 여행,무형,NNG
전주 여행,유산,NNG
전주 여행,박물관,NNG
전주 여행,자랑,NNG
전주 여행,개관,NNG
전주 여행,자랑거리,NNG
전주 여행,시민,NNG
전주 여행,각종,NNG
전주 여행,무료,NNG
전주 여행,공연,NNG
전주 여행,계속,NNG
전주 여행,전동성당,NNP
전주 여행,초순,NNG
전주 여행,교지,NNG
전주 여행,한옥마을,NNP
전주 여행,필수,NNG
전주 여행,코스,NNG
전주 여행,필수,NNG
전주 여행,코스,NNG
전주 여행,한옥마을,NNP
전주 여행,아내,NNG
전주 여행,남문,NNG
전주 여행,시장,NNG
전주 여행,대국,NNG
전주 여행,그릇,NNG
전주 여행,한옥,NNG
전주 여행,마을,NNG
전주 여행,전동성당,NNP
전주 여행,국내,NNG
전주 여행,최고,NNG
전주 여행,수준,NNG
전주 여행,복합,NNG
전주 여행,문화,NNG
전주 여행,예술,NNG
전주 여행,공간,NNG
전주 여행,한국,NNP
전주 여행,소리,NNG
전주 여행,문화,NNG
전주 여행,전북,NNP
전주 여행,개최,NNG
전주 여행,세계,NNG
전주 여행,소리,NNG
전주 여행,축제,NNG
전주 여행,한국,NNP
전주 여행,소리,NNG
전주 여행,문화,NNG
전주 여행,이다,NNP
전주 여행,자랑,NNG
전주 여행,전북,NNP
전주 여행,자랑,NNG
전주 여행,면적,NNG
전주 여행,건물,NNG
전주 여행,면적,NNG
전주 여행,대형,NNG
전주 여행,아트,NNG
전주 여행,센터,NNG
전주 여행,한옥마을,NNP
전주 여행,분위기,NNG
전주 여행,한옥마을,NNP
전주 여행,부채,NNG
전주 여행,박물,NNG
전주 여행,한옥마을,NNP
전주 여행,부채,NNG
전주 여행,박물관,NNG
전주 여행,선조,NNG
전주 여행,지혜,NNG
전주 여행,부채,NNG
전주 여행,한옥,NNG
전주 여행,마을,NNG
전주 여행,글자,NNG
전주 여행,조선,NNP
전주 여행,시대,NNG
전주 여행,부채,NNG
전주 여행,중국,NNP
전주 여행,일본,NNP
전주 여행,부채,NNG
전주 여행,부채,NNG
전주 여행,전시,NNG
전주 여행,부채,NNG
전주 여행,박물관,NNG
전주 여행,한옥마을,NNP
전주 여행,요일,NNG
전주 여행,코스,NNG
전주 여행,한옥마을,NNP
전주 여행,전통,NNG
전주 여행,비빔밥,NNG
전주 여행,시식,NNP
전주 여행,덕진,NNP
전주 여행,공원,NNG
전주 여행,유적지,NNG
전주 여행,저녁,NNG
전주 여행,떡갈비,NNG
전주 여행,시식,NNG
전주 여행,덕진,NNP
전주 여행,호수,NNG
전주 여행,연화교,NNG
전주 여행,변신,NNG
전주 여행,덕진,NNP
전주 여행,공원,NNG
전주 여행,덕진,NNP
전주 여행,공원,NNG
전주 여행,연화교,NNG
전주 여행,덕진,NNP
전주 여행,공원,NNG
전주 여행,모습,NNG
전주 여행,모습,NNG
전주 여행,연화교,NNG
전주 여행,모습,NNG
전주 여행,변신,NNG
전주 여행,마음,NNG
전주 여행,시간,NNG
전주 여행,자투리,NNG
전주 여행,한옥마을,NNP
전주 여행,야시장,NNG
전주 여행,남부,NNG
전주 여행,시장,NNG
전주 여행,청년,NNG
전주 여행,구경,NNG
전주 여행,한옥,NNP
전주 여행,스테이,NNP
전주 여행,태조,NNP
전주 여행,마루,NNP
전주 여행,한옥마을,NNP
전주 여행,먹거리,NNG
전주 여행,구경,NNG
전주 여행,사장,NNG
전주 여행,야시장,NNG
전주 여행,구경,NNG
전주 여행,광화문,NNG
전주 여행,세월,NNG
전주 여행,천막,NNG
전주 여행,조명,NNG
전주 여행,풍남문,NNG
전주 여행,대사습놀이,NNG
전주 여행,한옥마을,NNP
전주 여행,구경,NNG
전주 여행,전국,NNG
전주 여행,대회,NNG
전주 여행,판소리,NNG
전주 여행,명창,NNG
전주 여행,일반,NNG
전주 여행,농악,NNG
전주 여행,무용,NNG
전주 여행,기악,NNG
전주 여행,시조,NNG
전주 여행,민요,NNG
전주 여행,가야금,NNG
전주 여행,명창,NNG
전주 여행,궁도,NNG
전주 여행,명고,NNG
전주 여행,부분,NNG
전주 여행,전국,NNG
전주 여행,경연,NNG
전주 여행,대회,NNG
전주 여행,대사습놀이,NNG
전주 여행,전국,NNG
전주 여행,대회,NNG
전주 여행,옛날,NNG
전주 여행,물건,NNG
전주 여행,이곳,NP
전주 여행,전시,NNG
전주 여행,한옥마을,NNP
전주 여행,한옥마을,NNP
전주 여행,루이,NNP
전주 여행,엘모,NNG
전주 여행,자박,NNG
전주 여행,물관,NNG
전주 여행,추억,NNG
전주 여행,박물관,NNG
전주 여행,건물,NNG
전주 여행,입장료,NNG
전주 여행,전시,NNG
전주 여행,공간,NNG
전주 여행,전라북도,NNP
전주 여행,문화,NNG
전주 여행,예술,NNG
전주 여행,재단,NNG
전주 여행,지원,NNG
전주 여행,생각,NNG
전주 여행,한옥마을,NNP
전주 여행,풍남문,NNG
전주 여행,조선,NNP
전주 여행,본향,NNG
전주 여행,한옥마을,NNP
전주 여행,경기전,NNG
전주 여행,진박,NNG
전주 여행,물관,NNG
전주 여행,풍남문,NNG
전주 여행,보물,NNG
전주 여행,풍남문,NNG
전주 여행,대표,NNG
전주 여행,가즈,NNP
전주 여행,젊음,NNG
전주 여행,거리,NNG
전주 여행,객사,NNG
전주 여행,필수,NNG
전주 여행,코스,NNG
전주 여행,결혼식,NNG
전주 여행,참석,NNG
전주 여행,벚꽃,NNG
전주 여행,명소,NNG
전주 여행,이자,NNG
전주 여행,데이트,NNG
전주 여행,코스,NNG
전주 여행,아중,NNG
전주 여행,리저,NNP
전주 여행,수지,NNG
전주 여행,영화,NNG
전주 여행,거리,NNG
전주 여행,객사,NNG
전주 여행,한옥마을,NNP
전주 여행,한국,NNP
전주 여행,관광,NNG
전주 여행,우리나라,NNG
전주 여행,대표,NNG
전주 여행,이외,NNG
전주 여행,향교,NNG
전주 여행,목대,NNG
전주 여행,벽화,NNG
전주 여행,마을,NNG
전주 여행,전통주,NNG
전주 여행,박물관,NNG
전주 여행,승광,NNP
전주 여행,한옥마을,NNP
전주 여행,은퇴,NNG
전주 여행,사진,NNG
전주 여행,작가,NNG
전주 여행,활동,NNG
전주 여행,절친,NNG
전주 여행,사진,NNG
전주 여행,한옥마을,NNP
전주 여행,전망대,NNG
전주 여행,이성계,NNP
전주 여행,장군,NNG
전주 여행,승전,NNG
전주 여행,연회,NNG
전주 여행,장소,NNG
전주 여행,목대,NNG
전주 여행,한옥마을,NNP
전주 여행,한옥마을,NNP
전주 여행,경기,NNG
전주 여행,박물관,NNG
전주 여행,풍남문,NNG
전주 여행,남문,NNG
전주 여행,시장,NNG
전주 여행,최근,NNG
전주 여행,개장,NNG
전주 여행,전라,NNP
전주 여행,감영,NNG
전주 여행,목대,NNG
전주 여행,필수,NNG
전주 여행,코스,NNG
전주 여행,천상,NNG
전주 여행,정원,NNG
전주 여행,한국도로공사,NNP
전주 여행,고도,NNG
전주 여행,조선,NNP
전주 여행,본향,NNG
전주 여행,필수,NNG
전주 여행,코스,NNG
전주 여행,한국도로공사,NNP
전주 여행,수목원,NNG
전주 여행,월드컵,NNG
전주 여행,경기장,NNG
전주 여행,부근,NNG
전주 여행,고속도,NNG
전주 여행,도로변,NNG
전주 여행,어디,NP
전주 여행,서비스,NNG
전주 여행,작성자,NNG
전주 여행,광고,NNG
전주 여행,제주,NNP
전주 여행,유럽,NNP
전주 여행,코티지,NNP
전주 여행,감성,NNG
전주 여행,지독,NNG
전주 여행,프라이빗,NNG
전주 여행,제주,NNP
전주 여행,유럽,NNP
전주 여행,감성,NNG
전주 여행,인상,NNG
전주 여행,마중,NNG
전주 여행,도로공원,NNG
전주 여행,마중,NNG
전주 여행,기차,NNG
전주 여행,처음,NNG
전주 여행,마중,NNG
전주 여행,첫인상,NNG
전주 여행,마중,NNG
전주 여행,여름,NNG
전주 여행,마중,NNG
전주 여행,여름,NNG
전주 여행,무더위,NNG
전주 여행,어린이,NNG
전주 여행,아중,NNG
전주 여행,호수,NNG
전주 여행,나무,NNG
전주 여행,데크,NNP
전주 여행,산책로,NNG
전주 여행,산책,NNG
전주 여행,예전,NNG
전주 여행,중리,NNG
전주 여행,아중,NNG
전주 여행,호수,NNG
전주 여행,야성,NNG
전주 여행,벚꽃,NNG
전주 여행,구경,NNG
전주 여행,민물,NNG
전주 여행,매운탕,NNG
전주 여행,기린,NNG
전주 여행,등산,NNG
전주 여행,목적,NNG
전주 여행,한국,NNP
전주 여행,도로공사,NNP
전주 여행,수목원,NNG
전주 여행,코앞,NNG
전주 여행,시민,NNG
전주 여행,쉼터,NNG
전주 여행,총화,NNG
전주 여행,기독교,NNG
전주 여행,방송국,NNG
전주 여행,예전,NNG
전주 여행,고속도,NNG
전주 여행,나들목,NNG
전주 여행,자리,NNG
전주 여행,그곳,NP
전주 여행,시민,NNG
전주 여행,쉼터,NNG
전주 여행,조성,NNG
전주 여행,나들목,NNG
전주 여행,가족,NNG
전주 여행,공원,NNG
전주 여행,인터체인지,NNG
전주 여행,월드컵,NNG
전주 여행,경기장,NNG
전주 여행,조선,NNP
전주 여행,본향,NNG
전주 여행,자랑거리,NNG
전주 여행,덕진,NNP
전주 여행,연못,NNG
전주 여행,연꽃,NNG
전주 여행,덕진,NNP
전주 여행,공원,NNG
전주 여행,조선,NNP
전주 여행,본향,NNG
전주 여행,명물,NNG
전주 여행,상징,NNG
전주 여행,덕진,NNP
전주 여행,공원,NNG
전주 여행,필수,NNG
전주 여행,코스,NNG
전주 여행,덕진,NNP
전주 여행,호수,NNG
전주 여행,가운데,NNG
전주 여행,현수교,NNG
전주 여행,연꽃,NNG
전주 여행,양분,NNG
전주 여행,덕진,NNP
전주 여행,연못,NNG
전주 여행,광주,NNP
전주 여행,당신,NP
전주 여행,지역,NNG
전주 여행,특색,NNG
전주 여행,한옥마을,NNP
전주 여행,매력,NNG
전주 여행,광주,NNP
전주 여행,거리,NNG
전주 여행,위치,NNG
전주 여행,한옥마을,NNP
전주 여행,한국,NNP
전주 여행,전통,NNG
전주 여행,가옥,NNG
전주 여행,장소,NNG
전주 여행,한옥마을,NNP
전주 여행,대한민국,NNP
전주 여행,대표,NNG
전주 여행,난장,NNG
전주 여행,박물관,NNG
전주 여행,한옥마을,NNP
전주 여행,이색,NNG
전주 여행,옛날,NNG
전주 여행,볼거리,NNG
전주 여행,생일,NNG
전주 여행,손자,NNG
전주 여행,한옥,NNG
전주 여행,마을,NNG
전주 여행,하루,NNG
전주 여행,점심,NNG
전주 여행,한옥,NNG
전주 여행,마을,NNG
전주 여행,먹거리,NNG
전주 여행,갈비,NNG
전주 여행,홈페이지,NNG
전주 여행,제작,NNG
전주 여행,해외,NNG
전주 여행,골프,NNG
전주 여행,투어,NNG
전주 여행,전문,NNG
전주 여행,온라인,NNG
전주 여행,견적,NNG
전주 여행,단독,NNG
전주 여행,투어,NNG
전주 여행,투어,NNG
전주 여행,공식,NNG
전주 여행,인증,NNG
전주 여행,예약,NNG
전주 여행,센터,NNG
전주 여행,해외,NNG
전주 여행,단체,NNG
전주 여행,투어,NNG
전주 여행,단독,NNG
전주 여행,투어,NNG
전주 여행,글로벌,NNG
전주 여행,투어,NNG
전주 여행,투어,NNG
전주 여행,공식,NNG
전주 여행,인증,NNG
전주 여행,예약,NNG
전주 여행,센터,NNG
전주 여행,해외,NNG
전주 여행,단체,NNG
전주 여행,투어,NNG
전주 여행,정월,NNG
전주 여행,보름,NNG
전주 여행,공연,NNG
전주 여행,전북,NNP
전주 여행,달맞이,NNG
전주 여행,가세,NNG
전주 여행,음식,NNG
전주 여행,고장,NNG
전주 여행,이자,NNG
전주 여행,한옥마을,NNP
전주 여행,고장,NNG
전주 여행,복판,NNG
전주 여행,광장,NNG
전주 여행,임실,NNP
전주 여행,한국,NNP
전주 여행,신명,NNG
전주 여행,축제,NNG
전주 여행,필봉,NNG
전주 여행,마을,NNG
전주 여행,정월,NNG
전주 여행,보름,NNG
전주 여행,정월,NNG
전주 여행,보름날,NNG
전주 여행,지구촌,NNG
전주 여행,모자,NNG
전주 여행,이곳,NP
전주 여행,이색,NNG
전주 여행,박물관,NNG
전주 여행,루이,NNP
전주 여행,모자,NNG
전주 여행,한옥마을,NNP
전주 여행,모자,NNG
전주 여행,박물관,NNG
전주 여행,구경,NNG
전주 여행,한옥마을,NNP
전주 여행,서쪽,NNG
전주 여행,끝자락,NNG
전주 여행,루이,NNP
전주 여행,엘모,NNG
전주 여행,자박,NNG
전주 여행,물관,NNG
전주 여행,추억,NNG
전주 여행,박물관,NNG
전주 여행,박물관,NNG
전주 여행,박물관,NNG
전주 여행,구경거리,NNG
전주 여행,입장료,NNG
전주 여행,박물관,NNG
전주 여행,전화,NNG
전주 여행,번호,NNG
전주 여행,도로,NNG
전주 여행,완산구,NNP
전주 여행,은행,NNG
전주 여행,지번,NNG
전주 여행,완산구,NNP
전주 여행,교동,NNP
전주 여행,장점,NNG
전주 여행,숙박업,NNG
전주 여행,샤워,NNG
전주 여행,타월,NNG
전주 여행,화장,NNG
전주 여행,거울,NNG
전주 여행,비누,NNG
전주 여행,클렌징,NNG
전주 여행,전동,NNG
전주 여행,성당,NNG
전주 여행,지란지교,NNG
전주 여행,친구,NNG
전주 여행,약속,NNG
전주 여행,시간,NNG
전주 여행,오후,NNG
전주 여행,시간,NNG
전주 여행,틈새,NNG
전주 여행,전동,NNG
전주 여행,성당,NNG
전주 여행,수요일,NNG
전주 여행,오후,NNG
전주 여행,성당,NNG
전주 여행,행사,NNG
전주 여행,관계자,NNG
전주 여행,차량,NNG
전주 여행,임도,NNG
전주 여행,꼬까,NNG
전주 여행,한복,NNG
전주 여행,아시아,NNP
전주 여행,명소,NNG
전주 여행,한옥마을,NNP
전주 여행,시작,NNG
전주 여행,역사,NNG
전주 여행,한옥마을,NNP
전주 여행,이다,NNP
전주 여행,광장,NNG
전주 여행,한복,NNG
전주 여행,부채,NNG
전주 여행,아가씨,NNG
전주 여행,관광객,NNG
전주 여행,한옥마을,NNP
전주 여행,한울,NNP
전주 여행,밥상,NNG
전주 여행,맛집,NNG
전주 여행,터널,NNG
전주 여행,한울,NNP
전주 여행,밥상,NNG
전주 여행,터널,NNG
전주 여행,공존,NNG
전주 여행,도시,NNG
전주 여행,기대,NNG
전주 여행,이번,NNG
전주 여행,특별,NNG
전주 여행,원래,NNG
전주 여행,한옥,NNG
전주 여행,마을,NNG
전주 여행,안쪽,NNG
전주 여행,맛집,NNG
전주 여행,계획,NNG
전주 여행,가게,NNG
전주 여행,사장,NNG
전주 여행,숙영,NNG
전주 여행,가마솥,NNG
전주 여행,비빔밥,NNG
전주 여행,된장찌개,NNG
전주 여행,비빔밥,NNG
전주 여행,조합,NNG
전주 여행,맛집,NNG
전주 여행,투어,NNG
전주 여행,숙영,NNG
전주 여행,비빔밥,NNG
전주 여행,방문,NNG
전주 여행,오래전,NNG
전주 여행,음식,NNG
전주 여행,비빔밥,NNG
전주 여행,이번,NNG
전주 여행,생각,NNG
전주 여행,비빔밥,NNG
전주 여행,가게,NNG
전주 여행,검색,NNG
전주 여행,난장,NNG
전주 여행,테마,NNG
전주 여행,박물관,NNG
전주 여행,감수,NNG
전주 여행,이번,NNG
전주 여행,전북,NNP
전주 여행,유일,NNG
전주 여행,테마,NNG
전주 여행,박물관,NNG
전주 여행,감수,NNG
전주 여행,재현,NNG
전주 여행,장소,NNG
전주 여행,이곳,NP
전주 여행,난장,NNG
전주 여행,그대,NP
전주 여행,감성,NNG
전주 여행,예정,NNG
전주 여행,월드,NNG
전주 여행,티스토리,NNP
전주 여행,예정,NNG
전주 여행,막걸리,NNG
전주 여행,안주,NNG
전주 여행,한옥마을,NNP
전주 여행,막걸리,NNG
전주 여행,골목,NNG
전주 여행,얼마,NNG
전주 여행,정보,NNG
전주 여행,막걸리,NNG
전주 여행,알라딘,NNP
전주 여행,리뷰,NNP
전주 여행,동네,NNG
전주 여행,친구,NNG
전주 여행,회신,NNG
전주 여행,동네,NNG
전주 여행,플레이,NNG
전주 여행,동네,NNG
전주 여행,동네,NNG
전주 여행,매거진,NNG
전주 여행,알라딘,NNP
전주 여행,서재,NNP
전주 여행,시집,NNG
전주 여행,계획,NNG
전주 여행,그곳,NP
전주 여행,무엇,NP
전주 여행,무엇,NP
전주 여행,생각,NNG
전주 여행,한국,NNP
전주 여행,알라딘,NNP
전주 여행,매력,NNG
전주 여행,로컬,NNG
전주 여행,가이드,NNG
전주 여행,소도시,NNG
전주 여행,소도시,NNG
전주 여행,트래블,NNG
전주 여행,완주,NNG
전주 여행,소도시,NNG
전주 여행,트래블,NNG
전주 여행,조이,NNG
전주 여행,코리아,NNP
전주 여행,편집부,NNG
전주 여행,지음,NNG
전주 여행,조이,NNG
전주 여행,코리아,NNP
전주 여행,평점,NNG
전주 여행,품절,NNG
전주 여행,얼마,NNG
전주 여행,소도시,NNG
전주 여행,트래블,NNG
전주 여행,주편,NNG
전주 여행,알라딘,NNP
전주 여행,언제,NNG
전주 여행,계획,NNG
전주 여행,위로,NNG
전주 여행,권유,NNG
전주 여행,가슴,NNG
전주 여행,에세이,NNG
전주 여행,서다,NNG
전주 여행,핵심,NNG
전주 여행,포인트,NNG
전주 여행,목차,NNG
전주 여행,알라딘,NNP
전주 여행,서재,NNP
전주 여행,오렌지캬라멜,NNP
전주 여행,청춘,NNG
전주 여행,생각,NNG
전주 여행,서울,NNP
전주 여행,언제,NP
전주 여행,한옥마을,NNP
전주 여행,오렌지,NNP
전주 여행,카라멜,NNP
전주 여행,경로,NNG
전주 여행,옥도,NNG
전주 여행,구경,NNG
전주 여행,한복,NNG
전주 여행,전통,NNG
전주 여행,체험,NNG
전주 여행,맛집,NNG
전주 여행,추천,NNG
전주 여행,리스트,NNG
전주 여행,지인,NNG
전주 여행,먹방,NNG
전주 여행,맛집,NNG
전주 여행,조점,NNG
전주 여행,남문,NNG
전주 여행,피순대,NNG
전주 여행,남부,NNG
전주 여행,시장,NNG
전주 여행,정도,NNG
전주 여행,시장,NNG
전주 여행,도착,NNG
전주 여행,시장,NNG
전주 여행,콩나물국,NNG
전주 여행,명가,NNG
전주 여행,점포,NNG
전주 여행,차이,NNG
전주 여행,맛집,NNG
전주 여행,콩나물국,NNG
전주 여행,명가,NNG
전주 여행,점포,NNG
전주 여행,차이,NNG
전주 여행,맛집,NNG
전주 여행,현대,NNG
전주 여행,전라북도,NNP
전주 여행,콩나물국,NNG
전주 여행,발생지,NNG
전주 여행,콩나물국,NNG
전주 여행,밥집,NNG
전주 여행,발길,NNG
전주 여행,현대,NNG
전주 여행,세대,NNG
전주 여행,오감,NNG
전주 여행,만족,NNG
전주 여행,완주,NNG
전주 여행,대한민국,NNP
전주 여행,테마,NNG
전주 여행,박물관,NNG
전주 여행,연꽃,NNG
전주 여행,명소,NNG
전주 여행,진공,NNG
전주 여행,완주,NNG
전주 여행,전북,NNP
전주 여행,필수,NNG
전주 여행,코스,NNG
전주 여행,완주군,NNG
전주 여행,구이면,NNP
전주 여행,대한민국,NNP
전주 여행,테마,NNG
전주 여행,박물관,NNG
전주 여행,개관,NNG
전주 여행,대한민국,NNP
전주 여행,테미,NNP
전주 여행,박물관,NNG
전주 여행,만족,NNG
전주 여행,완주,NNG
전주 여행,테마,NNG
전주 여행,박물관,NNG
전주 여행,퇴근,NNG
전주 여행,객리,NNG
전주 여행,한옥마을,NNP
전주 여행,완주,NNP
전주 여행,소양,NNP
전주 여행,퇴근,NNG
전주 여행,저녁,NNG
전주 여행,출발,NNG
전주 여행,하루,NNG
전주 여행,연차,NNG
전주 여행,스케줄,NNG
전주 여행,일정,NNG
전주 여행,개인,NNG
전주 여행,당일,NNG
전주 여행,맛집,NNG
전주 여행,조점,NNG
전주 여행,남문,NNG
전주 여행,피순대,NNG
전주 여행,추천,NNG
전주 여행,가을,NNG
전주 여행,음식,NNG
전주 여행,피순대,NNG
전주 여행,국밥,NNG
전주 여행,가을,NNG
전주 여행,가을,NNG
전주 여행,풍경,NNG
전주 여행,기대,NNG
전주 여행,기대,NNG
전주 여행,예전,NNG
전주 여행,음식,NNG
전주 여행,오랜만,NNG
전주 여행,군산,NNP
전주 여행,한옥마을,NNP
전주 여행,낭만,NNG
전주 여행,군산,NNP
전주 여행,군산,NNG
전주 여행,볼거리,NNG
전주 여행,일정,NNG
전주 여행,숙소,NNG
전주 여행,호텔,NNG
전주 여행,르윈,NNP
전주 여행,호텔,NNG
전주 여행,군산,NNP
전주 여행,국내,NNG
전주 여행,유일,NNG
전주 여행,일본식,NNG
전주 여행,사찰,NNG
전주 여행,동국,NNG
전주 여행,탐방,NNG
전주 여행,동국,NNG
전주 여행,웅전,NNG
전주 여행,대나무,NNG
전주 여행,대나무,NNG
전주 여행,일본식,NNG
전주 여행,동국,NNG
전주 여행,관람,NNG
전주 여행,다음,NNG
전주 여행,군산,NNG
전주 여행,근대,NNG
전주 여행,역사,NNG
전주 여행,박물관,NNG
전주 여행,시외버스,NNG
전주 여행,터미널,NNG
전주 여행,시간표,NNG
전주 여행,시외버스,NNG
전주 여행,터미널,NNG
전주 여행,시간표,NNG
전주 여행,시작,NNG
전주 여행,시외버스,NNG
전주 여행,터미널,NNG
전주 여행,시간표,NNG
전주 여행,시외버스,NNG
전주 여행,공용,NNG
전주 여행,터미널,NNG
전주 여행,전화,NNG
전주 여행,번호,NNG
전주 여행,전북,NNP
전주 여행,덕진구,NNP
전주 여행,금암동,NNP
전주 여행,서울,NNP
전주 여행,남부,NNG
전주 여행,터미널,NNG
전주 여행,에서,NNG
전주 여행,비빔밥,NNG
전주 여행,전문점,NNG
전주 여행,가족,NNG
전주 여행,회관,NNG
전주 여행,비빔밥,NNG
전주 여행,체험,NNG
전주 여행,비빔밥,NNG
전주 여행,전문점,NNG
전주 여행,가족,NNG
전주 여행,회관,NNG
전주 여행,비빔밥,NNG
전주 여행,체험,NNG
전주 여행,맛집,NNG
전주 여행,도시,NNG
전주 여행,비빔밥,NNG
전주 여행,체험,NNG
전주 여행,비빔밥,NNG
전주 여행,축제,NNG
전주 여행,퇴근,NNG
전주 여행,포함,NNG
전주 여행,부담,NNG
전주 여행,만족,NNG
전주 여행,사람,NNG
전주 여행,승률,NNG
전주 여행,장소,NNG
전주 여행,방문,NNG
전주 여행,진심,NNG
전주 여행,추천,NNG
전주 여행,위쪽,NNG
전주 여행,도서관,NNG
전주 여행,이색,NNG
전주 여행,프로그램,NNG
전주 여행,도서관,NNG
전주 여행,기록,NNG
전주 여행,문화,NNG
전주 여행,뿌리,NNG
전주 여행,한지,NNG
전주 여행,체험,NNG
전주 여행,다가,NNG
전주 여행,도서관,NNG
전주 여행,한옥마을,NNP
전주 여행,도서관,NNG
전주 여행,중식,NNG
전주 여행,동문,NNG
전주 여행,도서관,NNG
전주 여행,도보,NNG
전주 여행,지관,NNG
전주 여행,지체,NNG
전주 여행,알라딘,NNP
전주 여행,서재,NNP
전주 여행,예찬,NNG
전주 여행,이유,NNG
전주 여행,음식,NNG
전주 여행,가격,NNG
전주 여행,비빔밥,NNG
전주 여행,우리,NP
전주 여행,한옥,NNG
전주 여행,마을,NNG
전주 여행,근처,NNG
전주 여행,반야,NNG
전주 여행,돌솥,NNG
전주 여행,돌솥,NNG
전주 여행,간장,NNG
전주 여행,이번,NNG
전주 여행,주말,NNG
전주 여행,명물,NNG
전주 여행,덕진,NNP
전주 여행,공원,NNG
전주 여행,연꽃,NNG
전주 여행,축제,NNG
전주 여행,연꽃,NNG
전주 여행,촬영,NNG
전주 여행,코스,NNG
전주 여행,필수,NNG
전주 여행,코스,NNG
전주 여행,휴가,NNG
전주 여행,아들,NNG
전주 여행,명색,NNG
전주 여행,여름휴가,NNG
전주 여행,서울,NNP
전주 여행,엄마,NNG
전주 여행,누나,NNG
전주 여행,조카,NNG
전주 여행,누나,NNG
전주 여행,조카,NNG
전주 여행,강원도,NNP
전주 여행,한옥마을,NNP
전주 여행,전통,NNG
전주 여행,지원,NNG
전주 여행,전라북도,NNP
전주 여행,일원,NNG
전주 여행,생산,NNG
전주 여행,한지,NNG
전주 여행,이곳,NP
전주 여행,한지,NNG
전주 여행,제조업,NNG
전주 여행,입지,NNG
전주 여행,수질,NNG
전주 여행,원재료,NNG
전주 여행,지방,NNG
전주 여행,근교,NNG
전주 여행,닥나무,NNG
전주 여행,생산,NNG
전주 여행,원재료,NNG
전주 여행,한지,NNG
전주 여행,제조업,NNG
전주 여행,성황,NNG
전주 여행,먹방,NNG
전주 여행,한옥,NNG
전주 여행,마을,NNG
전주 여행,카페,NNG
전주 여행,차미,NNG
전주 여행,라미,NNG
전주 여행,맛집,NNG
전주 여행,맛집,NNG
전주 여행,먹방,NNG
전주 여행,투어,NNG
전주 여행,새우탕,NNG
전주 여행,먹방,NNG
전주 여행,투어,NNG
전주 여행,새우탕,NNG
전주 여행,지인,NNG
전주 여행,먹방,NNG
전주 여행,투어,NNG
