query,no,token,pos
경주 여행,1,동궁,NNG
경주 여행,1,월지,NNG
경주 여행,1,첨성대,NNG
경주 여행,1,야경,NNG
경주 여행,1,연꽃,NNG
경주 여행,1,단지,MAG
경주 여행,1,분황사,NNG
경주 여행,1,방문,NNG
경주 여행,1,다시,MAG
경주 여행,1,남겨,VV+EC
경주 여행,1,이웃,NNG
경주 여행,1,지내,VV
경주 여행,1,나요,EF
경주 여행,1,지난주,NNG
경주 여행,1,blog,SL
경주 여행,1,naver,SL
경주 여행,1,com,SL
경주 여행,1,예전,NNG
경주 여행,1,사진,NNG
경주 여행,1,떠나,VV
경주 여행,1,진다,VX+EC
경주 여행,2,경북,NNP
경주 여행,2,천문,NNG
경주 여행,2,기상,NNG
경주 여행,2,관측대,NNG
경주 여행,2,첨성대,NNG
경주 여행,2,일자,NNG
경주 여행,2,2016,SN
경주 여행,2,인원,NNG
경주 여행,2,친구,NNG
경주 여행,2,함께,MAG
경주 여행,2,첨성대,NNG
경주 여행,2,경북,NNP
경주 여행,2,인왕동,NNP
경주 여행,2,839,SN
경주 여행,2,전화,NNG
경주 여행,2,054,SN
경주 여행,2,779,SN
경주 여행,2,8741,SN
경주 여행,2,첨성대,NNG
경주 여행,2,관람료,NNG
경주 여행,2,무료,NNG
경주 여행,2,경북,NNP
경주 여행,2,이야기,NNG
경주 여행,2,첨성대,NNG
경주 여행,2,에서,JKB
경주 여행,2,바라본,VV+ETM
경주 여행,2,대릉원,NNG
경주 여행,2,야경,NNG
경주 여행,3,데이,NNG
경주 여행,3,택시,NNG
경주 여행,3,투어,NNG
경주 여행,3,감사,NNG
경주 여행,3,합니다,XSV+EF
경주 여행,3,구매,NNG
경주 여행,3,https,SL
경주 여행,3,smartstore,SL
경주 여행,3,naver,SL
경주 여행,3,com,SL
경주 여행,3,dptour,SL
경주 여행,3,products,SL
경주 여행,3,5981873243,SN
경주 여행,3,플레이스,NNG
경주 여행,3,데이,NNG
경주 여행,3,택시,NNG
경주 여행,3,투어,NNG
경주 여행,3,돌고래,NNG
경주 여행,3,돌핀,NNG
경주 여행,3,스토어,NNG
경주 여행,3,플레이스,NNG
경주 여행,3,데이,NNG
경주 여행,3,택시,NNG
경주 여행,3,투어,NNG
경주 여행,3,smartstore,SL
경주 여행,3,naver,SL
경주 여행,3,com,SL
경주 여행,4,야경,NNG
경주 여행,4,이쁜,VA+ETM
경주 여행,4,안압지,NNP
경주 여행,4,첨성대,NNG
경주 여행,4,16,SN
경주 여행,4,31,SN
경주 여행,4,어울린다,VV+EC
경주 여행,4,에서,JKB
경주 여행,4,빠질,VV+ETM
경주 여행,4,관광지,NNG
경주 여행,4,하나,NR
경주 여행,4,첨성대,NNG
경주 여행,4,첨성대,NNG
경주 여행,4,신라,NNP
경주 여행,4,시대,NNG
경주 여행,4,관측,NNG
경주 여행,4,최근,NNG
경주 여행,4,빼놓,VV
경주 여행,4,코스,NNG
경주 여행,4,다름,VA+ETN
경주 여행,4,아닌,VCN+ETM
경주 여행,4,야경,NNG
경주 여행,4,둘러보,VV
경주 여행,5,경북,NNP
경주 여행,5,불국사,NNG
경주 여행,5,단아,XR
경주 여행,5,정숙,XR
경주 여행,5,묻어나,VV
경주 여행,5,겹벚꽃,NNG
경주 여행,5,벚꽃,NNG
경주 여행,5,벚꽃,NNG
경주 여행,5,즐기,VV
경주 여행,5,고수,NNG
경주 여행,5,라면,VCP+EC
경주 여행,5,서둘러,VV+EC
경주 여행,5,티켓,NNG
경주 여행,5,예약,NNG
경주 여행,5,다시,MAG
경주 여행,5,들썩이,VV
경주 여행,5,지역,NNG
경주 여행,5,벚꽃,NNG
경주 여행,5,거의,MAG
경주 여행,5,떨어지,VV
경주 여행,5,불국사,NNG
경주 여행,5,겹벚꽃,NNG
경주 여행,5,으로,JKB
경주 여행,5,유명,XR
경주 여행,5,불국사,NNP
경주 여행,5,입구,NNG
경주 여행,6,세계,NNG
경주 여행,6,문화유산,NNG
경주 여행,6,양동,NNP
경주 여행,6,마을,NNG
경주 여행,6,18,SN
경주 여행,6,29,SN
경주 여행,6,시간,NNG
경주 여행,6,떠나,VV
경주 여행,6,다면,EC
경주 여행,6,조상,NNG
경주 여행,6,모습,NNG
경주 여행,6,고스란히,MAG
경주 여행,6,간직,NNG
경주 여행,6,수백,NR
경주 여행,6,숨결,NNG
경주 여행,6,양동,NNP
경주 여행,6,마을,NNG
경주 여행,6,제격,NNG
경주 여행,6,아닐까,VCN+EC
경주 여행,6,경상북도,NNP
경주 여행,6,강동면,NNP
경주 여행,6,양동,NNP
경주 여행,6,마을,NNG
경주 여행,6,138,SN
경주 여행,6,18,SN
경주 여행,6,지번,NNG
경주 여행,6,경상북도,NNP
경주 여행,6,강동면,NNP
경주 여행,7,14,SN
경주 여행,7,개월,NNBC
경주 여행,7,아기,NNG
경주 여행,7,후기,NNG
경주 여행,7,정글,NNG
경주 여행,7,법칙,NNG
경주 여행,7,미디어,NNG
경주 여행,7,파크,NNG
경주 여행,7,버드,NNP
경주 여행,7,파크,NNG
경주 여행,7,그래도,VV+EC
경주 여행,7,일정,NNG
경주 여행,7,온다면,VV+EC
경주 여행,7,다녀오,VV
경주 여행,7,버드,NNP
경주 여행,7,파크,NNG
경주 여행,7,위치,NNG
경주 여행,7,경북,NNP
경주 여행,7,보문,NNG
경주 여행,7,74,SN
경주 여행,7,14,SN
경주 여행,7,북군동,NNP
경주 여행,7,185,SN
경주 여행,7,전화,NNG
경주 여행,7,054,SN
경주 여행,7,777,SN
경주 여행,7,7200,SN
경주 여행,7,운영,NNG
경주 여행,7,시간,NNG
경주 여행,7,10,SN
경주 여행,7,00,SN
경주 여행,7,19,SN
경주 여행,7,00,SN
경주 여행,7,입장료,NNG
경주 여행,7,대인,NNG
경주 여행,7,20,SN
경주 여행,7,000,SN
경주 여행,7,소인,NNG
경주 여행,7,15,SN
경주 여행,7,000,SN
경주 여행,8,경북,NNP
경주 여행,8,하얀,VA+ETM
경주 여행,8,목련,NNG
경주 여행,8,대릉원,NNG
경주 여행,8,목련,NNG
경주 여행,8,풍경,NNG
경주 여행,8,최근,NNG
경주 여행,8,빼놓,VV
경주 여행,8,코스,NNG
경주 여행,8,다름,VA+ETN
경주 여행,8,아닌,VCN+ETM
경주 여행,8,야경,NNG
경주 여행,8,둘러보,VV
경주 여행,8,연인,NNG
경주 여행,8,함께,MAG
경주 여행,8,떠나,VV
경주 여행,8,당신,NP
경주 여행,8,위한,VV+ETM
경주 여행,8,야경,NNG
경주 여행,8,투어,NNG
경주 여행,8,코스,NNG
경주 여행,8,소개,NNG
경주 여행,8,한다,XSV+EC
경주 여행,8,준비,NNG
경주 여행,9,경북,NNP
경주 여행,9,다리,NNG
경주 여행,9,정교,NNG
경주 여행,9,18,SN
경주 여행,9,21,SN
경주 여행,9,잠시,MAG
경주 여행,9,교촌,NNG
경주 여행,9,마을,NNG
경주 여행,9,도착,NNG
경주 여행,9,행사,NNG
경주 여행,9,잠시,MAG
경주 여행,9,간다,VX+EC
경주 여행,9,최근,NNG
경주 여행,9,빼놓,VV
경주 여행,9,연인,NNG
경주 여행,9,함께,MAG
경주 여행,9,떠나,VV
경주 여행,9,당신,NP
경주 여행,9,위한,VV+ETM
경주 여행,9,야경,NNG
경주 여행,9,투어,NNG
경주 여행,9,코스,NNG
경주 여행,9,소개,NNG
경주 여행,9,한다,XSV+EC
경주 여행,9,준비,NNG
경주 여행,10,보문,NNG
경주 여행,10,단지,MAG
경주 여행,10,벚꽃,NNG
경주 여행,10,보문호,NNP
경주 여행,10,반길,VV+ETM
경주 여행,10,화사,XR
경주 여행,10,선사,NNG
경주 여행,10,17,SN
경주 여행,10,최적,NNG
경주 여행,10,지이,NNG
경주 여행,10,도로,NNG
경주 여행,10,꽃길,NNG
경주 여행,10,이른,VA+ETM
경주 여행,10,시각,NNG
경주 여행,10,와야,VV+EC
경주 여행,10,제대로,MAG
경주 여행,10,힐링,NNG
경주 여행,10,만개,NNG
경주 여행,10,아름다운,VA+ETM
경주 여행,10,경관,NNG
경주 여행,10,이루,VV
경주 여행,10,보문,NNG
경주 여행,10,단지,NNG
경주 여행,10,시가지,NNG
경주 여행,10,에서,JKB
경주 여행,10,동쪽,NNG
경주 여행,10,으로,JKB
경주 여행,10,10,SN
경주 여행,10,정도,NNG
경주 여행,10,떨어진,VV+ETM
경주 여행,10,활산,NNP
경주 여행,10,성터,NNG
경주 여행,11,설레임,VV+ETN
경주 여행,11,패밀리,NNG
경주 여행,11,일상,NNG
경주 여행,11,오늘,NNG
경주 여행,11,목적지,NNG
경주 여행,11,회사,NNG
경주 여행,11,제휴,NNG
경주 여행,11,숙소,NNG
경주 여행,11,저렴,XR
경주 여행,11,예약,NNG
경주 여행,11,나선다,VV+EC
경주 여행,11,도착,NNG
경주 여행,11,자마자,EC
경주 여행,11,고파서,VA+EC
경주 여행,11,우리,NP
경주 여행,11,가족,NNG
경주 여행,11,국수집,NNG
경주 여행,11,본다,VV+EC
경주 여행,11,와이프,NNG
경주 여행,11,검색,NNG
경주 여행,11,해서,XSV+EC
경주 여행,11,찾아간,VV+ETM
경주 여행,11,갈비,NNG
경주 여행,11,국수,NNG
경주 여행,12,에서,JKB
경주 여행,12,사람,NNG
경주 여행,12,지나치,VV
경주 여행,12,몇몇,MM
경주 여행,12,지인,NNG
경주 여행,12,경험,NNG
경주 여행,12,생각,NNG
경주 여행,12,에서,JKB
경주 여행,12,주목,NNG
경주 여행,12,장소,NNG
경주 여행,12,정리,NNG
경주 여행,12,고즈넉,XR
경주 여행,12,산사,NNG
경주 여행,12,옥천사,NNG
경주 여행,12,수학,NNG
경주 여행,12,성지,NNG
경주 여행,12,역사,NNG
경주 여행,12,탐방,NNG
경주 여행,12,중심지,NNG
경주 여행,12,알려져,VV+EC+VX+EC
경주 여행,12,지만,EC
경주 여행,12,주변,NNG
경주 여행,12,으로,JKB
경주 여행,13,울산,NNP
경주 여행,13,Part,SL
경주 여행,13,동궁,NNG
경주 여행,13,월지,NNG
경주 여행,13,누리,NNG
경주 여행,13,정원,NNG
경주 여행,13,성호,NNG
경주 여행,13,리조트,NNG
경주 여행,13,장생포,NNG
경주 여행,13,고래,NNG
경주 여행,13,문화,NNG
경주 여행,13,특구,NNP
경주 여행,13,라는,VCP+ETM
경주 여행,13,이름,NNG
경주 여행,13,으로,JKB
경주 여행,13,고래,NNG
경주 여행,13,주제,NNG
경주 여행,13,다채,XR
경주 여행,13,로운,XSA+ETM
경주 여행,13,관광지,NNG
경주 여행,13,형성,NNG
경주 여행,13,는데,EC
경주 여행,13,사실,MAG
경주 여행,13,고래,MAG
경주 여행,13,박물관,NNG
경주 여행,13,이나,JC
경주 여행,13,생태,NNG
경주 여행,13,jinstistory,SL
경주 여행,13,tistory,SL
경주 여행,13,com,SL
경주 여행,13,2023,SN
경주 여행,13,08,SN
경주 여행,13,16,SN
경주 여행,13,국내,NNG
경주 여행,13,울산,NNP
경주 여행,13,Part,SL
경주 여행,14,루비,NNG
경주 여행,14,정원,NNG
경주 여행,14,연휴,NNG
경주 여행,14,에서,JKB
경주 여행,14,시작,NNG
경주 여행,14,세요,EP+EF
경주 여행,14,신청,NNG
경주 여행,14,센터,NNG
경주 여행,14,광활,XR
경주 여행,14,부지,NNG
경주 여행,14,자리,NNG
경주 여행,14,역사,NNG
경주 여행,14,마당,NNG
경주 여행,14,엄청나,VA
경주 여행,14,너른,VA+ETM
경주 여행,14,연휴,NNG
경주 여행,14,계획,NNG
경주 여행,14,계신,VX+ETM
경주 여행,14,KTX,SL
경주 여행,14,이용,NNG
경주 여행,14,어떠,XR
경주 여행,14,신지,JKS+EP+EC
경주 여행,14,Copyright,SL
경주 여행,14,2011,SN
경주 여행,14,루비,NNG
경주 여행,14,All,SL
경주 여행,14,pictures,SL
경주 여행,15,출장,NNG
경주 여행,15,깨끗,XR
경주 여행,15,조식,NNG
경주 여행,15,제공,NNG
경주 여행,15,에이치,NNG
경주 여행,15,비뉴,NNG
경주 여행,15,호텔,NNG
경주 여행,15,불국사,NNP
경주 여행,15,까지,JX
경주 여행,15,도보,NNG
경주 여행,15,15,SN
경주 여행,15,거리,NNG
경주 여행,15,어서,EC
경주 여행,15,피로,NNG
경주 여행,15,조금,NNG
경주 여행,15,이나마,JX
경주 여행,15,습니다,EF
경주 여행,15,아침,NNG
경주 여행,15,일찍,MAG
경주 여행,15,불국사,NNG
경주 여행,15,방문,NNG
경주 여행,15,한적,XR
경주 여행,15,고요,NNG
경주 여행,15,분위기,NNG
경주 여행,15,에서,JKB
경주 여행,15,산책,NNG
경주 여행,15,즐기,VV
경주 여행,15,최적,NNG
경주 여행,15,위치,NNG
경주 여행,15,습니다,EF
경주 여행,15,스테이,NNG
경주 여행,16,알라딘,NNP
경주 여행,16,100,SN
경주 여행,16,자평,NNG
경주 여행,16,일상,NNG
경주 여행,16,고고학,NNG
경주 여행,16,혼자,MAG
경주 여행,16,일상,NNG
경주 여행,16,고고학,NNG
경주 여행,16,혼자,MAG
경주 여행,16,개정,NNG
경주 여행,16,증보판,NNG
경주 여행,16,일상,NNG
경주 여행,16,고고학,NNG
경주 여행,16,시리즈,NNG
경주 여행,16,황윤,NNG
경주 여행,16,지음,NNG
경주 여행,16,고양이,NNG
경주 여행,16,2020,SN
경주 여행,16,10,SN
경주 여행,16,평점,NNG
경주 여행,16,역사,NNG
경주 여행,16,사랑,NNG
경주 여행,16,사람,NNG
경주 여행,16,으로,JKB
경주 여행,16,바라본,VV+ETM
경주 여행,16,만큼,NNB
경주 여행,16,보이,VV
경주 여행,16,사랑,NNG
경주 여행,17,20200727,SN
경주 여행,17,08,SN
경주 여행,17,02,SN
경주 여행,17,20200728,SN
경주 여행,17,2020,SN
경주 여행,17,08,SN
경주 여행,17,02,SN
경주 여행,17,20200727,SN
경주 여행,17,2020,SN
경주 여행,17,08,SN
경주 여행,17,02,SN
경주 여행,17,평화,NNG
경주 여행,17,2020,SN
경주 여행,17,07,SN
경주 여행,17,13,SN
경주 여행,17,강릉,NNP
경주 여행,17,서나,NNG
경주 여행,17,2020,SN
경주 여행,17,07,SN
경주 여행,17,08,SN
경주 여행,17,강릉,NNP
경주 여행,17,2020,SN
경주 여행,17,07,SN
경주 여행,17,08,SN
경주 여행,18,한옥,NNG
경주 여행,18,숙소,NNG
경주 여행,18,소설,NNG
경주 여행,18,첨성,NNG
경주 여행,18,대점,NNG
경주 여행,18,비향,NNP
경주 여행,18,15,SN
경주 여행,18,한옥,NNG
경주 여행,18,숙소,NNG
경주 여행,18,이름,NNG
경주 여행,18,특이,XR
경주 여행,18,소설,NNG
경주 여행,18,첨성,NNG
경주 여행,18,대점,NNG
경주 여행,18,첨성대,NNG
경주 여행,18,진짜,MAG
경주 여행,18,가까워서,VA+EC
경주 여행,18,첨성,NNG
경주 여행,18,대점,NNG
경주 여행,18,이쁘,VA
경주 여행,18,이쁜,VA+ETM
경주 여행,18,한옥,NNG
경주 여행,18,소설,NNG
경주 여행,18,너무너무,MAG
경주 여행,18,너무,MAG
경주 여행,18,인기,NNG
경주 여행,18,라서,EC
경주 여행,18,주말,NNG
경주 여행,18,으려면,EC
경주 여행,19,알라딘,NNP
경주 여행,19,황금,NNG
경주 여행,19,호두,NNG
경주 여행,19,열리,VV
경주 여행,19,무웅,NNP
경주 여행,19,함께,MAG
경주 여행,19,떠나,VV
경주 여행,19,코스,NNG
경주 여행,19,인데,VCP+EC
경주 여행,19,새로운,VA+ETM
경주 여행,19,느낌,NNG
경주 여행,19,자꾸,MAG
경주 여행,19,새로운,VA+ETM
경주 여행,19,느낌,NNG
경주 여행,19,빠져,VV+EC
경주 여행,19,는데,EC
경주 여행,19,신라,NNP
경주 여행,19,에서,JKB
경주 여행,19,아이,NNG
경주 여행,19,함께,MAG
경주 여행,19,새롭,VA
경주 여행,19,다가왔,VV+EP
경주 여행,19,한참,MAG
경주 여행,19,티비,NNG
경주 여행,19,에서,JKB
경주 여행,20,까지,JX
경주 여행,20,이동은,NNP
경주 여행,20,기차,NNG
경주 여행,20,에서,JKB
경주 여행,20,자전거,NNG
경주 여행,20,도보,NNG
경주 여행,20,버스,NNG
경주 여행,20,투어,NNG
경주 여행,20,모두,MAG
경주 여행,20,가능,NNG
경주 여행,20,코스,NNG
경주 여행,20,시내,NNG
경주 여행,20,천마총,NNG
경주 여행,20,왕릉,NNG
경주 여행,20,첨성대,NNG
경주 여행,20,계림,NNG
경주 여행,20,포석정,NNP
경주 여행,20,안압지,NNP
경주 여행,21,알라딘,NNP
경주 여행,21,100,SN
경주 여행,21,자평,NNG
경주 여행,21,일상,NNG
경주 여행,21,고고학,NNG
경주 여행,21,혼자,MAG
경주 여행,21,일상,NNG
경주 여행,21,고고학,NNG
경주 여행,21,혼자,MAG
경주 여행,21,개정,NNG
경주 여행,21,증보판,NNG
경주 여행,21,일상,NNG
경주 여행,21,고고학,NNG
경주 여행,21,시리즈,NNG
경주 여행,21,황윤,NNG
경주 여행,21,지음,NNG
경주 여행,21,고양이,NNG
경주 여행,21,한참,MAG
경주 여행,21,는데,EC
경주 여행,21,오랜만,NNG
경주 여행,21,저자,NNG
경주 여행,21,함께,MAG
경주 여행,21,걸으며,VV+EC
경주 여행,21,역사,NNG
경주 여행,21,느낌,NNG
경주 여행,21,네요,EC
경주 여행,22,감포,NNP
경주 여행,22,대말,NNG
경주 여행,22,체험,NNG
경주 여행,22,전시관,NNG
경주 여행,22,위치,NNG
경주 여행,22,경북,NNP
경주 여행,22,척사,NNG
경주 여행,22,18,SN
경주 여행,22,94,SN
경주 여행,22,운영,NNG
경주 여행,22,시간,NNG
경주 여행,22,09,SN
경주 여행,22,00,SN
경주 여행,22,18,SN
경주 여행,22,00,SN
경주 여행,22,연중무휴,NNG
경주 여행,22,대표,NNG
경주 여행,22,전화,NNG
경주 여행,22,054,SN
경주 여행,22,744,SN
경주 여행,22,3233,SN
경주 여행,22,입장료,NNG
경주 여행,22,무료,NNG
경주 여행,22,대말,NNG
경주 여행,22,체험,NNG
경주 여행,22,아이,NNG
경주 여행,22,함께,MAG
경주 여행,22,점심,NNG
경주 여행,22,시간,NNG
경주 여행,22,12,SN
경주 여행,22,00,SN
경주 여행,22,13,SN
경주 여행,22,00,SN
경주 여행,22,운영,NNG
경주 여행,23,코스,NNG
경주 여행,23,읍천항,NNP
경주 여행,23,주상,NNG
경주 여행,23,절리,NNG
경주 여행,23,파도,NNG
경주 여행,23,소리,NNG
경주 여행,23,주상,NNG
경주 여행,23,절리,NNG
경주 여행,23,제주도,NNP
경주 여행,23,만큼,JKB
경주 여행,23,이나,JX
경주 여행,23,이쁜,VA+ETM
경주 여행,23,게다가,MAG
경주 여행,23,조용,XR
경주 여행,23,읍천항,NNP
경주 여행,23,코스,NNG
경주 여행,23,읍천항,NNP
경주 여행,23,자리,NNG
경주 여행,23,주상,NNG
경주 여행,23,절리,NNG
경주 여행,23,파도,NNG
경주 여행,23,소리,NNG
경주 여행,23,주차장,NNG
경주 여행,23,갖추,VV
경주 여행,23,따라,VV+EC
경주 여행,23,등대,NNG
경주 여행,23,까지,JX
경주 여행,24,교리,NNG
경주 여행,24,김밥,NNG
경주 여행,24,맛집,NNG
경주 여행,24,면서,EC
경주 여행,24,들린,VV+ETM
경주 여행,24,김밥,NNG
경주 여행,24,남산,NNG
경주 여행,24,등산,NNG
경주 여행,24,포함,NNG
경주 여행,24,해서,XSV+EC
경주 여행,24,당일,NNG
경주 여행,24,계획,NNG
경주 여행,24,다녀왔,VV+EP
경주 여행,24,습니다,EF
경주 여행,24,코스,NNG
경주 여행,24,에선,JKB+JX
경주 여행,24,여하튼,MAJ
경주 여행,24,처럼,JKB
경주 여행,24,정도,NNG
경주 여행,24,라는,ETM
경주 여행,24,생각,NNG
경주 여행,24,네요,EF
경주 여행,24,특히나,MAG
경주 여행,24,남산,NNG
경주 여행,25,놀부,NNG
경주 여행,25,보쌈,NNG
경주 여행,25,황오,NNP
경주 여행,25,배달,NNG
경주 여행,25,후기,NNG
경주 여행,25,숙소,NNG
경주 여행,25,황남,NNG
경주 여행,25,머물,VV
경주 여행,25,어요,EF
경주 여행,25,저녁,NNG
경주 여행,25,아이,NNG
경주 여행,25,지치,VV
경주 여행,25,배민,NNG
경주 여행,25,놀부,NNG
경주 여행,25,보쌈,NNG
경주 여행,25,검색,NNG
경주 여행,25,황오,NNP
경주 여행,25,에서,JKB
경주 여행,25,배달,NNG
경주 여행,25,가능,NNG
경주 여행,25,다고,EC
경주 여행,25,나오,VV
경주 여행,25,네요,EF
경주 여행,25,저희,NP
경주 여행,25,황남,NNG
경주 여행,25,머물,VV
경주 여행,25,때문,NNB
경주 여행,26,안녕,IC
경주 여행,26,2014,SN
경주 여행,26,2014,SN
경주 여행,26,그냥,MAG
경주 여행,26,보내,VV
경주 여행,26,아쉬워서,VA+EC
경주 여행,26,기차,NNG
경주 여행,26,떠났,VV+EP
경주 여행,26,일전,NNG
경주 여행,26,크리스마스,NNG
경주 여행,26,오늘,NNG
경주 여행,26,안녕,NNG
경주 여행,26,2014,SN
경주 여행,26,이번,NNG
경주 여행,26,럭셔리,XR
경주 여행,26,컨셉,NNG
경주 여행,26,으로,JKB
경주 여행,26,호텔,NNG
경주 여행,26,에서,JKB
경주 여행,27,알라딘,NNP
경주 여행,27,서재,NNP
경주 여행,27,이야기,NNG
경주 여행,27,일상,NNG
경주 여행,27,고고학,NNG
경주 여행,27,혼자,MAG
경주 여행,27,무대,NNG
경주 여행,27,에세이,NNG
경주 여행,27,만날,VV+ETM
경주 여행,27,으로,JKB
경주 여행,27,에서,JKB
경주 여행,27,유명,XR
경주 여행,27,문화재,NNG
경주 여행,27,대한,VV+ETM
경주 여행,27,사전,NNG
경주 여행,27,지식,NNG
경주 여행,27,줄줄,MAG
경주 여행,27,얼마,NNG
경주 여행,27,든지,VCP+EC
경주 여행,27,재미있,VA
경주 여행,27,의미,NNG
경주 여행,28,알라딘,NNP
경주 여행,28,100,SN
경주 여행,28,자평,NNG
경주 여행,28,일상,NNG
경주 여행,28,고고학,NNG
경주 여행,28,혼자,MAG
경주 여행,28,일상,NNG
경주 여행,28,고고학,NNG
경주 여행,28,혼자,MAG
경주 여행,28,개정,NNG
경주 여행,28,증보판,NNG
경주 여행,28,일상,NNG
경주 여행,28,고고학,NNG
경주 여행,28,시리즈,NNG
경주 여행,28,황윤,NNG
경주 여행,28,지음,NNG
경주 여행,28,고양이,NNG
경주 여행,28,대한,VV+ETM
경주 여행,28,깊이,MAG
경주 여행,28,이야기,NNG
경주 여행,28,호기심,NNG
경주 여행,28,해줍니다,XSV+EC+VX+EF
경주 여행,28,100,SN
경주 여행,28,다니,EC
경주 여행,28,정말,MAG
경주 여행,28,대단,XR
경주 여행,28,습니다,EF
경주 여행,29,알라딘,NNP
경주 여행,29,100,SN
경주 여행,29,자평,NNG
경주 여행,29,일상,NNG
경주 여행,29,고고학,NNG
경주 여행,29,혼자,MAG
경주 여행,29,일상,NNG
경주 여행,29,고고학,NNG
경주 여행,29,혼자,MAG
경주 여행,29,개정,NNG
경주 여행,29,증보판,NNG
경주 여행,29,일상,NNG
경주 여행,29,고고학,NNG
경주 여행,29,시리즈,NNG
경주 여행,29,황윤,NNG
경주 여행,29,지음,NNG
경주 여행,29,고양이,NNG
경주 여행,29,2020,SN
경주 여행,29,10,SN
경주 여행,29,평점,NNG
경주 여행,29,신라,NNP
경주 여행,29,마니아,NNG
경주 여행,29,로부터,JKB
경주 여행,29,기라,NNG
경주 여행,29,관심,NNG
경주 여행,29,가요,NNG
경주 여행,29,고고학,NNG
경주 여행,29,관점,NNG
경주 여행,29,으로,JKB
경주 여행,30,석빙고,NNG
경주 여행,30,색다른,VA+ETM
경주 여행,30,볼거리,NNG
경주 여행,30,근처,NNG
경주 여행,30,안압,NNG
경주 여행,30,색다른,VA+ETM
경주 여행,30,볼거리,NNG
경주 여행,30,석빙고,NNG
경주 여행,30,이번,NNG
경주 여행,30,에서,JKB
경주 여행,30,다녀온,VV+ETM
경주 여행,30,석빙고,NNG
경주 여행,30,입니다,VCP+EF
경주 여행,30,석빙고,NNG
경주 여행,30,영조,NNG
경주 여행,30,만들,VV
경주 여행,30,일종,NNG
경주 여행,30,얼음,NNG
경주 여행,30,창고,NNG
경주 여행,30,근처,NNG
경주 여행,30,첨성대,NNG
경주 여행,30,비롯,XR
경주 여행,30,몰려,VV+EC
경주 여행,30,어서,EC
경주 여행,30,함께,MAG
경주 여행,31,가본,NNG
경주 여행,31,동궁,NNG
경주 여행,31,예쁜,VA+ETM
경주 여행,31,만나,VV
경주 여행,31,커피,NNG
경주 여행,31,열매,NNG
경주 여행,31,으면서,EC
경주 여행,31,노천온천,NNP
경주 여행,31,행복,NNG
경주 여행,32,황리,NNG
경주 여행,32,보문,NNG
경주 여행,32,단지,MAG
경주 여행,32,왕릉,NNG
경주 여행,32,탐방,NNG
경주 여행,32,데이트,NNG
경주 여행,32,코스,NNG
경주 여행,32,https,SL
경주 여행,32,youtu,SL
경주 여행,32,be,SL
경주 여행,32,nZzijKooIk,SL
경주 여행,32,황리,NNG
경주 여행,32,예쁘,VA
경주 여행,32,마음,NNG
경주 여행,32,낭만,NNG
경주 여행,32,으로,JKB
경주 여행,32,차오르,VV
경주 여행,32,경상도,NNP
경주 여행,32,에서,JKB
경주 여행,32,흔치,VA+EC
경주 여행,32,거리,NNG
경주 여행,32,바로,MAG
경주 여행,32,유적지,NNG
경주 여행,32,오래,MAG
경주 여행,32,한옥,NNG
경주 여행,32,고도,NNG
경주 여행,32,사뭇,MAG
경주 여행,32,어울리,VV
경주 여행,32,면서도,EC
경주 여행,33,밀면,NNP
경주 여행,33,에서,JKB
경주 여행,33,맛보,VV
경주 여행,33,가격,NNG
경주 여행,33,착해,VA+EC
경주 여행,33,5000,SN
경주 여행,33,비빔,NNG
경주 여행,33,물밀,VV
경주 여행,33,5000,SN
경주 여행,33,떡갈비,NNG
경주 여행,33,2000,SN
경주 여행,33,12,SN
경주 여행,33,000,SN
경주 여행,33,밥상,NNG
경주 여행,33,그리고,MAJ
경주 여행,33,뜨거운,VA+ETM
경주 여행,33,육수,NNG
경주 여행,33,까지,JX
경주 여행,33,평가,NNG
경주 여행,33,입맛,NNG
경주 여행,33,따라,VV+EC
경주 여행,33,취향,NNG
경주 여행,33,따루,MAG
경주 여행,33,따루,MAG
경주 여행,34,엑스,NNG
경주 여행,34,포대,NNG
경주 여행,34,공원,NNG
경주 여행,34,2025,SN
경주 여행,34,08,SN
경주 여행,34,16,SN
경주 여행,34,푸른,VA+ETM
경주 여행,34,애벌레,NNG
경주 여행,34,둘째,NR
경주 여행,34,보문호,NNP
경주 여행,34,주변,NNG
경주 여행,34,10,SN
경주 여행,34,엑스,NNG
경주 여행,34,포대,NNG
경주 여행,34,공원,NNG
경주 여행,34,입장,NNG
경주 여행,34,엑스포,NNG
경주 여행,34,기념관,NNG
경주 여행,34,천마,NNG
경주 여행,34,궁전,NNG
경주 여행,34,타워,NNG
경주 여행,34,솔거,NNG
경주 여행,34,미술관,NNG
경주 여행,34,자연사,NNG
경주 여행,34,박물관,NNG
경주 여행,35,2020,SN
경주 여행,35,동방역,NNP
경주 여행,35,능소화,NNG
경주 여행,35,서출지,NNG
경주 여행,35,경북,NNP
경주 여행,35,산림,NNG
경주 여행,35,연구원,NNG
경주 여행,35,2020,SN
경주 여행,35,25,SN
경주 여행,35,동방역,NNP
경주 여행,35,능소화,NNG
경주 여행,35,서출지,NNG
경주 여행,35,경북,NNP
경주 여행,35,산림,NNG
경주 여행,35,연구원,NNG
경주 여행,36,모녀,NNG
경주 여행,36,함께,MAG
경주 여행,36,바보,NNG
경주 여행,36,블로그,NNG
경주 여행,36,모녀,NNG
경주 여행,36,함께,MAG
경주 여행,36,2019,SN
경주 여행,36,10,SN
경주 여행,36,15,SN
경주 여행,36,첨성대,NNG
경주 여행,36,야생,NNG
경주 여행,36,단지,MAG
경주 여행,36,계림,NNG
경주 여행,36,월지,NNG
경주 여행,36,안압지,NNP
경주 여행,36,계림,NNP
경주 여행,36,월지,NNP
경주 여행,36,안압지,NNP
경주 여행,36,야경,NNG
경주 여행,36,박물관,NNG
경주 여행,36,10,SN
경주 여행,36,16,SN
경주 여행,36,김유신,NNP
경주 여행,36,장군,NNG
경주 여행,37,석굴암,NNG
경주 여행,37,2018,SN
경주 여행,37,10,SN
경주 여행,38,알라딘,NNP
경주 여행,38,100,SN
경주 여행,38,자평,NNG
경주 여행,38,일상,NNG
경주 여행,38,고고학,NNG
경주 여행,38,혼자,MAG
경주 여행,38,일상,NNG
경주 여행,38,고고학,NNG
경주 여행,38,혼자,MAG
경주 여행,38,개정,NNG
경주 여행,38,증보판,NNG
경주 여행,38,일상,NNG
경주 여행,38,고고학,NNG
경주 여행,38,시리즈,NNG
경주 여행,38,황윤,NNG
경주 여행,38,지음,NNG
경주 여행,38,고양이,NNG
경주 여행,38,2020,SN
경주 여행,38,10,SN
경주 여행,38,평점,NNG
경주 여행,38,삼국,NNG
경주 여행,38,시대,NNG
경주 여행,38,관한,VV+ETM
경주 여행,38,거의,MAG
경주 여행,38,모든,MM
경주 여행,38,자료,NNG
경주 여행,38,섭렵,NNG
경주 여행,38,소장,NNG
경주 여행,38,역사,NNG
경주 여행,38,학자,NNG
경주 여행,38,순수,NNG
경주 여행,38,시각,NNG
경주 여행,38,생생,XR
경주 여행,39,알라딘,NNP
경주 여행,39,일상,NNG
경주 여행,39,고고학,NNG
경주 여행,39,혼자,MAG
경주 여행,39,일상,NNG
경주 여행,39,고고학,NNG
경주 여행,39,혼자,MAG
경주 여행,39,개정,NNG
경주 여행,39,증보판,NNG
경주 여행,39,일상,NNG
경주 여행,39,고고학,NNG
경주 여행,39,시리즈,NNG
경주 여행,39,황윤,NNG
경주 여행,39,지음,NNG
경주 여행,39,고양이,NNG
경주 여행,39,2020,SN
경주 여행,39,10,SN
경주 여행,39,평점,NNG
경주 여행,39,수학,NNG
경주 여행,39,으로,JKB
경주 여행,39,추억,NNG
경주 여행,39,다시,MAG
경주 여행,39,한번,MAG
경주 여행,39,역사,NNG
경주 여행,39,그렇,VA
경주 여행,39,수록,EC
경주 여행,40,경비,NNG
경주 여행,40,혼자,NNG
경주 여행,40,떠난,VV+ETM
경주 여행,40,이동,NNG
경주 여행,40,수단,NNG
경주 여행,40,시외버스,NNG
경주 여행,40,버스,NNG
경주 여행,40,택시,NNG
경주 여행,40,시티투어,NNP
경주 여행,40,버스,NNG
경주 여행,40,Total,SL
경주 여행,40,13,SN
경주 여행,40,140,SN
경주 여행,40,기타,NNG
경주 여행,40,생필품,NNG
경주 여행,40,샴푸,NNG
경주 여행,40,린스,NNG
경주 여행,40,바디,NNG
경주 여행,40,워시,NNP
경주 여행,40,버블,NNG
경주 여행,40,490,SN
경주 여행,40,Total,SL
경주 여행,40,경비,NNG
경주 여행,40,148,SN
경주 여행,40,080,SN
경주 여행,41,경북,NNP
경주 여행,41,현대,NNG
경주 여행,41,호텔,NNG
경주 여행,41,현대,NNP
경주 여행,41,호텔,NNG
경주 여행,41,현대,NNG
경주 여행,41,호텔,NNG
경주 여행,41,보문,NNP
경주 여행,41,수상,NNG
경주 여행,41,공연장,NNG
경주 여행,41,보문관광단지,NNP
경주 여행,41,보문호,NNP
경주 여행,41,반길,VV+ETM
경주 여행,41,신라,NNP
경주 여행,41,컨트리클럽,NNG
경주 여행,41,숙박,NNG
경주 여행,41,현대,NNG
경주 여행,41,호텔,NNG
경주 여행,41,방문,NNG
경주 여행,41,일자,NNG
경주 여행,41,2016,SN
경주 여행,41,현대,NNG
경주 여행,41,호텔,NNG
경주 여행,41,경북,NNP
경주 여행,41,신평동,NNP
경주 여행,42,석굴암,NNG
경주 여행,42,불국사,NNG
경주 여행,42,09,SN
경주 여행,42,43,SN
경주 여행,42,석굴암,NNG
경주 여행,42,불국사,NNG
경주 여행,42,일시,NNG
경주 여행,42,2011,SN
경주 여행,42,22,SN
경주 여행,42,24,SN
경주 여행,42,장소,NNG
경주 여행,42,세째,NR
경주 여행,42,24,SN
경주 여행,42,석굴암,NNG
경주 여행,42,불국사,NNG
경주 여행,42,참여,NNG
경주 여행,42,우리,NP
경주 여행,42,가족,NNG
경주 여행,42,송국영,NNP
경주 여행,42,안종,NNP
경주 여행,42,송진주,NNP
경주 여행,42,김홍식,NNP
경주 여행,42,김연우,NNP
경주 여행,42,연주,NNP
경주 여행,42,조광민,NNP
경주 여행,43,대릉원,NNG
경주 여행,43,스탬프,NNG
경주 여행,43,투어,NNG
경주 여행,43,다섯,NR
경주 여행,43,이야기,NNG
경주 여행,43,대릉원,NNG
경주 여행,43,천마,NNG
경주 여행,43,경북,NNP
경주 여행,43,스탬프,NNG
경주 여행,43,투어,NNG
경주 여행,43,오릉,NNG
경주 여행,43,대릉원,NNG
경주 여행,43,천마총,NNG
경주 여행,43,오릉,NNG
경주 여행,43,교촌,NNG
경주 여행,43,마을,NNG
경주 여행,43,투어,NNG
경주 여행,43,마치,VV
경주 여행,43,다음,NNG
경주 여행,43,으로,JKB
경주 여행,43,찾아간,VV+ETM
경주 여행,43,바로,MAG
경주 여행,43,오릉,NNG
경주 여행,43,교촌,NNG
경주 여행,43,마을,NNG
경주 여행,43,면서,EC
경주 여행,43,조금,MAG
경주 여행,43,지치,VV
경주 여행,43,느낌,NNG
경주 여행,43,는데,EC
경주 여행,44,유적지,NNG
경주 여행,44,트레,NNP
경주 여행,44,대상지,NNG
경주 여행,44,유적지,NNG
경주 여행,44,트레,NNP
경주 여행,44,소재지,NNG
경주 여행,44,경북,NNP
경주 여행,44,2023,SN
경주 여행,44,10,SN
경주 여행,44,동궁,NNG
경주 여행,44,월지,NNG
경주 여행,44,반월,NNG
경주 여행,44,교촌,NNG
경주 여행,44,대릉원,NNG
경주 여행,44,44,SN
경주 여행,44,고분,NNG
경주 여행,44,분황사,NNG
경주 여행,44,황룡사,NNG
경주 여행,44,역사,NNG
경주 여행,44,문화원,NNG
경주 여행,44,동궁,NNG
경주 여행,44,월지,NNG
경주 여행,44,주차장,NNG
경주 여행,44,Km,SL
경주 여행,44,반월,NNG
경주 여행,44,에서,JKB
경주 여행,45,동궁,NNG
경주 여행,45,월지,NNG
경주 여행,45,안압지,NNP
경주 여행,45,야경,NNG
경주 여행,45,해외,NNG
경주 여행,45,이야기,NNG
경주 여행,45,후기,NNG
경주 여행,45,동궁,NNG
경주 여행,45,월지,NNG
경주 여행,45,안압지,NNP
경주 여행,45,야경,NNG
경주 여행,45,훌리아,NNP
경주 여행,45,2020,SN
경주 여행,45,25,SN
경주 여행,45,15,SN
경주 여행,45,17,SN
경주 여행,45,2019,SN
경주 여행,45,여름,NNG
경주 여행,45,사진,NNG
경주 여행,45,보관,NNG
경주 여행,45,구독,NNG
경주 여행,45,해외,NNG
경주 여행,45,이야기,NNG
경주 여행,45,후기,NNG
경주 여행,45,Related,SL
경주 여행,45,Articles,SL
경주 여행,46,이야기,NNG
경주 여행,46,계명,NNG
경주 여행,46,대학교,NNG
경주 여행,46,동산,NNG
경주 여행,46,병원,NNG
경주 여행,46,라고,EC
경주 여행,46,일자,NNG
경주 여행,46,2016,SN
경주 여행,46,인원,NNG
경주 여행,46,친구,NNG
경주 여행,46,함께,MAG
경주 여행,46,시외버스,NNG
경주 여행,46,터미널,NNG
경주 여행,46,경북,NNP
경주 여행,46,노서동,NNP
경주 여행,46,160,SN
경주 여행,46,전화,NNG
경주 여행,46,1666,SN
경주 여행,46,5599,SN
경주 여행,46,시외버스,NNG
경주 여행,46,터미널,NNG
경주 여행,47,2020,SN
경주 여행,47,06,SN
경주 여행,47,13,SN
경주 여행,47,14,SN
경주 여행,47,일요일,NNG
경주 여행,47,오전,NNG
경주 여행,47,오후,NNG
경주 여행,47,에서,JKB
경주 여행,47,고향,NNG
경주 여행,47,친구,NNG
경주 여행,47,함께,MAG
경주 여행,47,신라,NNP
경주 여행,47,대종,NNG
경주 여행,47,장맛비,NNG
경주 여행,47,시작,NNG
경주 여행,47,육월,NNP
경주 여행,47,중순,NNG
경주 여행,47,고향,NNG
경주 여행,47,친구,NNG
경주 여행,47,함께,MAG
경주 여행,47,에서,JKB
경주 여행,47,즐거운,VA+ETM
경주 여행,47,대릉원,NNG
경주 여행,47,돌담길,NNP
경주 여행,47,황리,NNG
경주 여행,48,알라딘,NNP
경주 여행,48,100,SN
경주 여행,48,자평,NNG
경주 여행,48,일상,NNG
경주 여행,48,고고학,NNG
경주 여행,48,혼자,MAG
경주 여행,48,일상,NNG
경주 여행,48,고고학,NNG
경주 여행,48,혼자,MAG
경주 여행,48,개정,NNG
경주 여행,48,증보판,NNG
경주 여행,48,일상,NNG
경주 여행,48,고고학,NNG
경주 여행,48,시리즈,NNG
경주 여행,48,황윤,NNG
경주 여행,48,지음,NNG
경주 여행,48,고양이,NNG
경주 여행,48,재미있,VA
경주 여행,48,길잡이,NNG
경주 여행,48,입니다,VCP+EF
경주 여행,48,풍부,XR
경주 여행,48,이해,NNG
경주 여행,49,코스,NNG
경주 여행,49,베스트,NNG
경주 여행,49,추천,NNG
경주 여행,49,top,SL
경주 여행,49,10,SN
경주 여행,49,코스,NNG
경주 여행,49,베스트,NNG
경주 여행,49,추천,NNG
경주 여행,49,top,SL
경주 여행,49,10,SN
경주 여행,49,코스,NNG
경주 여행,49,베스트,NNG
경주 여행,49,추천,NNG
경주 여행,49,top,SL
경주 여행,49,10,SN
경주 여행,49,소개,NNG
경주 여행,49,합니다,XSV+EC
경주 여행,49,황리,NNG
경주 여행,49,상호,NNG
경주 여행,49,황리,NNG
경주 여행,49,주소,NNG
경주 여행,49,경상북도,NNP
경주 여행,49,황남동,NNP
경주 여행,49,280,SN
경주 여행,49,전화,NNG
경주 여행,49,번호,NNG
경주 여행,49,입력,NNG
경주 여행,49,관련,NNG
경주 여행,49,키워드,NNP
경주 여행,49,키워드,NNP
경주 여행,50,코스,NNG
경주 여행,50,뚜벅,MAG
경주 여행,50,불국사,NNP
경주 여행,50,석굴암,NNG
경주 여행,50,중교,NNG
경주 여행,50,naver,SL
경주 여행,50,com,SL
경주 여행,50,loveartlove,SL
경주 여행,50,223054447834,SN
경주 여행,50,다시,MAG
경주 여행,50,서울,NNP
경주 여행,50,올라갈,VV+ETM
경주 여행,50,불국사,NNP
경주 여행,50,불국사,NNP
경주 여행,50,국보,NNG
경주 여행,50,다보탑,NNG
경주 여행,50,석가탑,NNG
경주 여행,50,석굴암,NNG
경주 여행,50,입장료,NNG
경주 여행,51,불국사,NNG
경주 여행,51,스탬프,NNG
경주 여행,51,투어,NNG
경주 여행,51,이야기,NNG
경주 여행,51,불국사,NNP
경주 여행,51,석굴암,NNG
경주 여행,51,경북,NNP
경주 여행,51,스탬프,NNG
경주 여행,51,투어,NNG
경주 여행,51,가을,NNG
경주 여행,51,불국사,NNG
경주 여행,51,석굴암,NNG
경주 여행,51,동리,NNG
경주 여행,51,문학관,NNG
경주 여행,51,구경,NNG
경주 여행,51,마치,VV
경주 여행,51,다음,NNG
경주 여행,51,으로,JKB
경주 여행,51,장소,NNG
경주 여행,51,핵심,NNG
경주 여행,51,메카,NNP
경주 여행,51,바로,MAG
경주 여행,51,불국사,NNP
경주 여행,51,석굴암,NNG
경주 여행,52,황리,NNG
경주 여행,52,한옥,NNG
경주 여행,52,카페,NNG
경주 여행,52,추천,NNG
경주 여행,52,카페,NNP
경주 여행,52,아덴,NNP
경주 여행,52,카페,NNP
경주 여행,52,아덴,NNP
경주 여행,52,위치,NNG
경주 여행,52,경북,NNP
경주 여행,52,사정,NNG
경주 여행,52,57,SN
경주 여행,52,운영,NNG
경주 여행,52,시간,NNG
경주 여행,52,매일,MAG
경주 여행,52,10,SN
경주 여행,52,와서,VV+EC
경주 여행,52,으로,JKB
경주 여행,52,채울,VV+ETM
경주 여행,52,어서,EC
경주 여행,52,어요,EF
경주 여행,52,실시간,NNG
경주 여행,52,예보,NNG
경주 여행,52,너무,MAG
경주 여행,52,커피,NNG
경주 여행,52,아덴,NNP
경주 여행,52,시그,NNP
경주 여행,53,알라딘,NNP
경주 여행,53,100,SN
경주 여행,53,자평,NNG
경주 여행,53,일상,NNG
경주 여행,53,고고학,NNG
경주 여행,53,혼자,MAG
경주 여행,53,일상,NNG
경주 여행,53,고고학,NNG
경주 여행,53,혼자,MAG
경주 여행,53,개정,NNG
경주 여행,53,증보판,NNG
경주 여행,53,일상,NNG
경주 여행,53,고고학,NNG
경주 여행,53,시리즈,NNG
경주 여행,53,황윤,NNG
경주 여행,53,지음,NNG
경주 여행,53,고양이,NNG
경주 여행,53,2020,SN
경주 여행,53,10,SN
경주 여행,53,평점,NNG
경주 여행,53,대한,VV+ETM
경주 여행,53,아름다움,VA+ETN
경주 여행,53,느낄,VV+ETM
경주 여행,53,기대,NNG
경주 여행,53,됩니다,XSV+EC
경주 여행,54,알라딘,NNP
경주 여행,54,서재,NNP
경주 여행,54,필수,NNG
경주 여행,54,필요,NNG
경주 여행,54,지식,NNG
경주 여행,54,설명,NNG
경주 여행,54,이해,NNG
경주 여행,54,사진,NNG
경주 여행,54,정보,NNG
경주 여행,54,가득,MAG
경주 여행,54,서울,NNP
경주 여행,54,이어,MAG
경주 여행,54,역사,NNG
경주 여행,54,꿈꾸,VV
경주 여행,54,한옥,NNG
경주 여행,54,에서,JKB
경주 여행,54,독서,NNG
경주 여행,54,모임,NNG
경주 여행,54,다가,EC
경주 여행,54,바로,MAG
경주 여행,54,주문,NNG
경주 여행,54,역사,NNG
경주 여행,54,예정,NNG
경주 여행,55,에서,JKB
경주 여행,55,걸어서,VV+EC
경주 여행,55,대릉원,NNG
경주 여행,55,까지,JX
경주 여행,55,대릉원,NNG
경주 여행,55,담장,NNG
경주 여행,55,2018,SN
경주 여행,55,11,SN
경주 여행,55,이번,NNG
경주 여행,55,천천히,MAG
경주 여행,55,걸으며,VV+EC
경주 여행,55,가을,NNG
경주 여행,55,만끽,NNG
경주 여행,55,컨셉,NNG
경주 여행,55,마침,MAG
경주 여행,55,가을,NNG
경주 여행,55,분위기,NNG
경주 여행,55,한껏,MAG
경주 여행,55,고조,NNG
경주 여행,55,시켜,XSV+EC
경주 여행,55,벚나무,NNG
경주 여행,55,좌우,NNG
경주 여행,55,어서,EC
경주 여행,55,마다,JX
경주 여행,55,가지,VV
경주 여행,55,와서,VV+EC
경주 여행,56,Knowledge,SL
경주 여행,56,Box,SL
경주 여행,56,슈만,NNP
경주 여행,56,클라라,NNP
경주 여행,56,도착,NNG
경주 여행,56,제일,MAG
경주 여행,56,먼저,MAG
경주 여행,56,슈만,NNP
경주 여행,56,클라라,NNP
경주 여행,56,라는,VCP+ETM
경주 여행,56,cafe,SL
경주 여행,56,위치,NNG
경주 여행,56,요기,NP
경주 여행,56,여기,NP
경주 여행,56,버스,NNG
경주 여행,56,려고,EC
경주 여행,56,는데,EC
경주 여행,56,버스,NNG
경주 여행,56,너무,MAG
경주 여행,56,와서,VV+EC
경주 여행,56,택시,NNG
경주 여행,56,그러나,MAJ
경주 여행,56,다음,NNG
경주 여행,56,문제,NNG
경주 여행,56,계속,MAG
경주 여행,57,황리,NNG
경주 여행,57,주전부리,NNG
경주 여행,57,황금,NNG
경주 여행,57,황남,NNG
경주 여행,57,옥수수,NNG
경주 여행,57,청년,NNG
경주 여행,57,분식,NNG
경주 여행,57,황리,NNG
경주 여행,57,주전부리,NNG
경주 여행,57,저녁,NNG
경주 여행,57,출출,XR
경주 여행,57,해서,XSA+EC
경주 여행,57,황리,NNG
경주 여행,57,주전부리,NNG
경주 여행,57,우선,MAG
경주 여행,57,급한,VA+ETM
경주 여행,57,결론,NNG
경주 여행,57,부터,JX
경주 여행,57,자면,EC
경주 여행,57,청년,NNG
경주 여행,57,분식,NNG
경주 여행,57,황남,NNG
경주 여행,57,옥수수,NNG
경주 여행,57,모두,MAG
경주 여행,57,아쉽,VA
경주 여행,57,청년,NNG
경주 여행,57,분식,NNG
경주 여행,57,쥬얼,NNP
경주 여행,57,우릴,VV+ETM
경주 여행,57,유혹,NNG
경주 여행,57,뭔가,NP+VCP+EC
경주 여행,58,황리,NNG
경주 여행,58,맛집,NNG
경주 여행,58,여도,NNG
경주 여행,58,영업,NNG
경주 여행,58,종료,NNG
경주 여행,58,오늘,NNG
경주 여행,58,맛집,NNG
경주 여행,58,황리,NNG
경주 여행,58,맛집,NNG
경주 여행,58,여주,NNG
경주 여행,58,이야기,NNG
경주 여행,58,함께,MAG
경주 여행,58,해요,VV+EF
경주 여행,58,다만,MAJ
경주 여행,58,현재,MAG
경주 여행,58,여도,NNG
경주 여행,58,다는,ETM
경주 여행,58,저희,NP
경주 여행,58,기록,NNG
경주 여행,58,해서,VV+EC
경주 여행,58,그냥,MAG
경주 여행,58,포스팅,NNP
경주 여행,58,진행,NNG
경주 여행,58,참고,NNG
경주 여행,58,세요,EP+EF
경주 여행,58,한옥,NNP
경주 여행,58,외관,NNG
경주 여행,58,눈길,NNG
경주 여행,59,13,SN
경주 여행,59,성동,NNG
경주 여행,59,시장,NNG
경주 여행,59,구경,NNG
경주 여행,59,가을,NNG
경주 여행,59,기차,NNG
경주 여행,59,피날레,NNG
경주 여행,59,2018,SN
경주 여행,59,11,SN
경주 여행,59,즐거웠,VA+EP
경주 여행,59,가을,NNG
경주 여행,59,기차,NNG
경주 여행,59,단풍,NNG
경주 여행,59,맘껏,MAG
경주 여행,59,누리,VV
경주 여행,59,돌아가,VV
경주 여행,59,노란,VA+ETM
경주 여행,59,은행,NNG
경주 여행,59,낙엽,NNG
경주 여행,59,올려,VV+EC
경주 여행,59,어야,EC
경주 여행,59,는데,EC
경주 여행,59,언니,NNG
경주 여행,59,수고,NNG
경주 여행,59,어염,EF
경주 여행,59,숙소,NNG
경주 여행,59,변경,NNG
경주 여행,59,지도자,NNG
경주 여행,59,언니,NNG
경주 여행,59,짝짝,MAG
경주 여행,60,2303,SN
경주 여행,60,봄꽃,NNG
경주 여행,60,습니다,EF
경주 여행,60,벌써,MAG
경주 여행,60,마지막,NNG
경주 여행,60,월요일,NNG
경주 여행,60,찾아간,VV+ETM
경주 여행,60,벚꽃,NNG
경주 여행,60,상춘객,NNG
경주 여행,60,으로,JKB
경주 여행,60,많이,MAG
경주 여행,60,붐볐,VV+EP
경주 여행,60,습니다,EF
경주 여행,60,에서,JKB
경주 여행,60,점심,NNG
경주 여행,60,집사람,NNG
경주 여행,60,국도,NNG
경주 여행,60,천천히,MAG
경주 여행,60,올라가,VV
경주 여행,60,곳곳,NNG
경주 여행,60,벚꽃,NNG
경주 여행,60,자랑,NNG
경주 여행,60,열중,NNG
경주 여행,61,첨성대,NNG
경주 여행,61,대릉원,NNG
경주 여행,61,주차,NNG
경주 여행,61,주차장,NNG
경주 여행,61,대릉원,NNG
경주 여행,61,주차장,NNG
경주 여행,61,여기,NP
경주 여행,61,매표,NNG
경주 여행,61,해야,VV+EC
경주 여행,61,들어갈,VV+ETM
경주 여행,61,어서,EC
경주 여행,61,그냥,MAG
경주 여행,61,혼자,NNG
경주 여행,61,굳이,MAG
경주 여행,61,들어갈,VV+ETM
경주 여행,61,필요,NNG
경주 여행,61,느꼈,VV+EP
경주 여행,61,네요,EF
경주 여행,61,편하,VA
경주 여행,61,드라이브,NNG
경주 여행,61,둘러본,VV+ETM
경주 여행,61,그리고,MAJ
경주 여행,61,그곳,NP
경주 여행,61,에서,JKB
경주 여행,61,만난,VV+ETM
경주 여행,61,첨성대,NNG
경주 여행,62,안녕,IC
경주 여행,62,2014,SN
경주 여행,62,2014,SN
경주 여행,62,마지막,NNG
경주 여행,62,에서,JKB
경주 여행,62,멋진,VA+ETM
경주 여행,62,선물,NNG
경주 여행,62,눈발,NNG
경주 여행,62,날리,VV
경주 여행,62,시작,NNG
경주 여행,62,한다,XSV+EF
경주 여행,62,그리고,MAJ
경주 여행,62,금방,MAG
경주 여행,62,하얀,VA+ETM
경주 여행,62,세상,NNG
경주 여행,62,으로,JKB
경주 여행,62,변한다,VV+EC
경주 여행,62,눈길,NNG
경주 여행,62,산책,NNG
경주 여행,62,불국사,NNP
경주 여행,62,에서,JKB
경주 여행,62,기차,NNG
경주 여행,62,마무리,NNG
경주 여행,62,한다,XSV+EF
경주 여행,62,다시,MAG
경주 여행,62,화창,XR
경주 여행,62,해진,XSA+EC+VX+ETM
경주 여행,62,하늘,NNG
경주 여행,63,야경,NNG
경주 여행,63,다른,MM
경주 여행,63,매력,NNG
경주 여행,63,정교,NNG
경주 여행,63,분위기,NNG
경주 여행,63,저녁,NNG
경주 여행,63,정교,NNG
경주 여행,63,방문,NNG
경주 여행,63,추천,NNG
경주 여행,63,드립니다,VV+EF
경주 여행,63,켜진,VV+ETM
경주 여행,63,정교,NNG
경주 여행,63,신나,VV
경주 여행,63,사진,NNG
경주 여행,63,정교,NNG
경주 여행,63,야경,NNG
경주 여행,63,마지막,NNG
경주 여행,63,으로,JKB
경주 여행,63,떠나갑니다,VV+EF
경주 여행,63,여기,NP
경주 여행,63,신라,NNP
경주 여행,63,니까,VCP+EC
경주 여행,63,신라,NNP
경주 여행,63,해장국,NNG
경주 여행,63,즐거웠,VA+EP
경주 여행,63,습니다,EF
경주 여행,64,황남,NNG
경주 여행,64,맷돌,NNG
경주 여행,64,순두부,NNG
경주 여행,64,두부,NNG
경주 여행,64,보쌈,NNG
경주 여행,64,제육,NNG
경주 여행,64,순두부찌개,NNG
경주 여행,64,그리고,MAJ
경주 여행,64,황남,NNG
경주 여행,64,맷돌,NNG
경주 여행,64,순두부,NNG
경주 여행,64,영업시간,NNG
경주 여행,64,30,SN
경주 여행,64,까지,JX
경주 여행,64,황리,NNG
경주 여행,64,시작,NNG
경주 여행,64,으로,JKB
경주 여행,64,어지간,XR
경주 여행,64,밥집,NNG
경주 여행,64,영업,NNG
경주 여행,64,마감,NNG
경주 여행,64,진짜,MAG
경주 여행,64,고기,NNG
경주 여행,64,맛있,VA
경주 여행,64,두부,NNG
경주 여행,64,순두부찌개,NNG
경주 여행,64,맛나,VA
경주 여행,64,호랑이,NNG
경주 여행,64,막걸리,NNG
경주 여행,64,완전,MAG
경주 여행,64,맛있,VA
경주 여행,64,어서,EC
경주 여행,65,마치,VV
경주 여행,65,울주,NNP
경주 여행,65,새벽,NNG
경주 여행,65,다가,EC
경주 여행,65,그친다,VV+EC
경주 여행,65,하늘,NNG
경주 여행,65,예쁘다,NNP
경주 여행,65,월드,NNG
경주 여행,65,판다,NNG
경주 여행,65,에서,JKB
경주 여행,65,점심,NNG
경주 여행,65,맛있,VA
경주 여행,65,친절,NNG
경주 여행,65,떡갈비,NNG
경주 여행,65,맛나,VA
경주 여행,65,계란찜,NNG
경주 여행,65,풍경,NNG
경주 여행,65,예쁘,VA
경주 여행,65,행복,NNG
경주 여행,65,울주,NNP
경주 여행,66,서출지,NNG
경주 여행,66,23,SN
경주 여행,66,28,SN
경주 여행,66,더운,VA+ETM
경주 여행,66,날씨,NNG
경주 여행,66,촬영,NNG
경주 여행,66,임했,VV+EP
경주 여행,66,사진가,NNG
경주 여행,66,에게,JKB
경주 여행,66,미안,NNG
경주 여행,66,생각,NNG
경주 여행,66,더운,VA+ETM
경주 여행,66,날씨,NNG
경주 여행,66,여러,MM
경주 여행,66,촬영,NNG
경주 여행,66,대작,NNG
경주 여행,66,으시,EP
경주 여행,66,무사히,MAG
경주 여행,66,습니다,EF
경주 여행,67,알라딘,NNP
경주 여행,67,100,SN
경주 여행,67,자평,NNG
경주 여행,67,우리,NP
경주 여행,67,아이,IC
경주 여행,67,우리,NP
경주 여행,67,아이,IC
경주 여행,67,세계,NNG
경주 여행,67,문화유산,NNG
경주 여행,67,아서,EC
경주 여행,67,개정판,NNG
경주 여행,67,답사,NNG
경주 여행,67,바로,MAG
경주 여행,67,역사,NNG
경주 여행,67,바로,MAG
경주 여행,67,박광일,NNP
경주 여행,67,전향,NNG
경주 여행,67,이야기,NNG
경주 여행,67,기획,NNG
경주 여행,67,성당,NNG
경주 여행,67,2011,SN
경주 여행,67,평점,NNG
경주 여행,67,초등,NNG
경주 여행,67,학교,NNG
경주 여행,67,학생,NNG
경주 여행,67,수학,NNG
경주 여행,68,알라딘,NNP
경주 여행,68,100,SN
경주 여행,68,자평,NNG
경주 여행,68,일상,NNG
경주 여행,68,고고학,NNG
경주 여행,68,혼자,MAG
경주 여행,68,일상,NNG
경주 여행,68,고고학,NNG
경주 여행,68,혼자,MAG
경주 여행,68,개정,NNG
경주 여행,68,증보판,NNG
경주 여행,68,일상,NNG
경주 여행,68,고고학,NNG
경주 여행,68,시리즈,NNG
경주 여행,68,황윤,NNG
경주 여행,68,지음,NNG
경주 여행,68,고양이,NNG
경주 여행,68,묻힌,VV+ETM
경주 여행,68,타임캡슐,NNG
경주 여행,68,신라,NNG
경주 여행,68,특별,NNG
경주 여행,68,시간,NNG
경주 여행,68,네요,EC
경주 여행,69,오늘,NNG
경주 여행,69,날씨,NNG
경주 여행,69,더우니,VA+EC
경주 여행,69,마을,NNG
경주 여행,69,식당,NNG
경주 여행,69,에서,JKB
경주 여행,69,맛난,VA+ETM
경주 여행,69,양념,NNG
경주 여행,69,게장,NNG
경주 여행,69,점심,NNG
경주 여행,69,힐튼,NNP
경주 여행,69,호텔,NNG
경주 여행,69,에서,JKB
경주 여행,69,커피,NNG
경주 여행,69,한잔,NNG
경주 여행,69,보문,NNG
경주 여행,69,단지,MAG
경주 여행,69,푸른,VA+ETM
경주 여행,69,나무,NNG
경주 여행,69,감상,NNG
경주 여행,69,커피,NNG
경주 여행,69,한잔,NNG
경주 여행,69,스콘,NNP
경주 여행,69,행복,NNG
경주 여행,69,월드,NNG
경주 여행,69,관람,NNG
경주 여행,69,보인다,VV+EF
경주 여행,69,한번,MAG
경주 여행,69,볼까,EC+VX+EC
경주 여행,70,압지,NNG
경주 여행,70,야경,NNG
경주 여행,70,투어,NNG
경주 여행,70,방문,NNG
경주 여행,70,아마도,MAG
경주 여행,70,보름달,NNG
경주 여행,70,보다,JKB
경주 여행,70,하늘,NNG
경주 여행,70,황청,NNG
경주 여행,70,연못,NNG
경주 여행,70,빠져,VV+EC
경주 여행,70,야경,NNG
경주 여행,70,함께,MAG
경주 여행,70,정말,MAG
경주 여행,70,멋진,VA+ETM
경주 여행,70,야경,NNG
경주 여행,70,보여,VV+EC
경주 여행,70,이래서,VV+EC
경주 여행,70,마다,JX
경주 여행,70,이곳,NP
경주 여행,70,압지,NNG
경주 여행,70,하나,NR
경주 여행,70,보다,JKB
경주 여행,71,알라딘,NNP
경주 여행,71,100,SN
경주 여행,71,자평,NNG
경주 여행,71,우리,NP
경주 여행,71,아이,IC
경주 여행,71,우리,NP
경주 여행,71,아이,IC
경주 여행,71,에서,JKB
경주 여행,71,신라,NNG
경주 여행,71,답사,NNG
경주 여행,71,바로,MAG
경주 여행,71,역사,NNG
경주 여행,71,바로,MAG
경주 여행,71,13,SN
경주 여행,71,박광일,NNP
경주 여행,71,2004,SN
경주 여행,71,평점,NNG
경주 여행,71,구판,NNG
경주 여행,71,절판,NNG
경주 여행,71,아이,NNG
경주 여행,71,눈높이,NNG
경주 여행,71,맞춰진,VV+EC+VX+ETM
경주 여행,72,알라딘,NNP
경주 여행,72,100,SN
경주 여행,72,자평,NNG
경주 여행,72,일상,NNG
경주 여행,72,고고학,NNG
경주 여행,72,혼자,MAG
경주 여행,72,일상,NNG
경주 여행,72,고고학,NNG
경주 여행,72,혼자,MAG
경주 여행,72,개정,NNG
경주 여행,72,증보판,NNG
경주 여행,72,일상,NNG
경주 여행,72,고고학,NNG
경주 여행,72,시리즈,NNG
경주 여행,72,황윤,NNG
경주 여행,72,지음,NNG
경주 여행,72,고양이,NNG
경주 여행,72,2020,SN
경주 여행,72,10,SN
경주 여행,72,평점,NNG
경주 여행,72,유익,NNG
경주 여행,72,아요,EC
경주 여행,73,알라딘,NNP
경주 여행,73,역사,NNG
경주 여행,73,관심,NNG
경주 여행,73,시작,NNG
경주 여행,73,해서,XSV+EC
경주 여행,73,함께,MAG
경주 여행,73,어요,EF
경주 여행,73,길래,EC
경주 여행,73,생각,NNG
경주 여행,73,는데,EC
경주 여행,73,그리,VV
경주 여행,73,마음,NNG
경주 여행,73,접하,VV
경주 여행,73,어요,EF
경주 여행,73,기억,NNG
경주 여행,73,가지,VV
경주 여행,73,는데,EC
경주 여행,73,아이,NNG
경주 여행,73,신라,NNG
경주 여행,73,배운,VV+ETM
경주 여행,73,그런지,VA+EC
경주 여행,73,동안,NNG
경주 여행,73,배운,VV+ETM
경주 여행,73,내용,NNG
경주 여행,73,생각,NNG
경주 여행,73,유적지,NNG
경주 여행,74,매화,NNG
경주 여행,74,산수유,NNG
경주 여행,74,만발,NNG
경주 여행,74,보문,NNG
경주 여행,74,단지,MAG
경주 여행,74,호수,NNG
경주 여행,74,산책,NNG
경주 여행,74,행복,NNG
경주 여행,74,마무리,NNG
경주 여행,75,알라딘,NNP
경주 여행,75,100,SN
경주 여행,75,자평,NNG
경주 여행,75,일상,NNG
경주 여행,75,고고학,NNG
경주 여행,75,혼자,MAG
경주 여행,75,일상,NNG
경주 여행,75,고고학,NNG
경주 여행,75,혼자,MAG
경주 여행,75,일상,NNG
경주 여행,75,시리즈,NNG
경주 여행,75,황윤,NNG
경주 여행,75,지음,NNG
경주 여행,75,고양이,NNG
경주 여행,75,2020,SN
경주 여행,75,10,SN
경주 여행,75,평점,NNG
경주 여행,75,마니아,NNG
경주 여행,75,알려,VV+EC
경주 여행,75,탐방기,NNG
경주 여행,75,그런지,VA+EC
경주 여행,75,대한,VV+ETM
경주 여행,75,알찬,VA+ETM
경주 여행,75,설명,NNG
경주 여행,75,습니다,EF
경주 여행,76,알라딘,NNP
경주 여행,76,100,SN
경주 여행,76,자평,NNG
경주 여행,76,일상,NNG
경주 여행,76,고고학,NNG
경주 여행,76,혼자,MAG
경주 여행,76,일상,NNG
경주 여행,76,고고학,NNG
경주 여행,76,혼자,MAG
경주 여행,76,개정,NNG
경주 여행,76,증보판,NNG
경주 여행,76,일상,NNG
경주 여행,76,고고학,NNG
경주 여행,76,시리즈,NNG
경주 여행,76,황윤,NNG
경주 여행,76,지음,NNG
경주 여행,76,고양이,NNG
경주 여행,76,2020,SN
경주 여행,76,10,SN
경주 여행,76,평점,NNG
경주 여행,76,아름다운,VA+ETM
경주 여행,76,풍경,NNG
경주 여행,76,고고학,NNG
경주 여행,76,우리,NP
경주 여행,76,지적,NNG
경주 여행,76,힐링,NNG
경주 여행,76,안겨,VV+EC
경주 여행,76,줘서,VX+EC
경주 여행,77,주상,NNG
경주 여행,77,절리,NNG
경주 여행,77,스탬프,NNG
경주 여행,77,투어,NNG
경주 여행,77,목적지,NNG
경주 여행,77,주상,NNG
경주 여행,77,스탬프,NNG
경주 여행,77,투어,NNG
경주 여행,77,주상,NNG
경주 여행,77,절리,NNG
경주 여행,77,해변,NNG
경주 여행,77,둘레길,NNP
경주 여행,77,주상,NNG
경주 여행,77,절리,NNG
경주 여행,77,파도,NNG
경주 여행,77,소리,NNG
경주 여행,77,드디어,MAG
경주 여행,77,시작,NNG
경주 여행,77,대한,VV+ETM
경주 여행,77,때문,NNB
경주 여행,77,을까,EC
경주 여행,77,오랫만,NNG
경주 여행,77,밤잠,NNG
경주 여행,77,설치,VV
경주 여행,77,다가,EC
경주 여행,77,시계,NNG
경주 여행,77,조금,MAG
경주 여행,77,시간,NNG
경주 여행,78,FeRed,SL
경주 여행,78,Conundrum,SL
경주 여행,78,of,SL
경주 여행,78,Life,SL
경주 여행,78,불국사,NNP
경주 여행,78,황남빵,NNP
경주 여행,78,교리,NNG
경주 여행,78,김밥,NNG
경주 여행,78,내소,NNG
경주 여행,78,Theme,SL
경주 여행,78,불국사,NNP
경주 여행,78,황남빵,NNP
경주 여행,78,교리,NNG
경주 여행,78,김밥,NNG
경주 여행,78,산내,NNG
경주 여행,78,소고기,NNG
경주 여행,78,울산,NNP
경주 여행,78,Comments,SL
경주 여행,78,후배,NNG
경주 여행,78,녀석,NNB
경주 여행,78,같이,MAG
경주 여행,78,울산,NNP
경주 여행,78,불국사,NNG
경주 여행,78,에서,JKB
경주 여행,78,천마총,NNG
경주 여행,78,에서,JKB
경주 여행,78,첨성대,NNG
경주 여행,78,으로,JKB
경주 여행,78,내려오,VV
경주 여행,78,다가,EC
경주 여행,78,나무,NNG
경주 여행,78,그늘,NNG
경주 여행,78,내부,NNG
경주 여행,78,전경,NNG
경주 여행,79,알라딘,NNP
경주 여행,79,100,SN
경주 여행,79,자평,NNG
경주 여행,79,일상,NNG
경주 여행,79,고고학,NNG
경주 여행,79,혼자,MAG
경주 여행,79,개정,NNG
경주 여행,79,증보판,NNG
경주 여행,79,일상,NNG
경주 여행,79,고고학,NNG
경주 여행,79,시리즈,NNG
경주 여행,79,황윤,NNG
경주 여행,79,지음,NNG
경주 여행,79,고양이,NNG
경주 여행,79,2020,SN
경주 여행,79,10,SN
경주 여행,79,평점,NNG
경주 여행,79,어려서,VA+EC
경주 여행,79,그냥,MAG
경주 여행,79,학교,NNG
경주 여행,79,에서,JKB
경주 여행,79,지금,MAG
경주 여행,79,커서,VV+EC
경주 여행,79,공부,NNG
경주 여행,79,다른,MM
경주 여행,79,느낌,NNG
경주 여행,79,습니다,EF
경주 여행,79,가보세요,NNG
경주 여행,80,알라딘,NNP
경주 여행,80,100,SN
경주 여행,80,자평,NNG
경주 여행,80,일상,NNG
경주 여행,80,고고학,NNG
경주 여행,80,혼자,MAG
경주 여행,80,혼자,NNG
경주 여행,80,개정,NNG
경주 여행,80,증보판,NNG
경주 여행,80,일상,NNG
경주 여행,80,고고학,NNG
경주 여행,80,시리즈,NNG
경주 여행,80,황윤,NNG
경주 여행,80,지음,NNG
경주 여행,80,고양이,NNG
경주 여행,80,2020,SN
경주 여행,80,10,SN
경주 여행,80,평점,NNG
경주 여행,80,이야기,NNG
경주 여행,80,봐도,VV+EC
경주 여행,80,봐도,VX+EC
경주 여행,80,들어도,VV+EC
경주 여행,80,들어도,VV+EC
경주 여행,80,재미있,VA
경주 여행,80,습니다,EF
경주 여행,80,작가,NNG
경주 여행,80,혼자,NNG
경주 여행,80,기대,NNG
경주 여행,80,봅니다,VX+EC
경주 여행,81,매화꽃,NNG
경주 여행,81,산수유,NNG
경주 여행,81,예쁜,VA+ETM
경주 여행,81,간다,VV+EC
경주 여행,81,날씨,NNG
경주 여행,81,따뜻,XR
경주 여행,81,바람,NNG
경주 여행,81,많이,MAG
경주 여행,81,햇살,NNG
경주 여행,81,따뜻,XR
경주 여행,81,점심,NNG
경주 여행,81,궁금,XR
경주 여행,81,했었,VX+EP
경주 여행,81,황룡,NNG
경주 여행,81,돌아봤,VV+EP
경주 여행,81,동국,NNG
경주 여행,81,재단,NNG
경주 여행,81,에서,JKB
경주 여행,81,운영,NNG
경주 여행,81,연수원,NNG
경주 여행,81,인데,VCP+EC
경주 여행,81,웅장,XR
경주 여행,81,꾸며져,VV+EC+VX+EC
경주 여행,82,맷돌,NNG
경주 여행,82,순부,NNG
경주 여행,82,옆집,NNG
경주 여행,82,정화,NNG
경주 여행,82,송이,NNG
경주 여행,82,순두부,NNG
경주 여행,82,맛집,NNG
경주 여행,82,옆집,NNG
경주 여행,82,아니,VCN
경주 여행,82,라도,EC
경주 여행,82,가격,NNG
경주 여행,82,비싸,VA
경주 여행,82,니까,EC
경주 여행,82,기본,NNG
경주 여행,82,반찬,NNG
경주 여행,82,생선,NNG
경주 여행,82,구이,NNG
경주 여행,82,나와서,VV+EC
경주 여행,82,후배,NNG
경주 여행,82,맛있,VA
경주 여행,82,섬세,XR
경주 여행,82,발라,VV+EC
경주 여행,82,하얀,VA+ETM
경주 여행,82,순두부,NNG
경주 여행,82,다니,EC
경주 여행,82,순두부,NNG
경주 여행,82,처음,MAG
경주 여행,82,본다,VV+EC
경주 여행,82,파전,NNG
경주 여행,82,하나,NR
경주 여행,82,주문,NNG
경주 여행,82,새송이,NNP
경주 여행,82,탁주,NNG
경주 여행,82,주문,NNG
경주 여행,82,낮술,NNG
경주 여행,83,남산,NNP
경주 여행,83,칠불암,NNG
경주 여행,83,케이트,NNP
경주 여행,83,입니다,VCP+EF
경주 여행,83,진입,NNG
경주 여행,83,읍니다,EC
경주 여행,83,서라벌,NNP
경주 여행,83,휴게소,NNG
경주 여행,83,입니다,VCP+EF
경주 여행,83,통일전,NNP
경주 여행,83,주차장,NNG
경주 여행,83,주차,NNG
경주 여행,83,아니하,VX
경주 여행,83,염불,NNG
경주 여행,83,사지,NNG
경주 여행,83,삼층석탑,NNP
경주 여행,83,주차,NNG
경주 여행,83,여기,NP
경주 여행,83,일찍,MAG
경주 여행,83,도착,NNG
경주 여행,83,여야,EC
경주 여행,83,주차,NNG
경주 여행,83,아침,NNG
경주 여행,84,국내,NNG
경주 여행,84,사진,NNG
경주 여행,84,국내,NNG
경주 여행,84,테마,NNG
경주 여행,84,Theodor,SL
경주 여행,84,2017,SN
경주 여행,84,18,SN
경주 여행,84,08,SN
경주 여행,84,11,SN
경주 여행,84,벚꽃,NNG
경주 여행,84,거의,MAG
경주 여행,84,떨어지,VV
경주 여행,84,시기,NNG
경주 여행,84,아쉬움,NNG
경주 여행,84,대능원,NNP
경주 여행,84,출입문,NNG
경주 여행,84,능원,NNG
경주 여행,84,소나무,NNG
경주 여행,84,천마총,NNG
경주 여행,84,안압지,NNP
경주 여행,84,분황사,NNG
경주 여행,84,모전,NNG
경주 여행,84,석탑,NNG
경주 여행,84,원래,NNG
경주 여행,85,알라딘,NNP
경주 여행,85,100,SN
경주 여행,85,자평,NNG
경주 여행,85,일상,NNG
경주 여행,85,고고학,NNG
경주 여행,85,혼자,MAG
경주 여행,85,일상,NNG
경주 여행,85,고고학,NNG
경주 여행,85,혼자,MAG
경주 여행,85,개정,NNG
경주 여행,85,증보판,NNG
경주 여행,85,일상,NNG
경주 여행,85,고고학,NNG
경주 여행,85,시리즈,NNG
경주 여행,85,황윤,NNG
경주 여행,85,지음,NNG
경주 여행,85,고양이,NNG
경주 여행,85,2020,SN
경주 여행,85,10,SN
경주 여행,85,평점,NNG
경주 여행,85,이런,MM
경주 여행,85,너무,MAG
경주 여행,85,아함,IC+ETN
경주 여행,85,더구나,MAJ
경주 여행,85,라서,VCP+EC
경주 여행,85,너무,MAG
경주 여행,85,마음,NNG
경주 여행,85,중학교,NNG
경주 여행,85,수학,NNG
경주 여행,85,으로,JKB
경주 여행,86,힐튼,NNP
경주 여행,86,호텔,NNG
경주 여행,86,한국,NNP
경주 여행,86,서울,NNP
경주 여행,86,호텔,NNG
경주 여행,86,체인,NNG
경주 여행,86,이상,NNG
경주 여행,86,두산,NNP
경주 여행,86,참고,NNG
경주 여행,86,미국,NNP
경주 여행,86,저명,XR
경주 여행,86,모델,NNG
경주 여행,86,철저히,MAG
경주 여행,86,손님,NNG
경주 여행,86,배려,NNG
경주 여행,86,호텔,NNG
경주 여행,86,그래서,MAJ
경주 여행,86,즐거울,VA+ETM
경주 여행,86,밖에,JX
경주 여행,87,토함산,NNP
경주 여행,87,단풍,NNG
경주 여행,87,터널,NNG
경주 여행,87,자연,NNG
경주 여행,87,그려,VV+EC
경주 여행,87,수채화,NNG
경주 여행,87,17,SN
경주 여행,87,11,SN
경주 여행,87,17,SN
경주 여행,87,떠나,VV
경주 여행,87,단풍,NNG
경주 여행,87,그윽,XR
경주 여행,87,숲길,NNG
경주 여행,87,느긋이,MAG
경주 여행,87,불국사,NNP
경주 여행,87,석굴암,NNG
경주 여행,87,토함산,NNP
경주 여행,87,숲길,NNG
경주 여행,87,월산,NNG
경주 여행,87,고갯길,NNG
경주 여행,87,굳이,MAG
경주 여행,87,신라,NNP
경주 여행,87,역사,NNG
경주 여행,87,몰라도,VV+EC
경주 여행,87,시내,NNG
경주 여행,88,배롱나무,NNG
경주 여행,88,첨성대,NNG
경주 여행,88,야경,NNG
경주 여행,88,16,SN
경주 여행,88,18,SN
경주 여행,88,수학,NNG
경주 여행,88,다녀오,VV
경주 여행,88,사람,NNG
경주 여행,88,심지어,MAG
경주 여행,88,자녀,NNG
경주 여행,88,역사,NNG
경주 여행,88,유적,NNG
경주 여행,88,답사,NNG
경주 여행,88,동행,NNG
경주 여행,88,해서,XSV+EC
경주 여행,88,이런,MM
경주 여행,88,아무리,MAG
경주 여행,88,생각,NNG
경주 여행,88,해봐도,XSV+EC+VX+EC
경주 여행,88,국내,NNG
경주 여행,88,에선,JKB+JX
경주 여행,88,특징,NNG
경주 여행,88,하나,NR
경주 여행,88,평온,NNG
경주 여행,88,자연,NNG
경주 여행,89,황리,NNG
경주 여행,89,카페,NNG
경주 여행,89,카페,NNG
경주 여행,89,카페,NNG
경주 여행,89,황리,NNG
경주 여행,89,메인,VV+ETM
경주 여행,89,거리,NNG
경주 여행,89,위치,NNG
경주 여행,89,어서,EC
경주 여행,89,거리,NNG
경주 여행,89,둘러보,VV
경주 여행,89,뚜벅,MAG
경주 여행,89,입니다,VCP+EF
경주 여행,89,인테리어,NNG
경주 여행,89,예쁘,VA
경주 여행,89,어서,EC
경주 여행,89,더욱,MAG
경주 여행,89,눈길,NNG
경주 여행,89,카페,NNG
경주 여행,89,입니다,VCP+EF
경주 여행,89,황리,NNG
경주 여행,89,카페,NNG
경주 여행,89,카페,NNG
경주 여행,89,날씨,NNG
경주 여행,90,경북,NNP
경주 여행,90,국밥,NNG
경주 여행,90,맛집,NNG
경주 여행,90,수백,NR
경주 여행,90,보문,NNG
경주 여행,90,com,SL
경주 여행,90,633,SN
경주 여행,90,경북,NNP
경주 여행,90,교촌,NNP
경주 여행,90,마을,NNG
경주 여행,90,교촌,NNG
경주 여행,90,보관,NNG
경주 여행,90,아이,NNG
경주 여행,90,가족,NNG
경주 여행,90,2024,SN
경주 여행,90,31,SN
경주 여행,90,가족,NNG
경주 여행,90,함께,MAG
경주 여행,90,기록,NNG
경주 여행,90,오늘,NNG
경주 여행,90,가족,NNG
경주 여행,90,모임,NNG
경주 여행,90,어서,EC
경주 여행,90,경북,NNP
경주 여행,90,어요,EF
경주 여행,91,불국사역,NNP
경주 여행,91,에서,JKB
경주 여행,91,동대구,NNG
경주 여행,91,까지,JX
경주 여행,91,기차,NNG
경주 여행,91,무궁화호,NNP
경주 여행,91,시간,NNG
경주 여행,91,시외,NNG
경주 여행,91,고속,NNG
경주 여행,91,버스,NNG
경주 여행,91,터미널,NNG
경주 여행,91,모두,MAG
경주 여행,91,거리,NNG
경주 여행,91,어서,EC
경주 여행,91,어디,NP
경주 여행,91,따라,VV+EC
경주 여행,91,대중,NNG
경주 여행,91,교통,NNG
경주 여행,91,종류,NNG
경주 여행,91,달라지,VV
경주 여행,91,는데,EC
경주 여행,91,서울,NNP
경주 여행,91,이나,JC
경주 여행,91,대전,NNP
경주 여행,91,까지,JX
경주 여행,91,시간,NNBC
경주 여행,91,이상,NNG
경주 여행,91,걸리,VV
경주 여행,91,코스,NNG
경주 여행,91,라고,VCP+EC
경주 여행,92,파란,VA+ETM
경주 여행,92,하늘,NNG
경주 여행,92,구름,NNG
경주 여행,92,동동,MAG
경주 여행,92,아름다운,VA+ETM
경주 여행,92,신나,VV
경주 여행,92,고속도로,NNP
경주 여행,92,달려,VV+EC
경주 여행,92,간다,VV+EC
경주 여행,92,오늘,NNG
경주 여행,92,힐링,NNG
경주 여행,92,산송,NNG
경주 여행,92,한우구,NNP
경주 여행,92,언양,NNP
경주 여행,92,불고기,NNG
경주 여행,92,더덕구이,NNG
경주 여행,92,자알,MAG
경주 여행,92,이랑,JC
경주 여행,92,라떼,NNG
경주 여행,92,한잔,NNG
경주 여행,92,노천온천,NNP
경주 여행,92,으로,JKB
경주 여행,92,간다,VV+EC
경주 여행,92,파란,VA+ETM
경주 여행,92,하늘,NNG
경주 여행,93,알라딘,NNP
경주 여행,93,100,SN
경주 여행,93,자평,NNG
경주 여행,93,일상,NNG
경주 여행,93,고고학,NNG
경주 여행,93,혼자,MAG
경주 여행,93,지음,NNG
경주 여행,93,고양이,NNG
경주 여행,93,2020,SN
경주 여행,93,10,SN
경주 여행,93,평점,NNG
경주 여행,93,정말,MAG
경주 여행,93,도시,NNG
경주 여행,93,입니다,VCP+EF
경주 여행,93,시간,NNG
경주 여행,93,기분,NNG
경주 여행,93,어서,EC
경주 여행,93,행복,NNG
경주 여행,93,거든요,EF
경주 여행,93,코로나,NNP
경주 여행,93,때문,NNB
경주 여행,93,버렸,VX+EP
경주 여행,93,네요,EF
경주 여행,93,으로,JKB
경주 여행,93,혼자,MAG
경주 여행,93,네요,EC
경주 여행,94,알라딘,NNP
경주 여행,94,100,SN
경주 여행,94,자평,NNG
경주 여행,94,일상,NNG
경주 여행,94,고고학,NNG
경주 여행,94,혼자,MAG
경주 여행,94,일상,NNG
경주 여행,94,고고학,NNG
경주 여행,94,혼자,MAG
경주 여행,94,개정,NNG
경주 여행,94,증보판,NNG
경주 여행,94,일상,NNG
경주 여행,94,고고학,NNG
경주 여행,94,시리즈,NNG
경주 여행,94,황윤,NNG
경주 여행,94,지음,NNG
경주 여행,94,고양이,NNG
경주 여행,94,2020,SN
경주 여행,94,10,SN
경주 여행,94,평점,NNG
경주 여행,94,지만,EC
경주 여행,94,제대로,MAG
경주 여행,94,구경,NNG
경주 여행,94,네요,EF
경주 여행,94,코로나,NNP
경주 여행,95,알라딘,NNP
경주 여행,95,100,SN
경주 여행,95,자평,NNG
경주 여행,95,일상,NNG
경주 여행,95,고고학,NNG
경주 여행,95,혼자,MAG
경주 여행,95,일상,NNG
경주 여행,95,고고학,NNG
경주 여행,95,혼자,MAG
경주 여행,95,개정,NNG
경주 여행,95,증보판,NNG
경주 여행,95,일상,NNG
경주 여행,95,고고학,NNG
경주 여행,95,시리즈,NNG
경주 여행,95,황윤,NNG
경주 여행,95,지음,NNG
경주 여행,95,고양이,NNG
경주 여행,95,2020,SN
경주 여행,95,10,SN
경주 여행,95,평점,NNG
경주 여행,95,수학,NNG
경주 여행,95,이후,NNG
경주 여행,95,못했,VX+EP
경주 여행,95,대해,VV+EC
경주 여행,95,다시,MAG
경주 여행,95,생각,NNG
경주 여행,95,네요,EC
경주 여행,96,알라딘,NNP
경주 여행,96,100,SN
경주 여행,96,자평,NNG
경주 여행,96,일상,NNG
경주 여행,96,고고학,NNG
경주 여행,96,혼자,MAG
경주 여행,96,2020,SN
경주 여행,96,10,SN
경주 여행,96,평점,NNG
경주 여행,96,매년,MAG
경주 여행,96,가을,NNG
경주 여행,96,꿈꾸,VV
경주 여행,96,지만,EC
경주 여행,96,아직,MAG
경주 여행,96,실천,NNG
경주 여행,96,사람,NNG
경주 여행,96,입니다,VCP+EF
경주 여행,96,알차,VA
경주 여행,96,느낄,VV+ETM
경주 여행,96,기대,NNG
경주 여행,96,열심히,MAG
경주 여행,96,습니다,EF
경주 여행,97,나정,NNG
경주 여행,97,맛집,NNG
경주 여행,97,나정,NNG
경주 여행,97,라면,NNG
경주 여행,97,맛집,NNG
경주 여행,97,에도,NNP
경주 여행,97,바다,NNG
경주 여행,97,나정,NNG
경주 여행,97,스토리,NNG
경주 여행,97,올려,VV+EC
경주 여행,97,드릴께요,VX+EF
경주 여행,97,에도,NNP
경주 여행,97,바다,NNG
경주 여행,97,다는,ETM
경주 여행,97,사실,NNG
경주 여행,97,아시나,NNP
경주 여행,97,정하,VV
경주 여행,97,면서,EC
경주 여행,97,바다,NNG
경주 여행,97,남편,NNG
경주 여행,97,역사,NNG
경주 여행,97,좋아해서,VV+EC
경주 여행,97,유적지,NNG
경주 여행,97,어요,EF
경주 여행,97,그러,VV
경주 여행,98,가을,NNG
경주 여행,98,도착,NNG
경주 여행,98,오늘,NNG
경주 여행,98,작년,NNG
경주 여행,98,여름,NNG
경주 여행,98,코스,NNG
경주 여행,98,서출지,NNG
경주 여행,98,통일전,NNP
경주 여행,98,그리고,MAJ
경주 여행,98,산림,NNG
경주 여행,98,연구원,NNG
경주 여행,98,둘러보,VV
경주 여행,98,핑크,NNG
경주 여행,98,예쁜,VA+ETM
경주 여행,98,첨성대,NNG
경주 여행,98,주변,NNG
경주 여행,98,황리,NNG
경주 여행,98,구경,NNG
경주 여행,98,헉헉,MAG
경주 여행,98,점심,NNG
경주 여행,98,커피,NNG
경주 여행,98,면서,EC
경주 여행,98,돌린다,VV+EC
경주 여행,98,조금,NNG
경주 여행,98,가을,NNG
경주 여행,98,찾아오,VV
경주 여행,99,알라딘,NNP
경주 여행,99,100,SN
경주 여행,99,자평,NNG
경주 여행,99,일상,NNG
경주 여행,99,고고학,NNG
경주 여행,99,혼자,MAG
경주 여행,99,일상,NNG
경주 여행,99,고고학,NNG
경주 여행,99,혼자,MAG
경주 여행,99,개정,NNG
경주 여행,99,증보판,NNG
경주 여행,99,일상,NNG
경주 여행,99,고고학,NNG
경주 여행,99,시리즈,NNG
경주 여행,99,황윤,NNG
경주 여행,99,지음,NNG
경주 여행,99,고양이,NNG
경주 여행,99,2020,SN
경주 여행,99,10,SN
경주 여행,99,평점,NNG
경주 여행,99,수학,NNG
경주 여행,99,역사,NNG
경주 여행,99,의미,NNG
경주 여행,99,모르,VV
경주 여행,99,지나쳤,VV+EP
경주 여행,99,지만,EC
경주 여행,99,이제,NNG
경주 여행,99,풍경,NNG
경주 여행,99,하나,NR
경주 여행,99,하나,NR
경주 여행,99,에서,JKB
경주 여행,100,알라딘,NNP
경주 여행,100,100,SN
경주 여행,100,자평,NNG
경주 여행,100,일상,NNG
경주 여행,100,고고학,NNG
경주 여행,100,혼자,MAG
경주 여행,100,앞서,MAG
경주 여행,100,출간,NNG
경주 여행,100,일상,NNG
경주 여행,100,고고학,NNG
경주 여행,100,혼자,NNG
경주 여행,100,백제,NNG
경주 여행,100,이어,MAG
경주 여행,100,이번,NNG
경주 여행,100,입니다,VCP+EF
경주 여행,100,전작,NNG
경주 여행,100,백제,NNG
경주 여행,100,만족,NNG
경주 여행,100,스러웠,XSA+EP
경주 여행,100,라면,EC
경주 여행,100,이번,NNG
경주 여행,100,무조건,MAG
경주 여행,100,탑승,NNG
경주 여행,100,바랍니다,VV+EC
경주 여행,101,경북,NNP
경주 여행,101,천문,NNG
경주 여행,101,기상,NNG
경주 여행,101,관측대,NNG
경주 여행,101,첨성대,NNG
경주 여행,101,일자,NNG
경주 여행,101,2016,SN
경주 여행,101,인원,NNG
경주 여행,101,친구,NNG
경주 여행,101,함께,MAG
경주 여행,101,첨성대,NNG
경주 여행,101,경북,NNP
경주 여행,101,인왕동,NNP
경주 여행,101,839,SN
경주 여행,101,전화,NNG
경주 여행,101,054,SN
경주 여행,101,779,SN
경주 여행,101,8741,SN
경주 여행,101,첨성대,NNG
경주 여행,101,관람료,NNG
경주 여행,101,무료,NNG
경주 여행,101,경북,NNP
경주 여행,101,이야기,NNG
경주 여행,101,첨성대,NNG
경주 여행,101,에서,JKB
경주 여행,101,바라본,VV+ETM
경주 여행,101,대릉원,NNG
경주 여행,101,야경,NNG
경주 여행,102,데이,NNG
경주 여행,102,택시,NNG
경주 여행,102,투어,NNG
경주 여행,102,감사,NNG
경주 여행,102,합니다,XSV+EF
경주 여행,102,구매,NNG
경주 여행,102,https,SL
경주 여행,102,smartstore,SL
경주 여행,102,naver,SL
경주 여행,102,com,SL
경주 여행,102,dptour,SL
경주 여행,102,products,SL
경주 여행,102,5981873243,SN
경주 여행,102,플레이스,NNG
경주 여행,102,데이,NNG
경주 여행,102,택시,NNG
경주 여행,102,투어,NNG
경주 여행,102,돌고래,NNG
경주 여행,102,돌핀,NNG
경주 여행,102,스토어,NNG
경주 여행,102,플레이스,NNG
경주 여행,102,데이,NNG
경주 여행,102,택시,NNG
경주 여행,102,투어,NNG
경주 여행,102,smartstore,SL
경주 여행,102,naver,SL
경주 여행,102,com,SL
경주 여행,103,울산,NNP
경주 여행,103,Part,SL
경주 여행,103,동궁,NNG
경주 여행,103,월지,NNG
경주 여행,103,누리,NNG
경주 여행,103,정원,NNG
경주 여행,103,성호,NNG
경주 여행,103,리조트,NNG
경주 여행,103,장생포,NNG
경주 여행,103,고래,NNG
경주 여행,103,문화,NNG
경주 여행,103,특구,NNP
경주 여행,103,라는,VCP+ETM
경주 여행,103,이름,NNG
경주 여행,103,으로,JKB
경주 여행,103,고래,NNG
경주 여행,103,주제,NNG
경주 여행,103,다채,XR
경주 여행,103,로운,XSA+ETM
경주 여행,103,관광지,NNG
경주 여행,103,형성,NNG
경주 여행,103,는데,EC
경주 여행,103,사실,MAG
경주 여행,103,고래,MAG
경주 여행,103,박물관,NNG
경주 여행,103,이나,JC
경주 여행,103,생태,NNG
경주 여행,103,jinstistory,SL
경주 여행,103,tistory,SL
경주 여행,103,com,SL
경주 여행,103,2023,SN
경주 여행,103,08,SN
경주 여행,103,16,SN
경주 여행,103,국내,NNG
경주 여행,103,울산,NNP
경주 여행,103,Part,SL
경주 여행,104,루비,NNG
경주 여행,104,정원,NNG
경주 여행,104,연휴,NNG
경주 여행,104,에서,JKB
경주 여행,104,시작,NNG
경주 여행,104,세요,EP+EF
경주 여행,104,신청,NNG
경주 여행,104,센터,NNG
경주 여행,104,광활,XR
경주 여행,104,부지,NNG
경주 여행,104,자리,NNG
경주 여행,104,역사,NNG
경주 여행,104,마당,NNG
경주 여행,104,엄청나,VA
경주 여행,104,너른,VA+ETM
경주 여행,104,연휴,NNG
경주 여행,104,계획,NNG
경주 여행,104,계신,VX+ETM
경주 여행,104,KTX,SL
경주 여행,104,이용,NNG
경주 여행,104,어떠,XR
경주 여행,104,신지,JKS+EP+EC
경주 여행,104,Copyright,SL
경주 여행,104,2011,SN
경주 여행,104,루비,NNG
경주 여행,104,All,SL
경주 여행,104,pictures,SL
경주 여행,105,출장,NNG
경주 여행,105,깨끗,XR
경주 여행,105,조식,NNG
경주 여행,105,제공,NNG
경주 여행,105,에이치,NNG
경주 여행,105,비뉴,NNG
경주 여행,105,호텔,NNG
경주 여행,105,불국사,NNP
경주 여행,105,까지,JX
경주 여행,105,도보,NNG
경주 여행,105,15,SN
경주 여행,105,거리,NNG
경주 여행,105,어서,EC
경주 여행,105,피로,NNG
경주 여행,105,조금,NNG
경주 여행,105,이나마,JX
경주 여행,105,습니다,EF
경주 여행,105,아침,NNG
경주 여행,105,일찍,MAG
경주 여행,105,불국사,NNG
경주 여행,105,방문,NNG
경주 여행,105,한적,XR
경주 여행,105,고요,NNG
경주 여행,105,분위기,NNG
경주 여행,105,에서,JKB
경주 여행,105,산책,NNG
경주 여행,105,즐기,VV
경주 여행,105,최적,NNG
경주 여행,105,위치,NNG
경주 여행,105,습니다,EF
경주 여행,105,스테이,NNG
경주 여행,106,보문,NNG
경주 여행,106,단지,MAG
경주 여행,106,벚꽃,NNG
경주 여행,106,보문호,NNP
경주 여행,106,반길,VV+ETM
경주 여행,106,화사,XR
경주 여행,106,선사,NNG
경주 여행,106,17,SN
경주 여행,106,최적,NNG
경주 여행,106,지이,NNG
경주 여행,106,도로,NNG
경주 여행,106,꽃길,NNG
경주 여행,106,이른,VA+ETM
경주 여행,106,시각,NNG
경주 여행,106,와야,VV+EC
경주 여행,106,제대로,MAG
경주 여행,106,힐링,NNG
경주 여행,106,만개,NNG
경주 여행,106,아름다운,VA+ETM
경주 여행,106,경관,NNG
경주 여행,106,이루,VV
경주 여행,106,보문,NNG
경주 여행,106,단지,NNG
경주 여행,106,시가지,NNG
경주 여행,106,에서,JKB
경주 여행,106,동쪽,NNG
경주 여행,106,으로,JKB
경주 여행,106,10,SN
경주 여행,106,정도,NNG
경주 여행,106,떨어진,VV+ETM
경주 여행,106,활산,NNP
경주 여행,106,성터,NNG
경주 여행,107,세계,NNG
경주 여행,107,문화유산,NNG
경주 여행,107,양동,NNP
경주 여행,107,마을,NNG
경주 여행,107,18,SN
경주 여행,107,29,SN
경주 여행,107,시간,NNG
경주 여행,107,떠나,VV
경주 여행,107,다면,EC
경주 여행,107,조상,NNG
경주 여행,107,모습,NNG
경주 여행,107,고스란히,MAG
경주 여행,107,간직,NNG
경주 여행,107,수백,NR
경주 여행,107,숨결,NNG
경주 여행,107,양동,NNP
경주 여행,107,마을,NNG
경주 여행,107,제격,NNG
경주 여행,107,아닐까,VCN+EC
경주 여행,107,경상북도,NNP
경주 여행,107,강동면,NNP
경주 여행,107,양동,NNP
경주 여행,107,마을,NNG
경주 여행,107,138,SN
경주 여행,107,18,SN
경주 여행,107,지번,NNG
경주 여행,107,경상북도,NNP
경주 여행,107,강동면,NNP
경주 여행,108,경북,NNP
경주 여행,108,불국사,NNG
경주 여행,108,단아,XR
경주 여행,108,정숙,XR
경주 여행,108,묻어나,VV
경주 여행,108,겹벚꽃,NNG
경주 여행,108,벚꽃,NNG
경주 여행,108,벚꽃,NNG
경주 여행,108,즐기,VV
경주 여행,108,고수,NNG
경주 여행,108,라면,VCP+EC
경주 여행,108,서둘러,VV+EC
경주 여행,108,티켓,NNG
경주 여행,108,예약,NNG
경주 여행,108,다시,MAG
경주 여행,108,들썩이,VV
경주 여행,108,지역,NNG
경주 여행,108,벚꽃,NNG
경주 여행,108,거의,MAG
경주 여행,108,떨어지,VV
경주 여행,108,불국사,NNG
경주 여행,108,겹벚꽃,NNG
경주 여행,108,으로,JKB
경주 여행,108,유명,XR
경주 여행,108,불국사,NNP
경주 여행,108,입구,NNG
경주 여행,109,14,SN
경주 여행,109,개월,NNBC
경주 여행,109,아기,NNG
경주 여행,109,후기,NNG
경주 여행,109,정글,NNG
경주 여행,109,법칙,NNG
경주 여행,109,미디어,NNG
경주 여행,109,파크,NNG
경주 여행,109,버드,NNP
경주 여행,109,파크,NNG
경주 여행,109,그래도,VV+EC
경주 여행,109,일정,NNG
경주 여행,109,온다면,VV+EC
경주 여행,109,다녀오,VV
경주 여행,109,버드,NNP
경주 여행,109,파크,NNG
경주 여행,109,위치,NNG
경주 여행,109,경북,NNP
경주 여행,109,보문,NNG
경주 여행,109,74,SN
경주 여행,109,14,SN
경주 여행,109,북군동,NNP
경주 여행,109,185,SN
경주 여행,109,전화,NNG
경주 여행,109,054,SN
경주 여행,109,777,SN
경주 여행,109,7200,SN
경주 여행,109,운영,NNG
경주 여행,109,시간,NNG
경주 여행,109,10,SN
경주 여행,109,00,SN
경주 여행,109,19,SN
경주 여행,109,00,SN
경주 여행,109,입장료,NNG
경주 여행,109,대인,NNG
경주 여행,109,20,SN
경주 여행,109,000,SN
경주 여행,109,소인,NNG
경주 여행,109,15,SN
경주 여행,109,000,SN
경주 여행,110,경북,NNP
경주 여행,110,하얀,VA+ETM
경주 여행,110,목련,NNG
경주 여행,110,대릉원,NNG
경주 여행,110,목련,NNG
경주 여행,110,풍경,NNG
경주 여행,110,최근,NNG
경주 여행,110,빼놓,VV
경주 여행,110,코스,NNG
경주 여행,110,다름,VA+ETN
경주 여행,110,아닌,VCN+ETM
경주 여행,110,야경,NNG
경주 여행,110,둘러보,VV
경주 여행,110,연인,NNG
경주 여행,110,함께,MAG
경주 여행,110,떠나,VV
경주 여행,110,당신,NP
경주 여행,110,위한,VV+ETM
경주 여행,110,야경,NNG
경주 여행,110,투어,NNG
경주 여행,110,코스,NNG
경주 여행,110,소개,NNG
경주 여행,110,한다,XSV+EC
경주 여행,110,준비,NNG
경주 여행,111,설레임,VV+ETN
경주 여행,111,패밀리,NNG
경주 여행,111,일상,NNG
경주 여행,111,오늘,NNG
경주 여행,111,목적지,NNG
경주 여행,111,회사,NNG
경주 여행,111,제휴,NNG
경주 여행,111,숙소,NNG
경주 여행,111,저렴,XR
경주 여행,111,예약,NNG
경주 여행,111,나선다,VV+EC
경주 여행,111,도착,NNG
경주 여행,111,자마자,EC
경주 여행,111,고파서,VA+EC
경주 여행,111,우리,NP
경주 여행,111,가족,NNG
경주 여행,111,국수집,NNG
경주 여행,111,본다,VV+EC
경주 여행,111,와이프,NNG
경주 여행,111,검색,NNG
경주 여행,111,해서,XSV+EC
경주 여행,111,찾아간,VV+ETM
경주 여행,111,갈비,NNG
경주 여행,111,국수,NNG
경주 여행,112,경북,NNP
경주 여행,112,다리,NNG
경주 여행,112,정교,NNG
경주 여행,112,18,SN
경주 여행,112,21,SN
경주 여행,112,잠시,MAG
경주 여행,112,교촌,NNG
경주 여행,112,마을,NNG
경주 여행,112,도착,NNG
경주 여행,112,행사,NNG
경주 여행,112,잠시,MAG
경주 여행,112,간다,VX+EC
경주 여행,112,최근,NNG
경주 여행,112,빼놓,VV
경주 여행,112,연인,NNG
경주 여행,112,함께,MAG
경주 여행,112,떠나,VV
경주 여행,112,당신,NP
경주 여행,112,위한,VV+ETM
경주 여행,112,야경,NNG
경주 여행,112,투어,NNG
경주 여행,112,코스,NNG
경주 여행,112,소개,NNG
경주 여행,112,한다,XSV+EC
경주 여행,112,준비,NNG
경주 여행,113,야경,NNG
경주 여행,113,이쁜,VA+ETM
경주 여행,113,안압지,NNP
경주 여행,113,첨성대,NNG
경주 여행,113,16,SN
경주 여행,113,31,SN
경주 여행,113,어울린다,VV+EC
경주 여행,113,에서,JKB
경주 여행,113,빠질,VV+ETM
경주 여행,113,관광지,NNG
경주 여행,113,하나,NR
경주 여행,113,첨성대,NNG
경주 여행,113,첨성대,NNG
경주 여행,113,신라,NNP
경주 여행,113,시대,NNG
경주 여행,113,관측,NNG
경주 여행,113,최근,NNG
경주 여행,113,빼놓,VV
경주 여행,113,코스,NNG
경주 여행,113,다름,VA+ETN
경주 여행,113,아닌,VCN+ETM
경주 여행,113,야경,NNG
경주 여행,113,둘러보,VV
경주 여행,114,에서,JKB
경주 여행,114,사람,NNG
경주 여행,114,지나치,VV
경주 여행,114,몇몇,MM
경주 여행,114,지인,NNG
경주 여행,114,경험,NNG
경주 여행,114,생각,NNG
경주 여행,114,에서,JKB
경주 여행,114,주목,NNG
경주 여행,114,장소,NNG
경주 여행,114,정리,NNG
경주 여행,114,고즈넉,XR
경주 여행,114,산사,NNG
경주 여행,114,옥천사,NNG
경주 여행,114,수학,NNG
경주 여행,114,성지,NNG
경주 여행,114,역사,NNG
경주 여행,114,탐방,NNG
경주 여행,114,중심지,NNG
경주 여행,114,알려져,VV+EC+VX+EC
경주 여행,114,지만,EC
경주 여행,114,주변,NNG
경주 여행,114,으로,JKB
경주 여행,115,알라딘,NNP
경주 여행,115,100,SN
경주 여행,115,자평,NNG
경주 여행,115,일상,NNG
경주 여행,115,고고학,NNG
경주 여행,115,혼자,MAG
경주 여행,115,일상,NNG
경주 여행,115,고고학,NNG
경주 여행,115,혼자,MAG
경주 여행,115,개정,NNG
경주 여행,115,증보판,NNG
경주 여행,115,일상,NNG
경주 여행,115,고고학,NNG
경주 여행,115,시리즈,NNG
경주 여행,115,황윤,NNG
경주 여행,115,지음,NNG
경주 여행,115,고양이,NNG
경주 여행,115,2020,SN
경주 여행,115,10,SN
경주 여행,115,평점,NNG
경주 여행,115,역사,NNG
경주 여행,115,사랑,NNG
경주 여행,115,사람,NNG
경주 여행,115,으로,JKB
경주 여행,115,바라본,VV+ETM
경주 여행,115,만큼,NNB
경주 여행,115,보이,VV
경주 여행,115,사랑,NNG
경주 여행,116,20200727,SN
경주 여행,116,08,SN
경주 여행,116,02,SN
경주 여행,116,20200728,SN
경주 여행,116,2020,SN
경주 여행,116,08,SN
경주 여행,116,02,SN
경주 여행,116,20200727,SN
경주 여행,116,2020,SN
경주 여행,116,08,SN
경주 여행,116,02,SN
경주 여행,116,평화,NNG
경주 여행,116,2020,SN
경주 여행,116,07,SN
경주 여행,116,13,SN
경주 여행,116,강릉,NNP
경주 여행,116,서나,NNG
경주 여행,116,2020,SN
경주 여행,116,07,SN
경주 여행,116,08,SN
경주 여행,116,강릉,NNP
경주 여행,116,2020,SN
경주 여행,116,07,SN
경주 여행,116,08,SN
경주 여행,117,한옥,NNG
경주 여행,117,숙소,NNG
경주 여행,117,소설,NNG
경주 여행,117,첨성,NNG
경주 여행,117,대점,NNG
경주 여행,117,비향,NNP
경주 여행,117,15,SN
경주 여행,117,한옥,NNG
경주 여행,117,숙소,NNG
경주 여행,117,이름,NNG
경주 여행,117,특이,XR
경주 여행,117,소설,NNG
경주 여행,117,첨성,NNG
경주 여행,117,대점,NNG
경주 여행,117,첨성대,NNG
경주 여행,117,진짜,MAG
경주 여행,117,가까워서,VA+EC
경주 여행,117,첨성,NNG
경주 여행,117,대점,NNG
경주 여행,117,이쁘,VA
경주 여행,117,이쁜,VA+ETM
경주 여행,117,한옥,NNG
경주 여행,117,소설,NNG
경주 여행,117,너무너무,MAG
경주 여행,117,너무,MAG
경주 여행,117,인기,NNG
경주 여행,117,라서,EC
경주 여행,117,주말,NNG
경주 여행,117,으려면,EC
경주 여행,118,까지,JX
경주 여행,118,이동은,NNP
경주 여행,118,기차,NNG
경주 여행,118,에서,JKB
경주 여행,118,자전거,NNG
경주 여행,118,도보,NNG
경주 여행,118,버스,NNG
경주 여행,118,투어,NNG
경주 여행,118,모두,MAG
경주 여행,118,가능,NNG
경주 여행,118,코스,NNG
경주 여행,118,시내,NNG
경주 여행,118,천마총,NNG
경주 여행,118,왕릉,NNG
경주 여행,118,첨성대,NNG
경주 여행,118,계림,NNG
경주 여행,118,포석정,NNP
경주 여행,118,안압지,NNP
경주 여행,119,알라딘,NNP
경주 여행,119,황금,NNG
경주 여행,119,호두,NNG
경주 여행,119,열리,VV
경주 여행,119,무웅,NNP
경주 여행,119,함께,MAG
경주 여행,119,떠나,VV
경주 여행,119,코스,NNG
경주 여행,119,인데,VCP+EC
경주 여행,119,새로운,VA+ETM
경주 여행,119,느낌,NNG
경주 여행,119,자꾸,MAG
경주 여행,119,새로운,VA+ETM
경주 여행,119,느낌,NNG
경주 여행,119,빠져,VV+EC
경주 여행,119,는데,EC
경주 여행,119,신라,NNP
경주 여행,119,에서,JKB
경주 여행,119,아이,NNG
경주 여행,119,함께,MAG
경주 여행,119,새롭,VA
경주 여행,119,다가왔,VV+EP
경주 여행,119,한참,MAG
경주 여행,119,티비,NNG
경주 여행,119,에서,JKB
경주 여행,120,감포,NNP
경주 여행,120,대말,NNG
경주 여행,120,체험,NNG
경주 여행,120,전시관,NNG
경주 여행,120,위치,NNG
경주 여행,120,경북,NNP
경주 여행,120,척사,NNG
경주 여행,120,18,SN
경주 여행,120,94,SN
경주 여행,120,운영,NNG
경주 여행,120,시간,NNG
경주 여행,120,09,SN
경주 여행,120,00,SN
경주 여행,120,18,SN
경주 여행,120,00,SN
경주 여행,120,연중무휴,NNG
경주 여행,120,대표,NNG
경주 여행,120,전화,NNG
경주 여행,120,054,SN
경주 여행,120,744,SN
경주 여행,120,3233,SN
경주 여행,120,입장료,NNG
경주 여행,120,무료,NNG
경주 여행,120,대말,NNG
경주 여행,120,체험,NNG
경주 여행,120,아이,NNG
경주 여행,120,함께,MAG
경주 여행,120,점심,NNG
경주 여행,120,시간,NNG
경주 여행,120,12,SN
경주 여행,120,00,SN
경주 여행,120,13,SN
경주 여행,120,00,SN
경주 여행,120,운영,NNG
경주 여행,121,알라딘,NNP
경주 여행,121,100,SN
경주 여행,121,자평,NNG
경주 여행,121,일상,NNG
경주 여행,121,고고학,NNG
경주 여행,121,혼자,MAG
경주 여행,121,일상,NNG
경주 여행,121,고고학,NNG
경주 여행,121,혼자,MAG
경주 여행,121,개정,NNG
경주 여행,121,증보판,NNG
경주 여행,121,일상,NNG
경주 여행,121,고고학,NNG
경주 여행,121,시리즈,NNG
경주 여행,121,황윤,NNG
경주 여행,121,지음,NNG
경주 여행,121,고양이,NNG
경주 여행,121,한참,MAG
경주 여행,121,는데,EC
경주 여행,121,오랜만,NNG
경주 여행,121,저자,NNG
경주 여행,121,함께,MAG
경주 여행,121,걸으며,VV+EC
경주 여행,121,역사,NNG
경주 여행,121,느낌,NNG
경주 여행,121,네요,EC
경주 여행,122,교리,NNG
경주 여행,122,김밥,NNG
경주 여행,122,맛집,NNG
경주 여행,122,면서,EC
경주 여행,122,들린,VV+ETM
경주 여행,122,김밥,NNG
경주 여행,122,남산,NNG
경주 여행,122,등산,NNG
경주 여행,122,포함,NNG
경주 여행,122,해서,XSV+EC
경주 여행,122,당일,NNG
경주 여행,122,계획,NNG
경주 여행,122,다녀왔,VV+EP
경주 여행,122,습니다,EF
경주 여행,122,코스,NNG
경주 여행,122,에선,JKB+JX
경주 여행,122,여하튼,MAJ
경주 여행,122,처럼,JKB
경주 여행,122,정도,NNG
경주 여행,122,라는,ETM
경주 여행,122,생각,NNG
경주 여행,122,네요,EF
경주 여행,122,특히나,MAG
경주 여행,122,남산,NNG
경주 여행,123,놀부,NNG
경주 여행,123,보쌈,NNG
경주 여행,123,황오,NNP
경주 여행,123,배달,NNG
경주 여행,123,후기,NNG
경주 여행,123,숙소,NNG
경주 여행,123,황남,NNG
경주 여행,123,머물,VV
경주 여행,123,어요,EF
경주 여행,123,저녁,NNG
경주 여행,123,아이,NNG
경주 여행,123,지치,VV
경주 여행,123,배민,NNG
경주 여행,123,놀부,NNG
경주 여행,123,보쌈,NNG
경주 여행,123,검색,NNG
경주 여행,123,황오,NNP
경주 여행,123,에서,JKB
경주 여행,123,배달,NNG
경주 여행,123,가능,NNG
경주 여행,123,다고,EC
경주 여행,123,나오,VV
경주 여행,123,네요,EF
경주 여행,123,저희,NP
경주 여행,123,황남,NNG
경주 여행,123,머물,VV
경주 여행,123,때문,NNB
경주 여행,124,안녕,IC
경주 여행,124,2014,SN
경주 여행,124,2014,SN
경주 여행,124,그냥,MAG
경주 여행,124,보내,VV
경주 여행,124,아쉬워서,VA+EC
경주 여행,124,기차,NNG
경주 여행,124,떠났,VV+EP
경주 여행,124,일전,NNG
경주 여행,124,크리스마스,NNG
경주 여행,124,오늘,NNG
경주 여행,124,안녕,NNG
경주 여행,124,2014,SN
경주 여행,124,이번,NNG
경주 여행,124,럭셔리,XR
경주 여행,124,컨셉,NNG
경주 여행,124,으로,JKB
경주 여행,124,호텔,NNG
경주 여행,124,에서,JKB
경주 여행,125,알라딘,NNP
경주 여행,125,서재,NNP
경주 여행,125,이야기,NNG
경주 여행,125,일상,NNG
경주 여행,125,고고학,NNG
경주 여행,125,혼자,MAG
경주 여행,125,무대,NNG
경주 여행,125,에세이,NNG
경주 여행,125,만날,VV+ETM
경주 여행,125,으로,JKB
경주 여행,125,에서,JKB
경주 여행,125,유명,XR
경주 여행,125,문화재,NNG
경주 여행,125,대한,VV+ETM
경주 여행,125,사전,NNG
경주 여행,125,지식,NNG
경주 여행,125,줄줄,MAG
경주 여행,125,얼마,NNG
경주 여행,125,든지,VCP+EC
경주 여행,125,재미있,VA
경주 여행,125,의미,NNG
경주 여행,126,코스,NNG
경주 여행,126,읍천항,NNP
경주 여행,126,주상,NNG
경주 여행,126,절리,NNG
경주 여행,126,파도,NNG
경주 여행,126,소리,NNG
경주 여행,126,주상,NNG
경주 여행,126,절리,NNG
경주 여행,126,제주도,NNP
경주 여행,126,만큼,JKB
경주 여행,126,이나,JX
경주 여행,126,이쁜,VA+ETM
경주 여행,126,게다가,MAG
경주 여행,126,조용,XR
경주 여행,126,읍천항,NNP
경주 여행,126,코스,NNG
경주 여행,126,읍천항,NNP
경주 여행,126,자리,NNG
경주 여행,126,주상,NNG
경주 여행,126,절리,NNG
경주 여행,126,파도,NNG
경주 여행,126,소리,NNG
경주 여행,126,주차장,NNG
경주 여행,126,갖추,VV
경주 여행,126,따라,VV+EC
경주 여행,126,등대,NNG
경주 여행,126,까지,JX
경주 여행,127,차량,NNG
경주 여행,127,대절,NNG
경주 여행,127,가격,NNG
경주 여행,127,공유,NNG
경주 여행,127,정답,NNG
경주 여행,127,바로,MAG
경주 여행,127,고도,NNG
경주 여행,127,랍니다,VCP+EC
경주 여행,127,이제,MAG
경주 여행,127,우렁찬,VA+ETM
경주 여행,127,매미,NNG
경주 여행,127,소리,NNG
경주 여행,127,귀뚜라미,NNG
경주 여행,127,소리,NNG
경주 여행,127,가까워,VA+EC
경주 여행,127,풍요,NNG
경주 여행,127,계절,NNG
경주 여행,127,가을,NNG
경주 여행,127,습니다,EF
경주 여행,127,가을,NNG
경주 여행,127,감상,NNG
경주 여행,127,위해,VV+EC
경주 여행,127,돌고래,NNG
경주 여행,128,가벼운,VA+ETM
경주 여행,128,아침,NNG
경주 여행,128,식사,NNG
경주 여행,128,추천,NNG
경주 여행,128,용강,NNG
경주 여행,128,국밥,NNG
경주 여행,128,따로국밥,NNG
경주 여행,128,용강,NNG
경주 여행,128,국밥,NNG
경주 여행,128,위치,NNG
경주 여행,128,경북,NNP
경주 여행,128,봉황,NNG
경주 여행,128,70,SN
경주 여행,128,운영,NNG
경주 여행,128,시간,NNG
경주 여행,128,매일,MAG
경주 여행,128,21,SN
경주 여행,128,둘째,NR
경주 여행,128,아침,NNG
경주 여행,128,가볍,VA
경주 여행,128,국밥,NNG
경주 여행,128,으러,EC
경주 여행,128,어용,EC
경주 여행,128,국밥,NNG
경주 여행,128,찾아가,VV
경주 여행,128,라면,NNG
경주 여행,128,땡겨,VV+EC
경주 여행,128,홍게,NNP
경주 여행,128,라면,VCP+EC
경주 여행,128,으로,JKB
경주 여행,128,지만,EC
경주 여행,128,아침,NNG
경주 여행,129,알라딘,NNP
경주 여행,129,100,SN
경주 여행,129,자평,NNG
경주 여행,129,일상,NNG
경주 여행,129,고고학,NNG
경주 여행,129,혼자,MAG
경주 여행,129,일상,NNG
경주 여행,129,고고학,NNG
경주 여행,129,혼자,MAG
경주 여행,129,개정,NNG
경주 여행,129,증보판,NNG
경주 여행,129,일상,NNG
경주 여행,129,고고학,NNG
경주 여행,129,시리즈,NNG
경주 여행,129,황윤,NNG
경주 여행,129,지음,NNG
경주 여행,129,고양이,NNG
경주 여행,129,2020,SN
경주 여행,129,10,SN
경주 여행,129,평점,NNG
경주 여행,129,신라,NNP
경주 여행,129,유적지,NNG
경주 여행,129,대해서,VV+EC
경주 여행,129,전문가,NNG
경주 여행,129,저저,NNG
경주 여행,129,안목,NNG
경주 여행,129,보이,VV
경주 여행,129,습니다,EF
경주 여행,129,100,SN
경주 여행,130,필요,NNG
경주 여행,130,시외버스,NNG
경주 여행,130,터미널,NNG
경주 여행,130,시간표,NNG
경주 여행,130,요금표,NNG
경주 여행,130,필요,NNG
경주 여행,130,시외버스,NNG
경주 여행,130,터미널,NNG
경주 여행,130,시간표,NNG
경주 여행,130,요금표,NNG
경주 여행,130,신라,NNG
경주 여행,130,고도,NNG
경주 여행,130,에게,JKB
경주 여행,130,필요,NNG
경주 여행,130,정보,NNG
경주 여행,130,입니다,VCP+EF
경주 여행,130,요즘,MAG
경주 여행,130,버스,NNG
경주 여행,130,이용,NNG
경주 여행,130,많이,MAG
경주 여행,130,이런,MM
경주 여행,130,정보,NNG
경주 여행,130,필요,NNG
경주 여행,130,느껴서,VV+EC
경주 여행,131,가본,NNG
경주 여행,131,동궁,NNG
경주 여행,131,예쁜,VA+ETM
경주 여행,131,만나,VV
경주 여행,131,커피,NNG
경주 여행,131,열매,NNG
경주 여행,131,으면서,EC
경주 여행,131,노천온천,NNP
경주 여행,131,행복,NNG
경주 여행,132,황리,NNG
경주 여행,132,보문,NNG
경주 여행,132,단지,MAG
경주 여행,132,왕릉,NNG
경주 여행,132,탐방,NNG
경주 여행,132,데이트,NNG
경주 여행,132,코스,NNG
경주 여행,132,https,SL
경주 여행,132,youtu,SL
경주 여행,132,be,SL
경주 여행,132,nZzijKooIk,SL
경주 여행,132,황리,NNG
경주 여행,132,예쁘,VA
경주 여행,132,마음,NNG
경주 여행,132,낭만,NNG
경주 여행,132,으로,JKB
경주 여행,132,차오르,VV
경주 여행,132,경상도,NNP
경주 여행,132,에서,JKB
경주 여행,132,흔치,VA+EC
경주 여행,132,거리,NNG
경주 여행,132,바로,MAG
경주 여행,132,유적지,NNG
경주 여행,132,오래,MAG
경주 여행,132,한옥,NNG
경주 여행,132,고도,NNG
경주 여행,132,사뭇,MAG
경주 여행,132,어울리,VV
경주 여행,132,면서도,EC
경주 여행,133,밀면,NNP
경주 여행,133,에서,JKB
경주 여행,133,맛보,VV
경주 여행,133,가격,NNG
경주 여행,133,착해,VA+EC
경주 여행,133,5000,SN
경주 여행,133,비빔,NNG
경주 여행,133,물밀,VV
경주 여행,133,5000,SN
경주 여행,133,떡갈비,NNG
경주 여행,133,2000,SN
경주 여행,133,12,SN
경주 여행,133,000,SN
경주 여행,133,밥상,NNG
경주 여행,133,그리고,MAJ
경주 여행,133,뜨거운,VA+ETM
경주 여행,133,육수,NNG
경주 여행,133,까지,JX
경주 여행,133,평가,NNG
경주 여행,133,입맛,NNG
경주 여행,133,따라,VV+EC
경주 여행,133,취향,NNG
경주 여행,133,따루,MAG
경주 여행,133,따루,MAG
경주 여행,134,엑스,NNG
경주 여행,134,포대,NNG
경주 여행,134,공원,NNG
경주 여행,134,2025,SN
경주 여행,134,08,SN
경주 여행,134,16,SN
경주 여행,134,푸른,VA+ETM
경주 여행,134,애벌레,NNG
경주 여행,134,둘째,NR
경주 여행,134,보문호,NNP
경주 여행,134,주변,NNG
경주 여행,134,10,SN
경주 여행,134,엑스,NNG
경주 여행,134,포대,NNG
경주 여행,134,공원,NNG
경주 여행,134,입장,NNG
경주 여행,134,엑스포,NNG
경주 여행,134,기념관,NNG
경주 여행,134,천마,NNG
경주 여행,134,궁전,NNG
경주 여행,134,타워,NNG
경주 여행,134,솔거,NNG
경주 여행,134,미술관,NNG
경주 여행,134,자연사,NNG
경주 여행,134,박물관,NNG
경주 여행,135,2020,SN
경주 여행,135,동방역,NNP
경주 여행,135,능소화,NNG
경주 여행,135,서출지,NNG
경주 여행,135,경북,NNP
경주 여행,135,산림,NNG
경주 여행,135,연구원,NNG
경주 여행,135,2020,SN
경주 여행,135,25,SN
경주 여행,135,동방역,NNP
경주 여행,135,능소화,NNG
경주 여행,135,서출지,NNG
경주 여행,135,경북,NNP
경주 여행,135,산림,NNG
경주 여행,135,연구원,NNG
경주 여행,136,모녀,NNG
경주 여행,136,함께,MAG
경주 여행,136,바보,NNG
경주 여행,136,블로그,NNG
경주 여행,136,모녀,NNG
경주 여행,136,함께,MAG
경주 여행,136,2019,SN
경주 여행,136,10,SN
경주 여행,136,15,SN
경주 여행,136,첨성대,NNG
경주 여행,136,야생,NNG
경주 여행,136,단지,MAG
경주 여행,136,계림,NNG
경주 여행,136,월지,NNG
경주 여행,136,안압지,NNP
경주 여행,136,계림,NNP
경주 여행,136,월지,NNP
경주 여행,136,안압지,NNP
경주 여행,136,야경,NNG
경주 여행,136,박물관,NNG
경주 여행,136,10,SN
경주 여행,136,16,SN
경주 여행,136,김유신,NNP
경주 여행,136,장군,NNG
경주 여행,137,석굴암,NNG
경주 여행,137,2018,SN
경주 여행,137,10,SN
경주 여행,138,알라딘,NNP
경주 여행,138,일상,NNG
경주 여행,138,고고학,NNG
경주 여행,138,혼자,MAG
경주 여행,138,일상,NNG
경주 여행,138,고고학,NNG
경주 여행,138,혼자,MAG
경주 여행,138,개정,NNG
경주 여행,138,증보판,NNG
경주 여행,138,일상,NNG
경주 여행,138,고고학,NNG
경주 여행,138,시리즈,NNG
경주 여행,138,황윤,NNG
경주 여행,138,지음,NNG
경주 여행,138,고양이,NNG
경주 여행,138,2020,SN
경주 여행,138,10,SN
경주 여행,138,평점,NNG
경주 여행,138,수학,NNG
경주 여행,138,으로,JKB
경주 여행,138,추억,NNG
경주 여행,138,다시,MAG
경주 여행,138,한번,MAG
경주 여행,138,역사,NNG
경주 여행,138,그렇,VA
경주 여행,138,수록,EC
경주 여행,139,알라딘,NNP
경주 여행,139,100,SN
경주 여행,139,자평,NNG
경주 여행,139,일상,NNG
경주 여행,139,고고학,NNG
경주 여행,139,혼자,MAG
경주 여행,139,일상,NNG
경주 여행,139,고고학,NNG
경주 여행,139,혼자,MAG
경주 여행,139,개정,NNG
경주 여행,139,증보판,NNG
경주 여행,139,일상,NNG
경주 여행,139,고고학,NNG
경주 여행,139,시리즈,NNG
경주 여행,139,황윤,NNG
경주 여행,139,지음,NNG
경주 여행,139,고양이,NNG
경주 여행,139,2020,SN
경주 여행,139,10,SN
경주 여행,139,평점,NNG
경주 여행,139,삼국,NNG
경주 여행,139,시대,NNG
경주 여행,139,관한,VV+ETM
경주 여행,139,거의,MAG
경주 여행,139,모든,MM
경주 여행,139,자료,NNG
경주 여행,139,섭렵,NNG
경주 여행,139,소장,NNG
경주 여행,139,역사,NNG
경주 여행,139,학자,NNG
경주 여행,139,순수,NNG
경주 여행,139,시각,NNG
경주 여행,139,생생,XR
경주 여행,140,경비,NNG
경주 여행,140,혼자,NNG
경주 여행,140,떠난,VV+ETM
경주 여행,140,이동,NNG
경주 여행,140,수단,NNG
경주 여행,140,시외버스,NNG
경주 여행,140,버스,NNG
경주 여행,140,택시,NNG
경주 여행,140,시티투어,NNP
경주 여행,140,버스,NNG
경주 여행,140,Total,SL
경주 여행,140,13,SN
경주 여행,140,140,SN
경주 여행,140,기타,NNG
경주 여행,140,생필품,NNG
경주 여행,140,샴푸,NNG
경주 여행,140,린스,NNG
경주 여행,140,바디,NNG
경주 여행,140,워시,NNP
경주 여행,140,버블,NNG
경주 여행,140,490,SN
경주 여행,140,Total,SL
경주 여행,140,경비,NNG
경주 여행,140,148,SN
경주 여행,140,080,SN
경주 여행,141,경북,NNP
경주 여행,141,현대,NNG
경주 여행,141,호텔,NNG
경주 여행,141,현대,NNP
경주 여행,141,호텔,NNG
경주 여행,141,현대,NNG
경주 여행,141,호텔,NNG
경주 여행,141,보문,NNP
경주 여행,141,수상,NNG
경주 여행,141,공연장,NNG
경주 여행,141,보문관광단지,NNP
경주 여행,141,보문호,NNP
경주 여행,141,반길,VV+ETM
경주 여행,141,신라,NNP
경주 여행,141,컨트리클럽,NNG
경주 여행,141,숙박,NNG
경주 여행,141,현대,NNG
경주 여행,141,호텔,NNG
경주 여행,141,방문,NNG
경주 여행,141,일자,NNG
경주 여행,141,2016,SN
경주 여행,141,현대,NNG
경주 여행,141,호텔,NNG
경주 여행,141,경북,NNP
경주 여행,141,신평동,NNP
경주 여행,142,석굴암,NNG
경주 여행,142,불국사,NNG
경주 여행,142,09,SN
경주 여행,142,43,SN
경주 여행,142,석굴암,NNG
경주 여행,142,불국사,NNG
경주 여행,142,일시,NNG
경주 여행,142,2011,SN
경주 여행,142,22,SN
경주 여행,142,24,SN
경주 여행,142,장소,NNG
경주 여행,142,세째,NR
경주 여행,142,24,SN
경주 여행,142,석굴암,NNG
경주 여행,142,불국사,NNG
경주 여행,142,참여,NNG
경주 여행,142,우리,NP
경주 여행,142,가족,NNG
경주 여행,142,송국영,NNP
경주 여행,142,안종,NNP
경주 여행,142,송진주,NNP
경주 여행,142,김홍식,NNP
경주 여행,142,김연우,NNP
경주 여행,142,연주,NNP
경주 여행,142,조광민,NNP
경주 여행,143,대릉원,NNG
경주 여행,143,스탬프,NNG
경주 여행,143,투어,NNG
경주 여행,143,다섯,NR
경주 여행,143,이야기,NNG
경주 여행,143,대릉원,NNG
경주 여행,143,천마,NNG
경주 여행,143,경북,NNP
경주 여행,143,스탬프,NNG
경주 여행,143,투어,NNG
경주 여행,143,오릉,NNG
경주 여행,143,대릉원,NNG
경주 여행,143,천마총,NNG
경주 여행,143,오릉,NNG
경주 여행,143,교촌,NNG
경주 여행,143,마을,NNG
경주 여행,143,투어,NNG
경주 여행,143,마치,VV
경주 여행,143,다음,NNG
경주 여행,143,으로,JKB
경주 여행,143,찾아간,VV+ETM
경주 여행,143,바로,MAG
경주 여행,143,오릉,NNG
경주 여행,143,교촌,NNG
경주 여행,143,마을,NNG
경주 여행,143,면서,EC
경주 여행,143,조금,MAG
경주 여행,143,지치,VV
경주 여행,143,느낌,NNG
경주 여행,143,는데,EC
경주 여행,144,유적지,NNG
경주 여행,144,트레,NNP
경주 여행,144,대상지,NNG
경주 여행,144,유적지,NNG
경주 여행,144,트레,NNP
경주 여행,144,소재지,NNG
경주 여행,144,경북,NNP
경주 여행,144,2023,SN
경주 여행,144,10,SN
경주 여행,144,동궁,NNG
경주 여행,144,월지,NNG
경주 여행,144,반월,NNG
경주 여행,144,교촌,NNG
경주 여행,144,대릉원,NNG
경주 여행,144,44,SN
경주 여행,144,고분,NNG
경주 여행,144,분황사,NNG
경주 여행,144,황룡사,NNG
경주 여행,144,역사,NNG
경주 여행,144,문화원,NNG
경주 여행,144,동궁,NNG
경주 여행,144,월지,NNG
경주 여행,144,주차장,NNG
경주 여행,144,Km,SL
경주 여행,144,반월,NNG
경주 여행,144,에서,JKB
경주 여행,145,2020,SN
경주 여행,145,06,SN
경주 여행,145,13,SN
경주 여행,145,14,SN
경주 여행,145,일요일,NNG
경주 여행,145,오전,NNG
경주 여행,145,오후,NNG
경주 여행,145,에서,JKB
경주 여행,145,고향,NNG
경주 여행,145,친구,NNG
경주 여행,145,함께,MAG
경주 여행,145,신라,NNP
경주 여행,145,대종,NNG
경주 여행,145,장맛비,NNG
경주 여행,145,시작,NNG
경주 여행,145,육월,NNP
경주 여행,145,중순,NNG
경주 여행,145,고향,NNG
경주 여행,145,친구,NNG
경주 여행,145,함께,MAG
경주 여행,145,에서,JKB
경주 여행,145,즐거운,VA+ETM
경주 여행,145,대릉원,NNG
경주 여행,145,돌담길,NNP
경주 여행,145,황리,NNG
경주 여행,146,이야기,NNG
경주 여행,146,계명,NNG
경주 여행,146,대학교,NNG
경주 여행,146,동산,NNG
경주 여행,146,병원,NNG
경주 여행,146,라고,EC
경주 여행,146,일자,NNG
경주 여행,146,2016,SN
경주 여행,146,인원,NNG
경주 여행,146,친구,NNG
경주 여행,146,함께,MAG
경주 여행,146,시외버스,NNG
경주 여행,146,터미널,NNG
경주 여행,146,경북,NNP
경주 여행,146,노서동,NNP
경주 여행,146,160,SN
경주 여행,146,전화,NNG
경주 여행,146,1666,SN
경주 여행,146,5599,SN
경주 여행,146,시외버스,NNG
경주 여행,146,터미널,NNG
경주 여행,147,동궁,NNG
경주 여행,147,월지,NNG
경주 여행,147,안압지,NNP
경주 여행,147,야경,NNG
경주 여행,147,해외,NNG
경주 여행,147,이야기,NNG
경주 여행,147,후기,NNG
경주 여행,147,동궁,NNG
경주 여행,147,월지,NNG
경주 여행,147,안압지,NNP
경주 여행,147,야경,NNG
경주 여행,147,훌리아,NNP
경주 여행,147,2020,SN
경주 여행,147,25,SN
경주 여행,147,15,SN
경주 여행,147,17,SN
경주 여행,147,2019,SN
경주 여행,147,여름,NNG
경주 여행,147,사진,NNG
경주 여행,147,보관,NNG
경주 여행,147,구독,NNG
경주 여행,147,해외,NNG
경주 여행,147,이야기,NNG
경주 여행,147,후기,NNG
경주 여행,147,Related,SL
경주 여행,147,Articles,SL
경주 여행,148,알라딘,NNP
경주 여행,148,100,SN
경주 여행,148,자평,NNG
경주 여행,148,일상,NNG
경주 여행,148,고고학,NNG
경주 여행,148,혼자,MAG
경주 여행,148,일상,NNG
경주 여행,148,고고학,NNG
경주 여행,148,혼자,MAG
경주 여행,148,개정,NNG
경주 여행,148,증보판,NNG
경주 여행,148,일상,NNG
경주 여행,148,고고학,NNG
경주 여행,148,시리즈,NNG
경주 여행,148,황윤,NNG
경주 여행,148,지음,NNG
경주 여행,148,고양이,NNG
경주 여행,148,재미있,VA
경주 여행,148,길잡이,NNG
경주 여행,148,입니다,VCP+EF
경주 여행,148,풍부,XR
경주 여행,148,이해,NNG
경주 여행,149,코스,NNG
경주 여행,149,뚜벅,MAG
경주 여행,149,불국사,NNP
경주 여행,149,석굴암,NNG
경주 여행,149,중교,NNG
경주 여행,149,naver,SL
경주 여행,149,com,SL
경주 여행,149,loveartlove,SL
경주 여행,149,223054447834,SN
경주 여행,149,다시,MAG
경주 여행,149,서울,NNP
경주 여행,149,올라갈,VV+ETM
경주 여행,149,불국사,NNP
경주 여행,149,불국사,NNP
경주 여행,149,국보,NNG
경주 여행,149,다보탑,NNG
경주 여행,149,석가탑,NNG
경주 여행,149,석굴암,NNG
경주 여행,149,입장료,NNG
경주 여행,150,코스,NNG
경주 여행,150,베스트,NNG
경주 여행,150,추천,NNG
경주 여행,150,top,SL
경주 여행,150,10,SN
경주 여행,150,코스,NNG
경주 여행,150,베스트,NNG
경주 여행,150,추천,NNG
경주 여행,150,top,SL
경주 여행,150,10,SN
경주 여행,150,코스,NNG
경주 여행,150,베스트,NNG
경주 여행,150,추천,NNG
경주 여행,150,top,SL
경주 여행,150,10,SN
경주 여행,150,소개,NNG
경주 여행,150,합니다,XSV+EC
경주 여행,150,황리,NNG
경주 여행,150,상호,NNG
경주 여행,150,황리,NNG
경주 여행,150,주소,NNG
경주 여행,150,경상북도,NNP
경주 여행,150,황남동,NNP
경주 여행,150,280,SN
경주 여행,150,전화,NNG
경주 여행,150,번호,NNG
경주 여행,150,입력,NNG
경주 여행,150,관련,NNG
경주 여행,150,키워드,NNP
경주 여행,150,키워드,NNP
경주 여행,151,불국사,NNG
경주 여행,151,스탬프,NNG
경주 여행,151,투어,NNG
경주 여행,151,이야기,NNG
경주 여행,151,불국사,NNP
경주 여행,151,석굴암,NNG
경주 여행,151,경북,NNP
경주 여행,151,스탬프,NNG
경주 여행,151,투어,NNG
경주 여행,151,가을,NNG
경주 여행,151,불국사,NNG
경주 여행,151,석굴암,NNG
경주 여행,151,동리,NNG
경주 여행,151,문학관,NNG
경주 여행,151,구경,NNG
경주 여행,151,마치,VV
경주 여행,151,다음,NNG
경주 여행,151,으로,JKB
경주 여행,151,장소,NNG
경주 여행,151,핵심,NNG
경주 여행,151,메카,NNP
경주 여행,151,바로,MAG
경주 여행,151,불국사,NNP
경주 여행,151,석굴암,NNG
경주 여행,152,황리,NNG
경주 여행,152,한옥,NNG
경주 여행,152,카페,NNG
경주 여행,152,추천,NNG
경주 여행,152,카페,NNP
경주 여행,152,아덴,NNP
경주 여행,152,카페,NNP
경주 여행,152,아덴,NNP
경주 여행,152,위치,NNG
경주 여행,152,경북,NNP
경주 여행,152,사정,NNG
경주 여행,152,57,SN
경주 여행,152,운영,NNG
경주 여행,152,시간,NNG
경주 여행,152,매일,MAG
경주 여행,152,10,SN
경주 여행,152,와서,VV+EC
경주 여행,152,으로,JKB
경주 여행,152,채울,VV+ETM
경주 여행,152,어서,EC
경주 여행,152,어요,EF
경주 여행,152,실시간,NNG
경주 여행,152,예보,NNG
경주 여행,152,너무,MAG
경주 여행,152,커피,NNG
경주 여행,152,아덴,NNP
경주 여행,152,시그,NNP
경주 여행,153,알라딘,NNP
경주 여행,153,100,SN
경주 여행,153,자평,NNG
경주 여행,153,일상,NNG
경주 여행,153,고고학,NNG
경주 여행,153,혼자,MAG
경주 여행,153,일상,NNG
경주 여행,153,고고학,NNG
경주 여행,153,혼자,MAG
경주 여행,153,개정,NNG
경주 여행,153,증보판,NNG
경주 여행,153,일상,NNG
경주 여행,153,고고학,NNG
경주 여행,153,시리즈,NNG
경주 여행,153,황윤,NNG
경주 여행,153,지음,NNG
경주 여행,153,고양이,NNG
경주 여행,153,2020,SN
경주 여행,153,10,SN
경주 여행,153,평점,NNG
경주 여행,153,대한,VV+ETM
경주 여행,153,아름다움,VA+ETN
경주 여행,153,느낄,VV+ETM
경주 여행,153,기대,NNG
경주 여행,153,됩니다,XSV+EC
경주 여행,154,알라딘,NNP
경주 여행,154,서재,NNP
경주 여행,154,필수,NNG
경주 여행,154,필요,NNG
경주 여행,154,지식,NNG
경주 여행,154,설명,NNG
경주 여행,154,이해,NNG
경주 여행,154,사진,NNG
경주 여행,154,정보,NNG
경주 여행,154,가득,MAG
경주 여행,154,서울,NNP
경주 여행,154,이어,MAG
경주 여행,154,역사,NNG
경주 여행,154,꿈꾸,VV
경주 여행,154,한옥,NNG
경주 여행,154,에서,JKB
경주 여행,154,독서,NNG
경주 여행,154,모임,NNG
경주 여행,154,다가,EC
경주 여행,154,바로,MAG
경주 여행,154,주문,NNG
경주 여행,154,역사,NNG
경주 여행,154,예정,NNG
경주 여행,155,황리,NNG
경주 여행,155,맛집,NNG
경주 여행,155,여도,NNG
경주 여행,155,영업,NNG
경주 여행,155,종료,NNG
경주 여행,155,오늘,NNG
경주 여행,155,맛집,NNG
경주 여행,155,황리,NNG
경주 여행,155,맛집,NNG
경주 여행,155,여주,NNG
경주 여행,155,이야기,NNG
경주 여행,155,함께,MAG
경주 여행,155,해요,VV+EF
경주 여행,155,다만,MAJ
경주 여행,155,현재,MAG
경주 여행,155,여도,NNG
경주 여행,155,다는,ETM
경주 여행,155,저희,NP
경주 여행,155,기록,NNG
경주 여행,155,해서,VV+EC
경주 여행,155,그냥,MAG
경주 여행,155,포스팅,NNP
경주 여행,155,진행,NNG
경주 여행,155,참고,NNG
경주 여행,155,세요,EP+EF
경주 여행,155,한옥,NNP
경주 여행,155,외관,NNG
경주 여행,155,눈길,NNG
경주 여행,156,13,SN
경주 여행,156,성동,NNG
경주 여행,156,시장,NNG
경주 여행,156,구경,NNG
경주 여행,156,가을,NNG
경주 여행,156,기차,NNG
경주 여행,156,피날레,NNG
경주 여행,156,2018,SN
경주 여행,156,11,SN
경주 여행,156,즐거웠,VA+EP
경주 여행,156,가을,NNG
경주 여행,156,기차,NNG
경주 여행,156,단풍,NNG
경주 여행,156,맘껏,MAG
경주 여행,156,누리,VV
경주 여행,156,돌아가,VV
경주 여행,156,노란,VA+ETM
경주 여행,156,은행,NNG
경주 여행,156,낙엽,NNG
경주 여행,156,올려,VV+EC
경주 여행,156,어야,EC
경주 여행,156,는데,EC
경주 여행,156,언니,NNG
경주 여행,156,수고,NNG
경주 여행,156,어염,EF
경주 여행,156,숙소,NNG
경주 여행,156,변경,NNG
경주 여행,156,지도자,NNG
경주 여행,156,언니,NNG
경주 여행,156,짝짝,MAG
경주 여행,157,황리,NNG
경주 여행,157,주전부리,NNG
경주 여행,157,황금,NNG
경주 여행,157,황남,NNG
경주 여행,157,옥수수,NNG
경주 여행,157,청년,NNG
경주 여행,157,분식,NNG
경주 여행,157,황리,NNG
경주 여행,157,주전부리,NNG
경주 여행,157,저녁,NNG
경주 여행,157,출출,XR
경주 여행,157,해서,XSA+EC
경주 여행,157,황리,NNG
경주 여행,157,주전부리,NNG
경주 여행,157,우선,MAG
경주 여행,157,급한,VA+ETM
경주 여행,157,결론,NNG
경주 여행,157,부터,JX
경주 여행,157,자면,EC
경주 여행,157,청년,NNG
경주 여행,157,분식,NNG
경주 여행,157,황남,NNG
경주 여행,157,옥수수,NNG
경주 여행,157,모두,MAG
경주 여행,157,아쉽,VA
경주 여행,157,청년,NNG
경주 여행,157,분식,NNG
경주 여행,157,쥬얼,NNP
경주 여행,157,우릴,VV+ETM
경주 여행,157,유혹,NNG
경주 여행,157,뭔가,NP+VCP+EC
경주 여행,158,2303,SN
경주 여행,158,봄꽃,NNG
경주 여행,158,습니다,EF
경주 여행,158,벌써,MAG
경주 여행,158,마지막,NNG
경주 여행,158,월요일,NNG
경주 여행,158,찾아간,VV+ETM
경주 여행,158,벚꽃,NNG
경주 여행,158,상춘객,NNG
경주 여행,158,으로,JKB
경주 여행,158,많이,MAG
경주 여행,158,붐볐,VV+EP
경주 여행,158,습니다,EF
경주 여행,158,에서,JKB
경주 여행,158,점심,NNG
경주 여행,158,집사람,NNG
경주 여행,158,국도,NNG
경주 여행,158,천천히,MAG
경주 여행,158,올라가,VV
경주 여행,158,곳곳,NNG
경주 여행,158,벚꽃,NNG
경주 여행,158,자랑,NNG
경주 여행,158,열중,NNG
경주 여행,159,첨성대,NNG
경주 여행,159,대릉원,NNG
경주 여행,159,주차,NNG
경주 여행,159,주차장,NNG
경주 여행,159,대릉원,NNG
경주 여행,159,주차장,NNG
경주 여행,159,여기,NP
경주 여행,159,매표,NNG
경주 여행,159,해야,VV+EC
경주 여행,159,들어갈,VV+ETM
경주 여행,159,어서,EC
경주 여행,159,그냥,MAG
경주 여행,159,혼자,NNG
경주 여행,159,굳이,MAG
경주 여행,159,들어갈,VV+ETM
경주 여행,159,필요,NNG
경주 여행,159,느꼈,VV+EP
경주 여행,159,네요,EF
경주 여행,159,편하,VA
경주 여행,159,드라이브,NNG
경주 여행,159,둘러본,VV+ETM
경주 여행,159,그리고,MAJ
경주 여행,159,그곳,NP
경주 여행,159,에서,JKB
경주 여행,159,만난,VV+ETM
경주 여행,159,첨성대,NNG
경주 여행,160,에서,JKB
경주 여행,160,걸어서,VV+EC
경주 여행,160,대릉원,NNG
경주 여행,160,까지,JX
경주 여행,160,대릉원,NNG
경주 여행,160,담장,NNG
경주 여행,160,2018,SN
경주 여행,160,11,SN
경주 여행,160,이번,NNG
경주 여행,160,천천히,MAG
경주 여행,160,걸으며,VV+EC
경주 여행,160,가을,NNG
경주 여행,160,만끽,NNG
경주 여행,160,컨셉,NNG
경주 여행,160,마침,MAG
경주 여행,160,가을,NNG
경주 여행,160,분위기,NNG
경주 여행,160,한껏,MAG
경주 여행,160,고조,NNG
경주 여행,160,시켜,XSV+EC
경주 여행,160,벚나무,NNG
경주 여행,160,좌우,NNG
경주 여행,160,어서,EC
경주 여행,160,마다,JX
경주 여행,160,가지,VV
경주 여행,160,와서,VV+EC
경주 여행,161,Knowledge,SL
경주 여행,161,Box,SL
경주 여행,161,슈만,NNP
경주 여행,161,클라라,NNP
경주 여행,161,도착,NNG
경주 여행,161,제일,MAG
경주 여행,161,먼저,MAG
경주 여행,161,슈만,NNP
경주 여행,161,클라라,NNP
경주 여행,161,라는,VCP+ETM
경주 여행,161,cafe,SL
경주 여행,161,위치,NNG
경주 여행,161,요기,NP
경주 여행,161,여기,NP
경주 여행,161,버스,NNG
경주 여행,161,려고,EC
경주 여행,161,는데,EC
경주 여행,161,버스,NNG
경주 여행,161,너무,MAG
경주 여행,161,와서,VV+EC
경주 여행,161,택시,NNG
경주 여행,161,그러나,MAJ
경주 여행,161,다음,NNG
경주 여행,161,문제,NNG
경주 여행,161,계속,MAG
경주 여행,162,안녕,IC
경주 여행,162,2014,SN
경주 여행,162,2014,SN
경주 여행,162,마지막,NNG
경주 여행,162,에서,JKB
경주 여행,162,멋진,VA+ETM
경주 여행,162,선물,NNG
경주 여행,162,눈발,NNG
경주 여행,162,날리,VV
경주 여행,162,시작,NNG
경주 여행,162,한다,XSV+EF
경주 여행,162,그리고,MAJ
경주 여행,162,금방,MAG
경주 여행,162,하얀,VA+ETM
경주 여행,162,세상,NNG
경주 여행,162,으로,JKB
경주 여행,162,변한다,VV+EC
경주 여행,162,눈길,NNG
경주 여행,162,산책,NNG
경주 여행,162,불국사,NNP
경주 여행,162,에서,JKB
경주 여행,162,기차,NNG
경주 여행,162,마무리,NNG
경주 여행,162,한다,XSV+EF
경주 여행,162,다시,MAG
경주 여행,162,화창,XR
경주 여행,162,해진,XSA+EC+VX+ETM
경주 여행,162,하늘,NNG
경주 여행,163,마치,VV
경주 여행,163,울주,NNP
경주 여행,163,새벽,NNG
경주 여행,163,다가,EC
경주 여행,163,그친다,VV+EC
경주 여행,163,하늘,NNG
경주 여행,163,예쁘다,NNP
경주 여행,163,월드,NNG
경주 여행,163,판다,NNG
경주 여행,163,에서,JKB
경주 여행,163,점심,NNG
경주 여행,163,맛있,VA
경주 여행,163,친절,NNG
경주 여행,163,떡갈비,NNG
경주 여행,163,맛나,VA
경주 여행,163,계란찜,NNG
경주 여행,163,풍경,NNG
경주 여행,163,예쁘,VA
경주 여행,163,행복,NNG
경주 여행,163,울주,NNP
경주 여행,164,황남,NNG
경주 여행,164,맷돌,NNG
경주 여행,164,순두부,NNG
경주 여행,164,두부,NNG
경주 여행,164,보쌈,NNG
경주 여행,164,제육,NNG
경주 여행,164,순두부찌개,NNG
경주 여행,164,그리고,MAJ
경주 여행,164,황남,NNG
경주 여행,164,맷돌,NNG
경주 여행,164,순두부,NNG
경주 여행,164,영업시간,NNG
경주 여행,164,30,SN
경주 여행,164,까지,JX
경주 여행,164,황리,NNG
경주 여행,164,시작,NNG
경주 여행,164,으로,JKB
경주 여행,164,어지간,XR
경주 여행,164,밥집,NNG
경주 여행,164,영업,NNG
경주 여행,164,마감,NNG
경주 여행,164,진짜,MAG
경주 여행,164,고기,NNG
경주 여행,164,맛있,VA
경주 여행,164,두부,NNG
경주 여행,164,순두부찌개,NNG
경주 여행,164,맛나,VA
경주 여행,164,호랑이,NNG
경주 여행,164,막걸리,NNG
경주 여행,164,완전,MAG
경주 여행,164,맛있,VA
경주 여행,164,어서,EC
경주 여행,165,야경,NNG
경주 여행,165,다른,MM
경주 여행,165,매력,NNG
경주 여행,165,정교,NNG
경주 여행,165,분위기,NNG
경주 여행,165,저녁,NNG
경주 여행,165,정교,NNG
경주 여행,165,방문,NNG
경주 여행,165,추천,NNG
경주 여행,165,드립니다,VV+EF
경주 여행,165,켜진,VV+ETM
경주 여행,165,정교,NNG
경주 여행,165,신나,VV
경주 여행,165,사진,NNG
경주 여행,165,정교,NNG
경주 여행,165,야경,NNG
경주 여행,165,마지막,NNG
경주 여행,165,으로,JKB
경주 여행,165,떠나갑니다,VV+EF
경주 여행,165,여기,NP
경주 여행,165,신라,NNP
경주 여행,165,니까,VCP+EC
경주 여행,165,신라,NNP
경주 여행,165,해장국,NNG
경주 여행,165,즐거웠,VA+EP
경주 여행,165,습니다,EF
경주 여행,166,알라딘,NNP
경주 여행,166,100,SN
경주 여행,166,자평,NNG
경주 여행,166,우리,NP
경주 여행,166,아이,IC
경주 여행,166,우리,NP
경주 여행,166,아이,IC
경주 여행,166,세계,NNG
경주 여행,166,문화유산,NNG
경주 여행,166,아서,EC
경주 여행,166,개정판,NNG
경주 여행,166,답사,NNG
경주 여행,166,바로,MAG
경주 여행,166,역사,NNG
경주 여행,166,바로,MAG
경주 여행,166,박광일,NNP
경주 여행,166,전향,NNG
경주 여행,166,이야기,NNG
경주 여행,166,기획,NNG
경주 여행,166,성당,NNG
경주 여행,166,2011,SN
경주 여행,166,평점,NNG
경주 여행,166,초등,NNG
경주 여행,166,학교,NNG
경주 여행,166,학생,NNG
경주 여행,166,수학,NNG
경주 여행,167,서출지,NNG
경주 여행,167,23,SN
경주 여행,167,28,SN
경주 여행,167,더운,VA+ETM
경주 여행,167,날씨,NNG
경주 여행,167,촬영,NNG
경주 여행,167,임했,VV+EP
경주 여행,167,사진가,NNG
경주 여행,167,에게,JKB
경주 여행,167,미안,NNG
경주 여행,167,생각,NNG
경주 여행,167,더운,VA+ETM
경주 여행,167,날씨,NNG
경주 여행,167,여러,MM
경주 여행,167,촬영,NNG
경주 여행,167,대작,NNG
경주 여행,167,으시,EP
경주 여행,167,무사히,MAG
경주 여행,167,습니다,EF
경주 여행,168,알라딘,NNP
경주 여행,168,100,SN
경주 여행,168,자평,NNG
경주 여행,168,일상,NNG
경주 여행,168,고고학,NNG
경주 여행,168,혼자,MAG
경주 여행,168,일상,NNG
경주 여행,168,고고학,NNG
경주 여행,168,혼자,MAG
경주 여행,168,개정,NNG
경주 여행,168,증보판,NNG
경주 여행,168,일상,NNG
경주 여행,168,고고학,NNG
경주 여행,168,시리즈,NNG
경주 여행,168,황윤,NNG
경주 여행,168,지음,NNG
경주 여행,168,고양이,NNG
경주 여행,168,묻힌,VV+ETM
경주 여행,168,타임캡슐,NNG
경주 여행,168,신라,NNG
경주 여행,168,특별,NNG
경주 여행,168,시간,NNG
경주 여행,168,네요,EC
경주 여행,169,알라딘,NNP
경주 여행,169,100,SN
경주 여행,169,자평,NNG
경주 여행,169,우리,NP
경주 여행,169,아이,IC
경주 여행,169,우리,NP
경주 여행,169,아이,IC
경주 여행,169,에서,JKB
경주 여행,169,신라,NNG
경주 여행,169,답사,NNG
경주 여행,169,바로,MAG
경주 여행,169,역사,NNG
경주 여행,169,바로,MAG
경주 여행,169,13,SN
경주 여행,169,박광일,NNP
경주 여행,169,2004,SN
경주 여행,169,평점,NNG
경주 여행,169,구판,NNG
경주 여행,169,절판,NNG
경주 여행,169,아이,NNG
경주 여행,169,눈높이,NNG
경주 여행,169,맞춰진,VV+EC+VX+ETM
경주 여행,170,오늘,NNG
경주 여행,170,날씨,NNG
경주 여행,170,더우니,VA+EC
경주 여행,170,마을,NNG
경주 여행,170,식당,NNG
경주 여행,170,에서,JKB
경주 여행,170,맛난,VA+ETM
경주 여행,170,양념,NNG
경주 여행,170,게장,NNG
경주 여행,170,점심,NNG
경주 여행,170,힐튼,NNP
경주 여행,170,호텔,NNG
경주 여행,170,에서,JKB
경주 여행,170,커피,NNG
경주 여행,170,한잔,NNG
경주 여행,170,보문,NNG
경주 여행,170,단지,MAG
경주 여행,170,푸른,VA+ETM
경주 여행,170,나무,NNG
경주 여행,170,감상,NNG
경주 여행,170,커피,NNG
경주 여행,170,한잔,NNG
경주 여행,170,스콘,NNP
경주 여행,170,행복,NNG
경주 여행,170,월드,NNG
경주 여행,170,관람,NNG
경주 여행,170,보인다,VV+EF
경주 여행,170,한번,MAG
경주 여행,170,볼까,EC+VX+EC
경주 여행,171,압지,NNG
경주 여행,171,야경,NNG
경주 여행,171,투어,NNG
경주 여행,171,방문,NNG
경주 여행,171,아마도,MAG
경주 여행,171,보름달,NNG
경주 여행,171,보다,JKB
경주 여행,171,하늘,NNG
경주 여행,171,황청,NNG
경주 여행,171,연못,NNG
경주 여행,171,빠져,VV+EC
경주 여행,171,야경,NNG
경주 여행,171,함께,MAG
경주 여행,171,정말,MAG
경주 여행,171,멋진,VA+ETM
경주 여행,171,야경,NNG
경주 여행,171,보여,VV+EC
경주 여행,171,이래서,VV+EC
경주 여행,171,마다,JX
경주 여행,171,이곳,NP
경주 여행,171,압지,NNG
경주 여행,171,하나,NR
경주 여행,171,보다,JKB
경주 여행,172,알라딘,NNP
경주 여행,172,100,SN
경주 여행,172,자평,NNG
경주 여행,172,일상,NNG
경주 여행,172,고고학,NNG
경주 여행,172,혼자,MAG
경주 여행,172,일상,NNG
경주 여행,172,고고학,NNG
경주 여행,172,혼자,MAG
경주 여행,172,개정,NNG
경주 여행,172,증보판,NNG
경주 여행,172,일상,NNG
경주 여행,172,고고학,NNG
경주 여행,172,시리즈,NNG
경주 여행,172,황윤,NNG
경주 여행,172,지음,NNG
경주 여행,172,고양이,NNG
경주 여행,172,2020,SN
경주 여행,172,10,SN
경주 여행,172,평점,NNG
경주 여행,172,유익,NNG
경주 여행,172,아요,EC
경주 여행,173,알라딘,NNP
경주 여행,173,역사,NNG
경주 여행,173,관심,NNG
경주 여행,173,시작,NNG
경주 여행,173,해서,XSV+EC
경주 여행,173,함께,MAG
경주 여행,173,어요,EF
경주 여행,173,길래,EC
경주 여행,173,생각,NNG
경주 여행,173,는데,EC
경주 여행,173,그리,VV
경주 여행,173,마음,NNG
경주 여행,173,접하,VV
경주 여행,173,어요,EF
경주 여행,173,기억,NNG
경주 여행,173,가지,VV
경주 여행,173,는데,EC
경주 여행,173,아이,NNG
경주 여행,173,신라,NNG
경주 여행,173,배운,VV+ETM
경주 여행,173,그런지,VA+EC
경주 여행,173,동안,NNG
경주 여행,173,배운,VV+ETM
경주 여행,173,내용,NNG
경주 여행,173,생각,NNG
경주 여행,173,유적지,NNG
경주 여행,174,매화,NNG
경주 여행,174,산수유,NNG
경주 여행,174,만발,NNG
경주 여행,174,보문,NNG
경주 여행,174,단지,MAG
경주 여행,174,호수,NNG
경주 여행,174,산책,NNG
경주 여행,174,행복,NNG
경주 여행,174,마무리,NNG
경주 여행,175,알라딘,NNP
경주 여행,175,100,SN
경주 여행,175,자평,NNG
경주 여행,175,일상,NNG
경주 여행,175,고고학,NNG
경주 여행,175,혼자,MAG
경주 여행,175,일상,NNG
경주 여행,175,고고학,NNG
경주 여행,175,혼자,MAG
경주 여행,175,일상,NNG
경주 여행,175,시리즈,NNG
경주 여행,175,황윤,NNG
경주 여행,175,지음,NNG
경주 여행,175,고양이,NNG
경주 여행,175,2020,SN
경주 여행,175,10,SN
경주 여행,175,평점,NNG
경주 여행,175,마니아,NNG
경주 여행,175,알려,VV+EC
경주 여행,175,탐방기,NNG
경주 여행,175,그런지,VA+EC
경주 여행,175,대한,VV+ETM
경주 여행,175,알찬,VA+ETM
경주 여행,175,설명,NNG
경주 여행,175,습니다,EF
경주 여행,176,알라딘,NNP
경주 여행,176,100,SN
경주 여행,176,자평,NNG
경주 여행,176,일상,NNG
경주 여행,176,고고학,NNG
경주 여행,176,혼자,MAG
경주 여행,176,일상,NNG
경주 여행,176,고고학,NNG
경주 여행,176,혼자,MAG
경주 여행,176,개정,NNG
경주 여행,176,증보판,NNG
경주 여행,176,일상,NNG
경주 여행,176,고고학,NNG
경주 여행,176,시리즈,NNG
경주 여행,176,황윤,NNG
경주 여행,176,지음,NNG
경주 여행,176,고양이,NNG
경주 여행,176,2020,SN
경주 여행,176,10,SN
경주 여행,176,평점,NNG
경주 여행,176,아름다운,VA+ETM
경주 여행,176,풍경,NNG
경주 여행,176,고고학,NNG
경주 여행,176,우리,NP
경주 여행,176,지적,NNG
경주 여행,176,힐링,NNG
경주 여행,176,안겨,VV+EC
경주 여행,176,줘서,VX+EC
경주 여행,177,주상,NNG
경주 여행,177,절리,NNG
경주 여행,177,스탬프,NNG
경주 여행,177,투어,NNG
경주 여행,177,목적지,NNG
경주 여행,177,주상,NNG
경주 여행,177,스탬프,NNG
경주 여행,177,투어,NNG
경주 여행,177,주상,NNG
경주 여행,177,절리,NNG
경주 여행,177,해변,NNG
경주 여행,177,둘레길,NNP
경주 여행,177,주상,NNG
경주 여행,177,절리,NNG
경주 여행,177,파도,NNG
경주 여행,177,소리,NNG
경주 여행,177,드디어,MAG
경주 여행,177,시작,NNG
경주 여행,177,대한,VV+ETM
경주 여행,177,때문,NNB
경주 여행,177,을까,EC
경주 여행,177,오랫만,NNG
경주 여행,177,밤잠,NNG
경주 여행,177,설치,VV
경주 여행,177,다가,EC
경주 여행,177,시계,NNG
경주 여행,177,조금,MAG
경주 여행,177,시간,NNG
경주 여행,178,FeRed,SL
경주 여행,178,Conundrum,SL
경주 여행,178,of,SL
경주 여행,178,Life,SL
경주 여행,178,불국사,NNP
경주 여행,178,황남빵,NNP
경주 여행,178,교리,NNG
경주 여행,178,김밥,NNG
경주 여행,178,내소,NNG
경주 여행,178,Theme,SL
경주 여행,178,불국사,NNP
경주 여행,178,황남빵,NNP
경주 여행,178,교리,NNG
경주 여행,178,김밥,NNG
경주 여행,178,산내,NNG
경주 여행,178,소고기,NNG
경주 여행,178,울산,NNP
경주 여행,178,Comments,SL
경주 여행,178,후배,NNG
경주 여행,178,녀석,NNB
경주 여행,178,같이,MAG
경주 여행,178,울산,NNP
경주 여행,178,불국사,NNG
경주 여행,178,에서,JKB
경주 여행,178,천마총,NNG
경주 여행,178,에서,JKB
경주 여행,178,첨성대,NNG
경주 여행,178,으로,JKB
경주 여행,178,내려오,VV
경주 여행,178,다가,EC
경주 여행,178,나무,NNG
경주 여행,178,그늘,NNG
경주 여행,178,내부,NNG
경주 여행,178,전경,NNG
경주 여행,179,알라딘,NNP
경주 여행,179,100,SN
경주 여행,179,자평,NNG
경주 여행,179,일상,NNG
경주 여행,179,고고학,NNG
경주 여행,179,혼자,MAG
경주 여행,179,혼자,NNG
경주 여행,179,개정,NNG
경주 여행,179,증보판,NNG
경주 여행,179,일상,NNG
경주 여행,179,고고학,NNG
경주 여행,179,시리즈,NNG
경주 여행,179,황윤,NNG
경주 여행,179,지음,NNG
경주 여행,179,고양이,NNG
경주 여행,179,2020,SN
경주 여행,179,10,SN
경주 여행,179,평점,NNG
경주 여행,179,이야기,NNG
경주 여행,179,봐도,VV+EC
경주 여행,179,봐도,VX+EC
경주 여행,179,들어도,VV+EC
경주 여행,179,들어도,VV+EC
경주 여행,179,재미있,VA
경주 여행,179,습니다,EF
경주 여행,179,작가,NNG
경주 여행,179,혼자,NNG
경주 여행,179,기대,NNG
경주 여행,179,봅니다,VX+EC
경주 여행,180,알라딘,NNP
경주 여행,180,100,SN
경주 여행,180,자평,NNG
경주 여행,180,일상,NNG
경주 여행,180,고고학,NNG
경주 여행,180,혼자,MAG
경주 여행,180,개정,NNG
경주 여행,180,증보판,NNG
경주 여행,180,일상,NNG
경주 여행,180,고고학,NNG
경주 여행,180,시리즈,NNG
경주 여행,180,황윤,NNG
경주 여행,180,지음,NNG
경주 여행,180,고양이,NNG
경주 여행,180,2020,SN
경주 여행,180,10,SN
경주 여행,180,평점,NNG
경주 여행,180,어려서,VA+EC
경주 여행,180,그냥,MAG
경주 여행,180,학교,NNG
경주 여행,180,에서,JKB
경주 여행,180,지금,MAG
경주 여행,180,커서,VV+EC
경주 여행,180,공부,NNG
경주 여행,180,다른,MM
경주 여행,180,느낌,NNG
경주 여행,180,습니다,EF
경주 여행,180,가보세요,NNG
경주 여행,181,매화꽃,NNG
경주 여행,181,산수유,NNG
경주 여행,181,예쁜,VA+ETM
경주 여행,181,간다,VV+EC
경주 여행,181,날씨,NNG
경주 여행,181,따뜻,XR
경주 여행,181,바람,NNG
경주 여행,181,많이,MAG
경주 여행,181,햇살,NNG
경주 여행,181,따뜻,XR
경주 여행,181,점심,NNG
경주 여행,181,궁금,XR
경주 여행,181,했었,VX+EP
경주 여행,181,황룡,NNG
경주 여행,181,돌아봤,VV+EP
경주 여행,181,동국,NNG
경주 여행,181,재단,NNG
경주 여행,181,에서,JKB
경주 여행,181,운영,NNG
경주 여행,181,연수원,NNG
경주 여행,181,인데,VCP+EC
경주 여행,181,웅장,XR
경주 여행,181,꾸며져,VV+EC+VX+EC
경주 여행,182,맷돌,NNG
경주 여행,182,순부,NNG
경주 여행,182,옆집,NNG
경주 여행,182,정화,NNG
경주 여행,182,송이,NNG
경주 여행,182,순두부,NNG
경주 여행,182,맛집,NNG
경주 여행,182,옆집,NNG
경주 여행,182,아니,VCN
경주 여행,182,라도,EC
경주 여행,182,가격,NNG
경주 여행,182,비싸,VA
경주 여행,182,니까,EC
경주 여행,182,기본,NNG
경주 여행,182,반찬,NNG
경주 여행,182,생선,NNG
경주 여행,182,구이,NNG
경주 여행,182,나와서,VV+EC
경주 여행,182,후배,NNG
경주 여행,182,맛있,VA
경주 여행,182,섬세,XR
경주 여행,182,발라,VV+EC
경주 여행,182,하얀,VA+ETM
경주 여행,182,순두부,NNG
경주 여행,182,다니,EC
경주 여행,182,순두부,NNG
경주 여행,182,처음,MAG
경주 여행,182,본다,VV+EC
경주 여행,182,파전,NNG
경주 여행,182,하나,NR
경주 여행,182,주문,NNG
경주 여행,182,새송이,NNP
경주 여행,182,탁주,NNG
경주 여행,182,주문,NNG
경주 여행,182,낮술,NNG
경주 여행,183,남산,NNP
경주 여행,183,칠불암,NNG
경주 여행,183,케이트,NNP
경주 여행,183,입니다,VCP+EF
경주 여행,183,진입,NNG
경주 여행,183,읍니다,EC
경주 여행,183,서라벌,NNP
경주 여행,183,휴게소,NNG
경주 여행,183,입니다,VCP+EF
경주 여행,183,통일전,NNP
경주 여행,183,주차장,NNG
경주 여행,183,주차,NNG
경주 여행,183,아니하,VX
경주 여행,183,염불,NNG
경주 여행,183,사지,NNG
경주 여행,183,삼층석탑,NNP
경주 여행,183,주차,NNG
경주 여행,183,여기,NP
경주 여행,183,일찍,MAG
경주 여행,183,도착,NNG
경주 여행,183,여야,EC
경주 여행,183,주차,NNG
경주 여행,183,아침,NNG
경주 여행,184,알라딘,NNP
경주 여행,184,100,SN
경주 여행,184,자평,NNG
경주 여행,184,일상,NNG
경주 여행,184,고고학,NNG
경주 여행,184,혼자,MAG
경주 여행,184,일상,NNG
경주 여행,184,고고학,NNG
경주 여행,184,혼자,MAG
경주 여행,184,개정,NNG
경주 여행,184,증보판,NNG
경주 여행,184,일상,NNG
경주 여행,184,고고학,NNG
경주 여행,184,시리즈,NNG
경주 여행,184,황윤,NNG
경주 여행,184,지음,NNG
경주 여행,184,고양이,NNG
경주 여행,184,2020,SN
경주 여행,184,10,SN
경주 여행,184,평점,NNG
경주 여행,184,이런,MM
경주 여행,184,너무,MAG
경주 여행,184,아함,IC+ETN
경주 여행,184,더구나,MAJ
경주 여행,184,라서,VCP+EC
경주 여행,184,너무,MAG
경주 여행,184,마음,NNG
경주 여행,184,중학교,NNG
경주 여행,184,수학,NNG
경주 여행,184,으로,JKB
경주 여행,185,국내,NNG
경주 여행,185,사진,NNG
경주 여행,185,국내,NNG
경주 여행,185,테마,NNG
경주 여행,185,Theodor,SL
경주 여행,185,2017,SN
경주 여행,185,18,SN
경주 여행,185,08,SN
경주 여행,185,11,SN
경주 여행,185,벚꽃,NNG
경주 여행,185,거의,MAG
경주 여행,185,떨어지,VV
경주 여행,185,시기,NNG
경주 여행,185,아쉬움,NNG
경주 여행,185,대능원,NNP
경주 여행,185,출입문,NNG
경주 여행,185,능원,NNG
경주 여행,185,소나무,NNG
경주 여행,185,천마총,NNG
경주 여행,185,안압지,NNP
경주 여행,185,분황사,NNG
경주 여행,185,모전,NNG
경주 여행,185,석탑,NNG
경주 여행,185,원래,NNG
경주 여행,186,배롱나무,NNG
경주 여행,186,첨성대,NNG
경주 여행,186,야경,NNG
경주 여행,186,16,SN
경주 여행,186,18,SN
경주 여행,186,수학,NNG
경주 여행,186,다녀오,VV
경주 여행,186,사람,NNG
경주 여행,186,심지어,MAG
경주 여행,186,자녀,NNG
경주 여행,186,역사,NNG
경주 여행,186,유적,NNG
경주 여행,186,답사,NNG
경주 여행,186,동행,NNG
경주 여행,186,해서,XSV+EC
경주 여행,186,이런,MM
경주 여행,186,아무리,MAG
경주 여행,186,생각,NNG
경주 여행,186,해봐도,XSV+EC+VX+EC
경주 여행,186,국내,NNG
경주 여행,186,에선,JKB+JX
경주 여행,186,특징,NNG
경주 여행,186,하나,NR
경주 여행,186,평온,NNG
경주 여행,186,자연,NNG
경주 여행,187,힐튼,NNP
경주 여행,187,호텔,NNG
경주 여행,187,한국,NNP
경주 여행,187,서울,NNP
경주 여행,187,호텔,NNG
경주 여행,187,체인,NNG
경주 여행,187,이상,NNG
경주 여행,187,두산,NNP
경주 여행,187,참고,NNG
경주 여행,187,미국,NNP
경주 여행,187,저명,XR
경주 여행,187,모델,NNG
경주 여행,187,철저히,MAG
경주 여행,187,손님,NNG
경주 여행,187,배려,NNG
경주 여행,187,호텔,NNG
경주 여행,187,그래서,MAJ
경주 여행,187,즐거울,VA+ETM
경주 여행,187,밖에,JX
경주 여행,188,토함산,NNP
경주 여행,188,단풍,NNG
경주 여행,188,터널,NNG
경주 여행,188,자연,NNG
경주 여행,188,그려,VV+EC
경주 여행,188,수채화,NNG
경주 여행,188,17,SN
경주 여행,188,11,SN
경주 여행,188,17,SN
경주 여행,188,떠나,VV
경주 여행,188,단풍,NNG
경주 여행,188,그윽,XR
경주 여행,188,숲길,NNG
경주 여행,188,느긋이,MAG
경주 여행,188,불국사,NNP
경주 여행,188,석굴암,NNG
경주 여행,188,토함산,NNP
경주 여행,188,숲길,NNG
경주 여행,188,월산,NNG
경주 여행,188,고갯길,NNG
경주 여행,188,굳이,MAG
경주 여행,188,신라,NNP
경주 여행,188,역사,NNG
경주 여행,188,몰라도,VV+EC
경주 여행,188,시내,NNG
경주 여행,189,경북,NNP
경주 여행,189,국밥,NNG
경주 여행,189,맛집,NNG
경주 여행,189,수백,NR
경주 여행,189,보문,NNG
경주 여행,189,com,SL
경주 여행,189,633,SN
경주 여행,189,경북,NNP
경주 여행,189,교촌,NNP
경주 여행,189,마을,NNG
경주 여행,189,교촌,NNG
경주 여행,189,보관,NNG
경주 여행,189,아이,NNG
경주 여행,189,가족,NNG
경주 여행,189,2024,SN
경주 여행,189,31,SN
경주 여행,189,가족,NNG
경주 여행,189,함께,MAG
경주 여행,189,기록,NNG
경주 여행,189,오늘,NNG
경주 여행,189,가족,NNG
경주 여행,189,모임,NNG
경주 여행,189,어서,EC
경주 여행,189,경북,NNP
경주 여행,189,어요,EF
경주 여행,190,황리,NNG
경주 여행,190,카페,NNG
경주 여행,190,카페,NNG
경주 여행,190,카페,NNG
경주 여행,190,황리,NNG
경주 여행,190,메인,VV+ETM
경주 여행,190,거리,NNG
경주 여행,190,위치,NNG
경주 여행,190,어서,EC
경주 여행,190,거리,NNG
경주 여행,190,둘러보,VV
경주 여행,190,뚜벅,MAG
경주 여행,190,입니다,VCP+EF
경주 여행,190,인테리어,NNG
경주 여행,190,예쁘,VA
경주 여행,190,어서,EC
경주 여행,190,더욱,MAG
경주 여행,190,눈길,NNG
경주 여행,190,카페,NNG
경주 여행,190,입니다,VCP+EF
경주 여행,190,황리,NNG
경주 여행,190,카페,NNG
경주 여행,190,카페,NNG
경주 여행,190,날씨,NNG
경주 여행,191,불국사역,NNP
경주 여행,191,에서,JKB
경주 여행,191,동대구,NNG
경주 여행,191,까지,JX
경주 여행,191,기차,NNG
경주 여행,191,무궁화호,NNP
경주 여행,191,시간,NNG
경주 여행,191,시외,NNG
경주 여행,191,고속,NNG
경주 여행,191,버스,NNG
경주 여행,191,터미널,NNG
경주 여행,191,모두,MAG
경주 여행,191,거리,NNG
경주 여행,191,어서,EC
경주 여행,191,어디,NP
경주 여행,191,따라,VV+EC
경주 여행,191,대중,NNG
경주 여행,191,교통,NNG
경주 여행,191,종류,NNG
경주 여행,191,달라지,VV
경주 여행,191,는데,EC
경주 여행,191,서울,NNP
경주 여행,191,이나,JC
경주 여행,191,대전,NNP
경주 여행,191,까지,JX
경주 여행,191,시간,NNBC
경주 여행,191,이상,NNG
경주 여행,191,걸리,VV
경주 여행,191,코스,NNG
경주 여행,191,라고,VCP+EC
경주 여행,192,알라딘,NNP
경주 여행,192,100,SN
경주 여행,192,자평,NNG
경주 여행,192,일상,NNG
경주 여행,192,고고학,NNG
경주 여행,192,혼자,MAG
경주 여행,192,일상,NNG
경주 여행,192,고고학,NNG
경주 여행,192,혼자,MAG
경주 여행,192,개정,NNG
경주 여행,192,증보판,NNG
경주 여행,192,일상,NNG
경주 여행,192,고고학,NNG
경주 여행,192,시리즈,NNG
경주 여행,192,황윤,NNG
경주 여행,192,지음,NNG
경주 여행,192,고양이,NNG
경주 여행,192,2020,SN
경주 여행,192,10,SN
경주 여행,192,평점,NNG
경주 여행,192,수학,NNG
경주 여행,192,역사,NNG
경주 여행,192,의미,NNG
경주 여행,192,모르,VV
경주 여행,192,지나쳤,VV+EP
경주 여행,192,지만,EC
경주 여행,192,이제,NNG
경주 여행,192,풍경,NNG
경주 여행,192,하나,NR
경주 여행,192,하나,NR
경주 여행,192,에서,JKB
경주 여행,193,알라딘,NNP
경주 여행,193,100,SN
경주 여행,193,자평,NNG
경주 여행,193,일상,NNG
경주 여행,193,고고학,NNG
경주 여행,193,혼자,MAG
경주 여행,193,앞서,MAG
경주 여행,193,출간,NNG
경주 여행,193,일상,NNG
경주 여행,193,고고학,NNG
경주 여행,193,혼자,NNG
경주 여행,193,백제,NNG
경주 여행,193,이어,MAG
경주 여행,193,이번,NNG
경주 여행,193,입니다,VCP+EF
경주 여행,193,전작,NNG
경주 여행,193,백제,NNG
경주 여행,193,만족,NNG
경주 여행,193,스러웠,XSA+EP
경주 여행,193,라면,EC
경주 여행,193,이번,NNG
경주 여행,193,무조건,MAG
경주 여행,193,탑승,NNG
경주 여행,193,바랍니다,VV+EC
경주 여행,194,파란,VA+ETM
경주 여행,194,하늘,NNG
경주 여행,194,구름,NNG
경주 여행,194,동동,MAG
경주 여행,194,아름다운,VA+ETM
경주 여행,194,신나,VV
경주 여행,194,고속도로,NNP
경주 여행,194,달려,VV+EC
경주 여행,194,간다,VV+EC
경주 여행,194,오늘,NNG
경주 여행,194,힐링,NNG
경주 여행,194,산송,NNG
경주 여행,194,한우구,NNP
경주 여행,194,언양,NNP
경주 여행,194,불고기,NNG
경주 여행,194,더덕구이,NNG
경주 여행,194,자알,MAG
경주 여행,194,이랑,JC
경주 여행,194,라떼,NNG
경주 여행,194,한잔,NNG
경주 여행,194,노천온천,NNP
경주 여행,194,으로,JKB
경주 여행,194,간다,VV+EC
경주 여행,194,파란,VA+ETM
경주 여행,194,하늘,NNG
경주 여행,195,알라딘,NNP
경주 여행,195,100,SN
경주 여행,195,자평,NNG
경주 여행,195,일상,NNG
경주 여행,195,고고학,NNG
경주 여행,195,혼자,MAG
경주 여행,195,지음,NNG
경주 여행,195,고양이,NNG
경주 여행,195,2020,SN
경주 여행,195,10,SN
경주 여행,195,평점,NNG
경주 여행,195,정말,MAG
경주 여행,195,도시,NNG
경주 여행,195,입니다,VCP+EF
경주 여행,195,시간,NNG
경주 여행,195,기분,NNG
경주 여행,195,어서,EC
경주 여행,195,행복,NNG
경주 여행,195,거든요,EF
경주 여행,195,코로나,NNP
경주 여행,195,때문,NNB
경주 여행,195,버렸,VX+EP
경주 여행,195,네요,EF
경주 여행,195,으로,JKB
경주 여행,195,혼자,MAG
경주 여행,195,네요,EC
경주 여행,196,알라딘,NNP
경주 여행,196,100,SN
경주 여행,196,자평,NNG
경주 여행,196,일상,NNG
경주 여행,196,고고학,NNG
경주 여행,196,혼자,MAG
경주 여행,196,일상,NNG
경주 여행,196,고고학,NNG
경주 여행,196,혼자,MAG
경주 여행,196,개정,NNG
경주 여행,196,증보판,NNG
경주 여행,196,일상,NNG
경주 여행,196,고고학,NNG
경주 여행,196,시리즈,NNG
경주 여행,196,황윤,NNG
경주 여행,196,지음,NNG
경주 여행,196,고양이,NNG
경주 여행,196,2020,SN
경주 여행,196,10,SN
경주 여행,196,평점,NNG
경주 여행,196,수학,NNG
경주 여행,196,이후,NNG
경주 여행,196,못했,VX+EP
경주 여행,196,대해,VV+EC
경주 여행,196,다시,MAG
경주 여행,196,생각,NNG
경주 여행,196,네요,EC
경주 여행,197,알라딘,NNP
경주 여행,197,100,SN
경주 여행,197,자평,NNG
경주 여행,197,일상,NNG
경주 여행,197,고고학,NNG
경주 여행,197,혼자,MAG
경주 여행,197,일상,NNG
경주 여행,197,고고학,NNG
경주 여행,197,혼자,MAG
경주 여행,197,개정,NNG
경주 여행,197,증보판,NNG
경주 여행,197,일상,NNG
경주 여행,197,고고학,NNG
경주 여행,197,시리즈,NNG
경주 여행,197,황윤,NNG
경주 여행,197,지음,NNG
경주 여행,197,고양이,NNG
경주 여행,197,2020,SN
경주 여행,197,10,SN
경주 여행,197,평점,NNG
경주 여행,197,지만,EC
경주 여행,197,제대로,MAG
경주 여행,197,구경,NNG
경주 여행,197,네요,EF
경주 여행,197,코로나,NNP
경주 여행,198,나정,NNG
경주 여행,198,맛집,NNG
경주 여행,198,나정,NNG
경주 여행,198,라면,NNG
경주 여행,198,맛집,NNG
경주 여행,198,에도,NNP
경주 여행,198,바다,NNG
경주 여행,198,나정,NNG
경주 여행,198,스토리,NNG
경주 여행,198,올려,VV+EC
경주 여행,198,드릴께요,VX+EF
경주 여행,198,에도,NNP
경주 여행,198,바다,NNG
경주 여행,198,다는,ETM
경주 여행,198,사실,NNG
경주 여행,198,아시나,NNP
경주 여행,198,정하,VV
경주 여행,198,면서,EC
경주 여행,198,바다,NNG
경주 여행,198,남편,NNG
경주 여행,198,역사,NNG
경주 여행,198,좋아해서,VV+EC
경주 여행,198,유적지,NNG
경주 여행,198,어요,EF
경주 여행,198,그러,VV
경주 여행,199,가을,NNG
경주 여행,199,도착,NNG
경주 여행,199,오늘,NNG
경주 여행,199,작년,NNG
경주 여행,199,여름,NNG
경주 여행,199,코스,NNG
경주 여행,199,서출지,NNG
경주 여행,199,통일전,NNP
경주 여행,199,그리고,MAJ
경주 여행,199,산림,NNG
경주 여행,199,연구원,NNG
경주 여행,199,둘러보,VV
경주 여행,199,핑크,NNG
경주 여행,199,예쁜,VA+ETM
경주 여행,199,첨성대,NNG
경주 여행,199,주변,NNG
경주 여행,199,황리,NNG
경주 여행,199,구경,NNG
경주 여행,199,헉헉,MAG
경주 여행,199,점심,NNG
경주 여행,199,커피,NNG
경주 여행,199,면서,EC
경주 여행,199,돌린다,VV+EC
경주 여행,199,조금,NNG
경주 여행,199,가을,NNG
경주 여행,199,찾아오,VV
경주 여행,200,알라딘,NNP
경주 여행,200,100,SN
경주 여행,200,자평,NNG
경주 여행,200,일상,NNG
경주 여행,200,고고학,NNG
경주 여행,200,혼자,MAG
경주 여행,200,2020,SN
경주 여행,200,10,SN
경주 여행,200,평점,NNG
경주 여행,200,매년,MAG
경주 여행,200,가을,NNG
경주 여행,200,꿈꾸,VV
경주 여행,200,지만,EC
경주 여행,200,아직,MAG
경주 여행,200,실천,NNG
경주 여행,200,사람,NNG
경주 여행,200,입니다,VCP+EF
경주 여행,200,알차,VA
경주 여행,200,느낄,VV+ETM
경주 여행,200,기대,NNG
경주 여행,200,열심히,MAG
경주 여행,200,습니다,EF
경주 여행,201,데이,NNG
경주 여행,201,택시,NNG
경주 여행,201,투어,NNG
경주 여행,201,감사,NNG
경주 여행,201,합니다,XSV+EF
경주 여행,201,구매,NNG
경주 여행,201,https,SL
경주 여행,201,smartstore,SL
경주 여행,201,naver,SL
경주 여행,201,com,SL
경주 여행,201,dptour,SL
경주 여행,201,products,SL
경주 여행,201,5981873243,SN
경주 여행,201,플레이스,NNG
경주 여행,201,데이,NNG
경주 여행,201,택시,NNG
경주 여행,201,투어,NNG
경주 여행,201,돌고래,NNG
경주 여행,201,돌핀,NNG
경주 여행,201,스토어,NNG
경주 여행,201,플레이스,NNG
경주 여행,201,데이,NNG
경주 여행,201,택시,NNG
경주 여행,201,투어,NNG
경주 여행,201,smartstore,SL
경주 여행,201,naver,SL
경주 여행,201,com,SL
경주 여행,202,설레임,VV+ETN
경주 여행,202,패밀리,NNG
경주 여행,202,일상,NNG
경주 여행,202,오늘,NNG
경주 여행,202,목적지,NNG
경주 여행,202,회사,NNG
경주 여행,202,제휴,NNG
경주 여행,202,숙소,NNG
경주 여행,202,저렴,XR
경주 여행,202,예약,NNG
경주 여행,202,나선다,VV+EC
경주 여행,202,도착,NNG
경주 여행,202,자마자,EC
경주 여행,202,고파서,VA+EC
경주 여행,202,우리,NP
경주 여행,202,가족,NNG
경주 여행,202,국수집,NNG
경주 여행,202,본다,VV+EC
경주 여행,202,와이프,NNG
경주 여행,202,검색,NNG
경주 여행,202,해서,XSV+EC
경주 여행,202,찾아간,VV+ETM
경주 여행,202,갈비,NNG
경주 여행,202,국수,NNG
경주 여행,203,경북,NNP
경주 여행,203,불국사,NNG
경주 여행,203,단아,XR
경주 여행,203,정숙,XR
경주 여행,203,묻어나,VV
경주 여행,203,겹벚꽃,NNG
경주 여행,203,벚꽃,NNG
경주 여행,203,벚꽃,NNG
경주 여행,203,즐기,VV
경주 여행,203,고수,NNG
경주 여행,203,라면,VCP+EC
경주 여행,203,서둘러,VV+EC
경주 여행,203,티켓,NNG
경주 여행,203,예약,NNG
경주 여행,203,다시,MAG
경주 여행,203,들썩이,VV
경주 여행,203,지역,NNG
경주 여행,203,벚꽃,NNG
경주 여행,203,거의,MAG
경주 여행,203,떨어지,VV
경주 여행,203,불국사,NNG
경주 여행,203,겹벚꽃,NNG
경주 여행,203,으로,JKB
경주 여행,203,유명,XR
경주 여행,203,불국사,NNP
경주 여행,203,입구,NNG
경주 여행,204,야경,NNG
경주 여행,204,이쁜,VA+ETM
경주 여행,204,안압지,NNP
경주 여행,204,첨성대,NNG
경주 여행,204,16,SN
경주 여행,204,31,SN
경주 여행,204,어울린다,VV+EC
경주 여행,204,에서,JKB
경주 여행,204,빠질,VV+ETM
경주 여행,204,관광지,NNG
경주 여행,204,하나,NR
경주 여행,204,첨성대,NNG
경주 여행,204,첨성대,NNG
경주 여행,204,신라,NNP
경주 여행,204,시대,NNG
경주 여행,204,관측,NNG
경주 여행,204,최근,NNG
경주 여행,204,빼놓,VV
경주 여행,204,코스,NNG
경주 여행,204,다름,VA+ETN
경주 여행,204,아닌,VCN+ETM
경주 여행,204,야경,NNG
경주 여행,204,둘러보,VV
경주 여행,205,세계,NNG
경주 여행,205,문화유산,NNG
경주 여행,205,양동,NNP
경주 여행,205,마을,NNG
경주 여행,205,18,SN
경주 여행,205,29,SN
경주 여행,205,시간,NNG
경주 여행,205,떠나,VV
경주 여행,205,다면,EC
경주 여행,205,조상,NNG
경주 여행,205,모습,NNG
경주 여행,205,고스란히,MAG
경주 여행,205,간직,NNG
경주 여행,205,수백,NR
경주 여행,205,숨결,NNG
경주 여행,205,양동,NNP
경주 여행,205,마을,NNG
경주 여행,205,제격,NNG
경주 여행,205,아닐까,VCN+EC
경주 여행,205,경상북도,NNP
경주 여행,205,강동면,NNP
경주 여행,205,양동,NNP
경주 여행,205,마을,NNG
경주 여행,205,138,SN
경주 여행,205,18,SN
경주 여행,205,지번,NNG
경주 여행,205,경상북도,NNP
경주 여행,205,강동면,NNP
경주 여행,206,14,SN
경주 여행,206,개월,NNBC
경주 여행,206,아기,NNG
경주 여행,206,후기,NNG
경주 여행,206,정글,NNG
경주 여행,206,법칙,NNG
경주 여행,206,미디어,NNG
경주 여행,206,파크,NNG
경주 여행,206,버드,NNP
경주 여행,206,파크,NNG
경주 여행,206,그래도,VV+EC
경주 여행,206,일정,NNG
경주 여행,206,온다면,VV+EC
경주 여행,206,다녀오,VV
경주 여행,206,버드,NNP
경주 여행,206,파크,NNG
경주 여행,206,위치,NNG
경주 여행,206,경북,NNP
경주 여행,206,보문,NNG
경주 여행,206,74,SN
경주 여행,206,14,SN
경주 여행,206,북군동,NNP
경주 여행,206,185,SN
경주 여행,206,전화,NNG
경주 여행,206,054,SN
경주 여행,206,777,SN
경주 여행,206,7200,SN
경주 여행,206,운영,NNG
경주 여행,206,시간,NNG
경주 여행,206,10,SN
경주 여행,206,00,SN
경주 여행,206,19,SN
경주 여행,206,00,SN
경주 여행,206,입장료,NNG
경주 여행,206,대인,NNG
경주 여행,206,20,SN
경주 여행,206,000,SN
경주 여행,206,소인,NNG
경주 여행,206,15,SN
경주 여행,206,000,SN
경주 여행,207,보문,NNG
경주 여행,207,단지,MAG
경주 여행,207,벚꽃,NNG
경주 여행,207,보문호,NNP
경주 여행,207,반길,VV+ETM
경주 여행,207,화사,XR
경주 여행,207,선사,NNG
경주 여행,207,17,SN
경주 여행,207,최적,NNG
경주 여행,207,지이,NNG
경주 여행,207,도로,NNG
경주 여행,207,꽃길,NNG
경주 여행,207,이른,VA+ETM
경주 여행,207,시각,NNG
경주 여행,207,와야,VV+EC
경주 여행,207,제대로,MAG
경주 여행,207,힐링,NNG
경주 여행,207,만개,NNG
경주 여행,207,아름다운,VA+ETM
경주 여행,207,경관,NNG
경주 여행,207,이루,VV
경주 여행,207,보문,NNG
경주 여행,207,단지,NNG
경주 여행,207,시가지,NNG
경주 여행,207,에서,JKB
경주 여행,207,동쪽,NNG
경주 여행,207,으로,JKB
경주 여행,207,10,SN
경주 여행,207,정도,NNG
경주 여행,207,떨어진,VV+ETM
경주 여행,207,활산,NNP
경주 여행,207,성터,NNG
경주 여행,208,경북,NNP
경주 여행,208,하얀,VA+ETM
경주 여행,208,목련,NNG
경주 여행,208,대릉원,NNG
경주 여행,208,목련,NNG
경주 여행,208,풍경,NNG
경주 여행,208,최근,NNG
경주 여행,208,빼놓,VV
경주 여행,208,코스,NNG
경주 여행,208,다름,VA+ETN
경주 여행,208,아닌,VCN+ETM
경주 여행,208,야경,NNG
경주 여행,208,둘러보,VV
경주 여행,208,연인,NNG
경주 여행,208,함께,MAG
경주 여행,208,떠나,VV
경주 여행,208,당신,NP
경주 여행,208,위한,VV+ETM
경주 여행,208,야경,NNG
경주 여행,208,투어,NNG
경주 여행,208,코스,NNG
경주 여행,208,소개,NNG
경주 여행,208,한다,XSV+EC
경주 여행,208,준비,NNG
경주 여행,209,경북,NNP
경주 여행,209,다리,NNG
경주 여행,209,정교,NNG
경주 여행,209,18,SN
경주 여행,209,21,SN
경주 여행,209,잠시,MAG
경주 여행,209,교촌,NNG
경주 여행,209,마을,NNG
경주 여행,209,도착,NNG
경주 여행,209,행사,NNG
경주 여행,209,잠시,MAG
경주 여행,209,간다,VX+EC
경주 여행,209,최근,NNG
경주 여행,209,빼놓,VV
경주 여행,209,연인,NNG
경주 여행,209,함께,MAG
경주 여행,209,떠나,VV
경주 여행,209,당신,NP
경주 여행,209,위한,VV+ETM
경주 여행,209,야경,NNG
경주 여행,209,투어,NNG
경주 여행,209,코스,NNG
경주 여행,209,소개,NNG
경주 여행,209,한다,XSV+EC
경주 여행,209,준비,NNG
경주 여행,210,에서,JKB
경주 여행,210,사람,NNG
경주 여행,210,지나치,VV
경주 여행,210,몇몇,MM
경주 여행,210,지인,NNG
경주 여행,210,경험,NNG
경주 여행,210,생각,NNG
경주 여행,210,에서,JKB
경주 여행,210,주목,NNG
경주 여행,210,장소,NNG
경주 여행,210,정리,NNG
경주 여행,210,고즈넉,XR
경주 여행,210,산사,NNG
경주 여행,210,옥천사,NNG
경주 여행,210,수학,NNG
경주 여행,210,성지,NNG
경주 여행,210,역사,NNG
경주 여행,210,탐방,NNG
경주 여행,210,중심지,NNG
경주 여행,210,알려져,VV+EC+VX+EC
경주 여행,210,지만,EC
경주 여행,210,주변,NNG
경주 여행,210,으로,JKB
경주 여행,211,울산,NNP
경주 여행,211,Part,SL
경주 여행,211,동궁,NNG
경주 여행,211,월지,NNG
경주 여행,211,누리,NNG
경주 여행,211,정원,NNG
경주 여행,211,성호,NNG
경주 여행,211,리조트,NNG
경주 여행,211,장생포,NNG
경주 여행,211,고래,NNG
경주 여행,211,문화,NNG
경주 여행,211,특구,NNP
경주 여행,211,라는,VCP+ETM
경주 여행,211,이름,NNG
경주 여행,211,으로,JKB
경주 여행,211,고래,NNG
경주 여행,211,주제,NNG
경주 여행,211,다채,XR
경주 여행,211,로운,XSA+ETM
경주 여행,211,관광지,NNG
경주 여행,211,형성,NNG
경주 여행,211,는데,EC
경주 여행,211,사실,MAG
경주 여행,211,고래,MAG
경주 여행,211,박물관,NNG
경주 여행,211,이나,JC
경주 여행,211,생태,NNG
경주 여행,211,jinstistory,SL
경주 여행,211,tistory,SL
경주 여행,211,com,SL
경주 여행,211,2023,SN
경주 여행,211,08,SN
경주 여행,211,16,SN
경주 여행,211,국내,NNG
경주 여행,211,울산,NNP
경주 여행,211,Part,SL
경주 여행,212,루비,NNG
경주 여행,212,정원,NNG
경주 여행,212,연휴,NNG
경주 여행,212,에서,JKB
경주 여행,212,시작,NNG
경주 여행,212,세요,EP+EF
경주 여행,212,신청,NNG
경주 여행,212,센터,NNG
경주 여행,212,광활,XR
경주 여행,212,부지,NNG
경주 여행,212,자리,NNG
경주 여행,212,역사,NNG
경주 여행,212,마당,NNG
경주 여행,212,엄청나,VA
경주 여행,212,너른,VA+ETM
경주 여행,212,연휴,NNG
경주 여행,212,계획,NNG
경주 여행,212,계신,VX+ETM
경주 여행,212,KTX,SL
경주 여행,212,이용,NNG
경주 여행,212,어떠,XR
경주 여행,212,신지,JKS+EP+EC
경주 여행,212,Copyright,SL
경주 여행,212,2011,SN
경주 여행,212,루비,NNG
경주 여행,212,All,SL
경주 여행,212,pictures,SL
경주 여행,213,출장,NNG
경주 여행,213,깨끗,XR
경주 여행,213,조식,NNG
경주 여행,213,제공,NNG
경주 여행,213,에이치,NNG
경주 여행,213,비뉴,NNG
경주 여행,213,호텔,NNG
경주 여행,213,불국사,NNP
경주 여행,213,까지,JX
경주 여행,213,도보,NNG
경주 여행,213,15,SN
경주 여행,213,거리,NNG
경주 여행,213,어서,EC
경주 여행,213,피로,NNG
경주 여행,213,조금,NNG
경주 여행,213,이나마,JX
경주 여행,213,습니다,EF
경주 여행,213,아침,NNG
경주 여행,213,일찍,MAG
경주 여행,213,불국사,NNG
경주 여행,213,방문,NNG
경주 여행,213,한적,XR
경주 여행,213,고요,NNG
경주 여행,213,분위기,NNG
경주 여행,213,에서,JKB
경주 여행,213,산책,NNG
경주 여행,213,즐기,VV
경주 여행,213,최적,NNG
경주 여행,213,위치,NNG
경주 여행,213,습니다,EF
경주 여행,213,스테이,NNG
경주 여행,214,알라딘,NNP
경주 여행,214,100,SN
경주 여행,214,자평,NNG
경주 여행,214,일상,NNG
경주 여행,214,고고학,NNG
경주 여행,214,혼자,MAG
경주 여행,214,일상,NNG
경주 여행,214,고고학,NNG
경주 여행,214,혼자,MAG
경주 여행,214,개정,NNG
경주 여행,214,증보판,NNG
경주 여행,214,일상,NNG
경주 여행,214,고고학,NNG
경주 여행,214,시리즈,NNG
경주 여행,214,황윤,NNG
경주 여행,214,지음,NNG
경주 여행,214,고양이,NNG
경주 여행,214,2020,SN
경주 여행,214,10,SN
경주 여행,214,평점,NNG
경주 여행,214,역사,NNG
경주 여행,214,사랑,NNG
경주 여행,214,사람,NNG
경주 여행,214,으로,JKB
경주 여행,214,바라본,VV+ETM
경주 여행,214,만큼,NNB
경주 여행,214,보이,VV
경주 여행,214,사랑,NNG
경주 여행,215,20200727,SN
경주 여행,215,08,SN
경주 여행,215,02,SN
경주 여행,215,20200728,SN
경주 여행,215,2020,SN
경주 여행,215,08,SN
경주 여행,215,02,SN
경주 여행,215,20200727,SN
경주 여행,215,2020,SN
경주 여행,215,08,SN
경주 여행,215,02,SN
경주 여행,215,평화,NNG
경주 여행,215,2020,SN
경주 여행,215,07,SN
경주 여행,215,13,SN
경주 여행,215,강릉,NNP
경주 여행,215,서나,NNG
경주 여행,215,2020,SN
경주 여행,215,07,SN
경주 여행,215,08,SN
경주 여행,215,강릉,NNP
경주 여행,215,2020,SN
경주 여행,215,07,SN
경주 여행,215,08,SN
경주 여행,216,한옥,NNG
경주 여행,216,숙소,NNG
경주 여행,216,소설,NNG
경주 여행,216,첨성,NNG
경주 여행,216,대점,NNG
경주 여행,216,비향,NNP
경주 여행,216,15,SN
경주 여행,216,한옥,NNG
경주 여행,216,숙소,NNG
경주 여행,216,이름,NNG
경주 여행,216,특이,XR
경주 여행,216,소설,NNG
경주 여행,216,첨성,NNG
경주 여행,216,대점,NNG
경주 여행,216,첨성대,NNG
경주 여행,216,진짜,MAG
경주 여행,216,가까워서,VA+EC
경주 여행,216,첨성,NNG
경주 여행,216,대점,NNG
경주 여행,216,이쁘,VA
경주 여행,216,이쁜,VA+ETM
경주 여행,216,한옥,NNG
경주 여행,216,소설,NNG
경주 여행,216,너무너무,MAG
경주 여행,216,너무,MAG
경주 여행,216,인기,NNG
경주 여행,216,라서,EC
경주 여행,216,주말,NNG
경주 여행,216,으려면,EC
경주 여행,217,알라딘,NNP
경주 여행,217,황금,NNG
경주 여행,217,호두,NNG
경주 여행,217,열리,VV
경주 여행,217,무웅,NNP
경주 여행,217,함께,MAG
경주 여행,217,떠나,VV
경주 여행,217,코스,NNG
경주 여행,217,인데,VCP+EC
경주 여행,217,새로운,VA+ETM
경주 여행,217,느낌,NNG
경주 여행,217,자꾸,MAG
경주 여행,217,새로운,VA+ETM
경주 여행,217,느낌,NNG
경주 여행,217,빠져,VV+EC
경주 여행,217,는데,EC
경주 여행,217,신라,NNP
경주 여행,217,에서,JKB
경주 여행,217,아이,NNG
경주 여행,217,함께,MAG
경주 여행,217,새롭,VA
경주 여행,217,다가왔,VV+EP
경주 여행,217,한참,MAG
경주 여행,217,티비,NNG
경주 여행,217,에서,JKB
경주 여행,218,까지,JX
경주 여행,218,이동은,NNP
경주 여행,218,기차,NNG
경주 여행,218,에서,JKB
경주 여행,218,자전거,NNG
경주 여행,218,도보,NNG
경주 여행,218,버스,NNG
경주 여행,218,투어,NNG
경주 여행,218,모두,MAG
경주 여행,218,가능,NNG
경주 여행,218,코스,NNG
경주 여행,218,시내,NNG
경주 여행,218,천마총,NNG
경주 여행,218,왕릉,NNG
경주 여행,218,첨성대,NNG
경주 여행,218,계림,NNG
경주 여행,218,포석정,NNP
경주 여행,218,안압지,NNP
경주 여행,219,알라딘,NNP
경주 여행,219,100,SN
경주 여행,219,자평,NNG
경주 여행,219,일상,NNG
경주 여행,219,고고학,NNG
경주 여행,219,혼자,MAG
경주 여행,219,일상,NNG
경주 여행,219,고고학,NNG
경주 여행,219,혼자,MAG
경주 여행,219,개정,NNG
경주 여행,219,증보판,NNG
경주 여행,219,일상,NNG
경주 여행,219,고고학,NNG
경주 여행,219,시리즈,NNG
경주 여행,219,황윤,NNG
경주 여행,219,지음,NNG
경주 여행,219,고양이,NNG
경주 여행,219,한참,MAG
경주 여행,219,는데,EC
경주 여행,219,오랜만,NNG
경주 여행,219,저자,NNG
경주 여행,219,함께,MAG
경주 여행,219,걸으며,VV+EC
경주 여행,219,역사,NNG
경주 여행,219,느낌,NNG
경주 여행,219,네요,EC
경주 여행,220,감포,NNP
경주 여행,220,대말,NNG
경주 여행,220,체험,NNG
경주 여행,220,전시관,NNG
경주 여행,220,위치,NNG
경주 여행,220,경북,NNP
경주 여행,220,척사,NNG
경주 여행,220,18,SN
경주 여행,220,94,SN
경주 여행,220,운영,NNG
경주 여행,220,시간,NNG
경주 여행,220,09,SN
경주 여행,220,00,SN
경주 여행,220,18,SN
경주 여행,220,00,SN
경주 여행,220,연중무휴,NNG
경주 여행,220,대표,NNG
경주 여행,220,전화,NNG
경주 여행,220,054,SN
경주 여행,220,744,SN
경주 여행,220,3233,SN
경주 여행,220,입장료,NNG
경주 여행,220,무료,NNG
경주 여행,220,대말,NNG
경주 여행,220,체험,NNG
경주 여행,220,아이,NNG
경주 여행,220,함께,MAG
경주 여행,220,점심,NNG
경주 여행,220,시간,NNG
경주 여행,220,12,SN
경주 여행,220,00,SN
경주 여행,220,13,SN
경주 여행,220,00,SN
경주 여행,220,운영,NNG
경주 여행,221,코스,NNG
경주 여행,221,읍천항,NNP
경주 여행,221,주상,NNG
경주 여행,221,절리,NNG
경주 여행,221,파도,NNG
경주 여행,221,소리,NNG
경주 여행,221,주상,NNG
경주 여행,221,절리,NNG
경주 여행,221,제주도,NNP
경주 여행,221,만큼,JKB
경주 여행,221,이나,JX
경주 여행,221,이쁜,VA+ETM
경주 여행,221,게다가,MAG
경주 여행,221,조용,XR
경주 여행,221,읍천항,NNP
경주 여행,221,코스,NNG
경주 여행,221,읍천항,NNP
경주 여행,221,자리,NNG
경주 여행,221,주상,NNG
경주 여행,221,절리,NNG
경주 여행,221,파도,NNG
경주 여행,221,소리,NNG
경주 여행,221,주차장,NNG
경주 여행,221,갖추,VV
경주 여행,221,따라,VV+EC
경주 여행,221,등대,NNG
경주 여행,221,까지,JX
경주 여행,222,교리,NNG
경주 여행,222,김밥,NNG
경주 여행,222,맛집,NNG
경주 여행,222,면서,EC
경주 여행,222,들린,VV+ETM
경주 여행,222,김밥,NNG
경주 여행,222,남산,NNG
경주 여행,222,등산,NNG
경주 여행,222,포함,NNG
경주 여행,222,해서,XSV+EC
경주 여행,222,당일,NNG
경주 여행,222,계획,NNG
경주 여행,222,다녀왔,VV+EP
경주 여행,222,습니다,EF
경주 여행,222,코스,NNG
경주 여행,222,에선,JKB+JX
경주 여행,222,여하튼,MAJ
경주 여행,222,처럼,JKB
경주 여행,222,정도,NNG
경주 여행,222,라는,ETM
경주 여행,222,생각,NNG
경주 여행,222,네요,EF
경주 여행,222,특히나,MAG
경주 여행,222,남산,NNG
경주 여행,223,안녕,IC
경주 여행,223,2014,SN
경주 여행,223,2014,SN
경주 여행,223,그냥,MAG
경주 여행,223,보내,VV
경주 여행,223,아쉬워서,VA+EC
경주 여행,223,기차,NNG
경주 여행,223,떠났,VV+EP
경주 여행,223,일전,NNG
경주 여행,223,크리스마스,NNG
경주 여행,223,오늘,NNG
경주 여행,223,안녕,NNG
경주 여행,223,2014,SN
경주 여행,223,이번,NNG
경주 여행,223,럭셔리,XR
경주 여행,223,컨셉,NNG
경주 여행,223,으로,JKB
경주 여행,223,호텔,NNG
경주 여행,223,에서,JKB
경주 여행,224,알라딘,NNP
경주 여행,224,서재,NNP
경주 여행,224,이야기,NNG
경주 여행,224,일상,NNG
경주 여행,224,고고학,NNG
경주 여행,224,혼자,MAG
경주 여행,224,무대,NNG
경주 여행,224,에세이,NNG
경주 여행,224,만날,VV+ETM
경주 여행,224,으로,JKB
경주 여행,224,에서,JKB
경주 여행,224,유명,XR
경주 여행,224,문화재,NNG
경주 여행,224,대한,VV+ETM
경주 여행,224,사전,NNG
경주 여행,224,지식,NNG
경주 여행,224,줄줄,MAG
경주 여행,224,얼마,NNG
경주 여행,224,든지,VCP+EC
경주 여행,224,재미있,VA
경주 여행,224,의미,NNG
경주 여행,225,놀부,NNG
경주 여행,225,보쌈,NNG
경주 여행,225,황오,NNP
경주 여행,225,배달,NNG
경주 여행,225,후기,NNG
경주 여행,225,숙소,NNG
경주 여행,225,황남,NNG
경주 여행,225,머물,VV
경주 여행,225,어요,EF
경주 여행,225,저녁,NNG
경주 여행,225,아이,NNG
경주 여행,225,지치,VV
경주 여행,225,배민,NNG
경주 여행,225,놀부,NNG
경주 여행,225,보쌈,NNG
경주 여행,225,검색,NNG
경주 여행,225,황오,NNP
경주 여행,225,에서,JKB
경주 여행,225,배달,NNG
경주 여행,225,가능,NNG
경주 여행,225,다고,EC
경주 여행,225,나오,VV
경주 여행,225,네요,EF
경주 여행,225,저희,NP
경주 여행,225,황남,NNG
경주 여행,225,머물,VV
경주 여행,225,때문,NNB
경주 여행,226,알라딘,NNP
경주 여행,226,100,SN
경주 여행,226,자평,NNG
경주 여행,226,일상,NNG
경주 여행,226,고고학,NNG
경주 여행,226,혼자,MAG
경주 여행,226,일상,NNG
경주 여행,226,고고학,NNG
경주 여행,226,혼자,MAG
경주 여행,226,개정,NNG
경주 여행,226,증보판,NNG
경주 여행,226,일상,NNG
경주 여행,226,시리즈,NNG
경주 여행,226,황윤,NNG
경주 여행,226,지음,NNG
경주 여행,226,고양이,NNG
경주 여행,226,2020,SN
경주 여행,226,10,SN
경주 여행,226,평점,NNG
경주 여행,226,학교,NNG
경주 여행,226,다닐,VV+ETM
경주 여행,226,수학,NNG
경주 여행,226,갔었,VV+EP
경주 여행,226,는데,EC
경주 여행,226,추억,NNG
경주 여행,226,장소라,NNP
경주 여행,226,다시,MAG
경주 여행,226,거든요,EF
경주 여행,227,알라딘,NNP
경주 여행,227,100,SN
경주 여행,227,자평,NNG
경주 여행,227,일상,NNG
경주 여행,227,고고학,NNG
경주 여행,227,혼자,MAG
경주 여행,227,일상,NNG
경주 여행,227,고고학,NNG
경주 여행,227,혼자,MAG
경주 여행,227,개정,NNG
경주 여행,227,증보판,NNG
경주 여행,227,일상,NNG
경주 여행,227,고고학,NNG
경주 여행,227,시리즈,NNG
경주 여행,227,황윤,NNG
경주 여행,227,지음,NNG
경주 여행,227,고양이,NNG
경주 여행,227,2020,SN
경주 여행,227,10,SN
경주 여행,227,평점,NNG
경주 여행,227,신라,NNP
경주 여행,227,마니아,NNG
경주 여행,227,로부터,JKB
경주 여행,227,기라,NNG
경주 여행,227,관심,NNG
경주 여행,227,가요,NNG
경주 여행,227,고고학,NNG
경주 여행,227,관점,NNG
경주 여행,227,으로,JKB
경주 여행,228,알라딘,NNP
경주 여행,228,100,SN
경주 여행,228,자평,NNG
경주 여행,228,일상,NNG
경주 여행,228,고고학,NNG
경주 여행,228,혼자,MAG
경주 여행,228,일상,NNG
경주 여행,228,고고학,NNG
경주 여행,228,혼자,MAG
경주 여행,228,개정,NNG
경주 여행,228,증보판,NNG
경주 여행,228,일상,NNG
경주 여행,228,고고학,NNG
경주 여행,228,시리즈,NNG
경주 여행,228,황윤,NNG
경주 여행,228,지음,NNG
경주 여행,228,고양이,NNG
경주 여행,228,대한,VV+ETM
경주 여행,228,깊이,MAG
경주 여행,228,이야기,NNG
경주 여행,228,호기심,NNG
경주 여행,228,해줍니다,XSV+EC+VX+EF
경주 여행,228,100,SN
경주 여행,228,다니,EC
경주 여행,228,정말,MAG
경주 여행,228,대단,XR
경주 여행,228,습니다,EF
경주 여행,229,경북,NNP
경주 여행,229,황룡,NNG
경주 여행,229,사지,NNG
경주 여행,229,황화,NNG
경주 여행,229,코스모스,NNG
경주 여행,229,20,SN
경주 여행,229,14,SN
경주 여행,229,황룡,NNG
경주 여행,229,사지,NNG
경주 여행,229,황화,NNG
경주 여행,229,코스모스,NNG
경주 여행,229,20,SN
경주 여행,229,14,SN
경주 여행,229,지역,NNG
경주 여행,229,최고,NNG
경주 여행,229,기온,NNG
경주 여행,229,36,SN
경주 여행,229,기록,NNG
경주 여행,229,폭염,NNG
경주 여행,229,특보,NNG
경주 여행,229,내려진,VV+EC+VX+ETM
경주 여행,229,상태,NNG
경주 여행,229,사진,NNG
경주 여행,229,다가,EC
경주 여행,229,햇빛,NNG
경주 여행,229,구황동,NNP
경주 여행,229,분황,NNG
경주 여행,229,사지,NNG
경주 여행,229,황룡,NNG
경주 여행,229,사지,NNG
경주 여행,230,석빙고,NNG
경주 여행,230,색다른,VA+ETM
경주 여행,230,볼거리,NNG
경주 여행,230,근처,NNG
경주 여행,230,안압,NNG
경주 여행,230,색다른,VA+ETM
경주 여행,230,볼거리,NNG
경주 여행,230,석빙고,NNG
경주 여행,230,이번,NNG
경주 여행,230,에서,JKB
경주 여행,230,다녀온,VV+ETM
경주 여행,230,석빙고,NNG
경주 여행,230,입니다,VCP+EF
경주 여행,230,석빙고,NNG
경주 여행,230,영조,NNG
경주 여행,230,만들,VV
경주 여행,230,일종,NNG
경주 여행,230,얼음,NNG
경주 여행,230,창고,NNG
경주 여행,230,근처,NNG
경주 여행,230,첨성대,NNG
경주 여행,230,비롯,XR
경주 여행,230,몰려,VV+EC
경주 여행,230,어서,EC
경주 여행,230,함께,MAG
경주 여행,231,가본,NNG
경주 여행,231,동궁,NNG
경주 여행,231,예쁜,VA+ETM
경주 여행,231,만나,VV
경주 여행,231,커피,NNG
경주 여행,231,열매,NNG
경주 여행,231,으면서,EC
경주 여행,231,노천온천,NNP
경주 여행,231,행복,NNG
경주 여행,232,황리,NNG
경주 여행,232,보문,NNG
경주 여행,232,단지,MAG
경주 여행,232,왕릉,NNG
경주 여행,232,탐방,NNG
경주 여행,232,데이트,NNG
경주 여행,232,코스,NNG
경주 여행,232,https,SL
경주 여행,232,youtu,SL
경주 여행,232,be,SL
경주 여행,232,nZzijKooIk,SL
경주 여행,232,황리,NNG
경주 여행,232,예쁘,VA
경주 여행,232,마음,NNG
경주 여행,232,낭만,NNG
경주 여행,232,으로,JKB
경주 여행,232,차오르,VV
경주 여행,232,경상도,NNP
경주 여행,232,에서,JKB
경주 여행,232,흔치,VA+EC
경주 여행,232,거리,NNG
경주 여행,232,바로,MAG
경주 여행,232,유적지,NNG
경주 여행,232,오래,MAG
경주 여행,232,한옥,NNG
경주 여행,232,고도,NNG
경주 여행,232,사뭇,MAG
경주 여행,232,어울리,VV
경주 여행,232,면서도,EC
경주 여행,233,밀면,NNP
경주 여행,233,에서,JKB
경주 여행,233,맛보,VV
경주 여행,233,가격,NNG
경주 여행,233,착해,VA+EC
경주 여행,233,5000,SN
경주 여행,233,비빔,NNG
경주 여행,233,물밀,VV
경주 여행,233,5000,SN
경주 여행,233,떡갈비,NNG
경주 여행,233,2000,SN
경주 여행,233,12,SN
경주 여행,233,000,SN
경주 여행,233,밥상,NNG
경주 여행,233,그리고,MAJ
경주 여행,233,뜨거운,VA+ETM
경주 여행,233,육수,NNG
경주 여행,233,까지,JX
경주 여행,233,평가,NNG
경주 여행,233,입맛,NNG
경주 여행,233,따라,VV+EC
경주 여행,233,취향,NNG
경주 여행,233,따루,MAG
경주 여행,233,따루,MAG
경주 여행,234,엑스,NNG
경주 여행,234,포대,NNG
경주 여행,234,공원,NNG
경주 여행,234,2025,SN
경주 여행,234,08,SN
경주 여행,234,16,SN
경주 여행,234,푸른,VA+ETM
경주 여행,234,애벌레,NNG
경주 여행,234,둘째,NR
경주 여행,234,보문호,NNP
경주 여행,234,주변,NNG
경주 여행,234,10,SN
경주 여행,234,엑스,NNG
경주 여행,234,포대,NNG
경주 여행,234,공원,NNG
경주 여행,234,입장,NNG
경주 여행,234,엑스포,NNG
경주 여행,234,기념관,NNG
경주 여행,234,천마,NNG
경주 여행,234,궁전,NNG
경주 여행,234,타워,NNG
경주 여행,234,솔거,NNG
경주 여행,234,미술관,NNG
경주 여행,234,자연사,NNG
경주 여행,234,박물관,NNG
경주 여행,235,2020,SN
경주 여행,235,동방역,NNP
경주 여행,235,능소화,NNG
경주 여행,235,서출지,NNG
경주 여행,235,경북,NNP
경주 여행,235,산림,NNG
경주 여행,235,연구원,NNG
경주 여행,235,2020,SN
경주 여행,235,25,SN
경주 여행,235,동방역,NNP
경주 여행,235,능소화,NNG
경주 여행,235,서출지,NNG
경주 여행,235,경북,NNP
경주 여행,235,산림,NNG
경주 여행,235,연구원,NNG
경주 여행,236,모녀,NNG
경주 여행,236,함께,MAG
경주 여행,236,바보,NNG
경주 여행,236,블로그,NNG
경주 여행,236,모녀,NNG
경주 여행,236,함께,MAG
경주 여행,236,2019,SN
경주 여행,236,10,SN
경주 여행,236,15,SN
경주 여행,236,첨성대,NNG
경주 여행,236,야생,NNG
경주 여행,236,단지,MAG
경주 여행,236,계림,NNG
경주 여행,236,월지,NNG
경주 여행,236,안압지,NNP
경주 여행,236,계림,NNP
경주 여행,236,월지,NNP
경주 여행,236,안압지,NNP
경주 여행,236,야경,NNG
경주 여행,236,박물관,NNG
경주 여행,236,10,SN
경주 여행,236,16,SN
경주 여행,236,김유신,NNP
경주 여행,236,장군,NNG
경주 여행,237,석굴암,NNG
경주 여행,237,2018,SN
경주 여행,237,10,SN
경주 여행,238,알라딘,NNP
경주 여행,238,100,SN
경주 여행,238,자평,NNG
경주 여행,238,일상,NNG
경주 여행,238,고고학,NNG
경주 여행,238,혼자,MAG
경주 여행,238,일상,NNG
경주 여행,238,고고학,NNG
경주 여행,238,혼자,MAG
경주 여행,238,개정,NNG
경주 여행,238,증보판,NNG
경주 여행,238,일상,NNG
경주 여행,238,고고학,NNG
경주 여행,238,시리즈,NNG
경주 여행,238,황윤,NNG
경주 여행,238,지음,NNG
경주 여행,238,고양이,NNG
경주 여행,238,2020,SN
경주 여행,238,10,SN
경주 여행,238,평점,NNG
경주 여행,238,삼국,NNG
경주 여행,238,시대,NNG
경주 여행,238,관한,VV+ETM
경주 여행,238,거의,MAG
경주 여행,238,모든,MM
경주 여행,238,자료,NNG
경주 여행,238,섭렵,NNG
경주 여행,238,소장,NNG
경주 여행,238,역사,NNG
경주 여행,238,학자,NNG
경주 여행,238,순수,NNG
경주 여행,238,시각,NNG
경주 여행,238,생생,XR
경주 여행,239,알라딘,NNP
경주 여행,239,일상,NNG
경주 여행,239,고고학,NNG
경주 여행,239,혼자,MAG
경주 여행,239,일상,NNG
경주 여행,239,고고학,NNG
경주 여행,239,혼자,MAG
경주 여행,239,개정,NNG
경주 여행,239,증보판,NNG
경주 여행,239,일상,NNG
경주 여행,239,고고학,NNG
경주 여행,239,시리즈,NNG
경주 여행,239,황윤,NNG
경주 여행,239,지음,NNG
경주 여행,239,고양이,NNG
경주 여행,239,2020,SN
경주 여행,239,10,SN
경주 여행,239,평점,NNG
경주 여행,239,수학,NNG
경주 여행,239,으로,JKB
경주 여행,239,추억,NNG
경주 여행,239,다시,MAG
경주 여행,239,한번,MAG
경주 여행,239,역사,NNG
경주 여행,239,그렇,VA
경주 여행,239,수록,EC
경주 여행,240,경비,NNG
경주 여행,240,혼자,NNG
경주 여행,240,떠난,VV+ETM
경주 여행,240,이동,NNG
경주 여행,240,수단,NNG
경주 여행,240,시외버스,NNG
경주 여행,240,버스,NNG
경주 여행,240,택시,NNG
경주 여행,240,시티투어,NNP
경주 여행,240,버스,NNG
경주 여행,240,Total,SL
경주 여행,240,13,SN
경주 여행,240,140,SN
경주 여행,240,기타,NNG
경주 여행,240,생필품,NNG
경주 여행,240,샴푸,NNG
경주 여행,240,린스,NNG
경주 여행,240,바디,NNG
경주 여행,240,워시,NNP
경주 여행,240,버블,NNG
경주 여행,240,490,SN
경주 여행,240,Total,SL
경주 여행,240,경비,NNG
경주 여행,240,148,SN
경주 여행,240,080,SN
경주 여행,241,경북,NNP
경주 여행,241,현대,NNG
경주 여행,241,호텔,NNG
경주 여행,241,현대,NNP
경주 여행,241,호텔,NNG
경주 여행,241,현대,NNG
경주 여행,241,호텔,NNG
경주 여행,241,보문,NNP
경주 여행,241,수상,NNG
경주 여행,241,공연장,NNG
경주 여행,241,보문관광단지,NNP
경주 여행,241,보문호,NNP
경주 여행,241,반길,VV+ETM
경주 여행,241,신라,NNP
경주 여행,241,컨트리클럽,NNG
경주 여행,241,숙박,NNG
경주 여행,241,현대,NNG
경주 여행,241,호텔,NNG
경주 여행,241,방문,NNG
경주 여행,241,일자,NNG
경주 여행,241,2016,SN
경주 여행,241,현대,NNG
경주 여행,241,호텔,NNG
경주 여행,241,경북,NNP
경주 여행,241,신평동,NNP
경주 여행,242,석굴암,NNG
경주 여행,242,불국사,NNG
경주 여행,242,09,SN
경주 여행,242,43,SN
경주 여행,242,석굴암,NNG
경주 여행,242,불국사,NNG
경주 여행,242,일시,NNG
경주 여행,242,2011,SN
경주 여행,242,22,SN
경주 여행,242,24,SN
경주 여행,242,장소,NNG
경주 여행,242,세째,NR
경주 여행,242,24,SN
경주 여행,242,석굴암,NNG
경주 여행,242,불국사,NNG
경주 여행,242,참여,NNG
경주 여행,242,우리,NP
경주 여행,242,가족,NNG
경주 여행,242,송국영,NNP
경주 여행,242,안종,NNP
경주 여행,242,송진주,NNP
경주 여행,242,김홍식,NNP
경주 여행,242,김연우,NNP
경주 여행,242,연주,NNP
경주 여행,242,조광민,NNP
경주 여행,243,대릉원,NNG
경주 여행,243,스탬프,NNG
경주 여행,243,투어,NNG
경주 여행,243,다섯,NR
경주 여행,243,이야기,NNG
경주 여행,243,대릉원,NNG
경주 여행,243,천마,NNG
경주 여행,243,경북,NNP
경주 여행,243,스탬프,NNG
경주 여행,243,투어,NNG
경주 여행,243,오릉,NNG
경주 여행,243,대릉원,NNG
경주 여행,243,천마총,NNG
경주 여행,243,오릉,NNG
경주 여행,243,교촌,NNG
경주 여행,243,마을,NNG
경주 여행,243,투어,NNG
경주 여행,243,마치,VV
경주 여행,243,다음,NNG
경주 여행,243,으로,JKB
경주 여행,243,찾아간,VV+ETM
경주 여행,243,바로,MAG
경주 여행,243,오릉,NNG
경주 여행,243,교촌,NNG
경주 여행,243,마을,NNG
경주 여행,243,면서,EC
경주 여행,243,조금,MAG
경주 여행,243,지치,VV
경주 여행,243,느낌,NNG
경주 여행,243,는데,EC
경주 여행,244,유적지,NNG
경주 여행,244,트레,NNP
경주 여행,244,대상지,NNG
경주 여행,244,유적지,NNG
경주 여행,244,트레,NNP
경주 여행,244,소재지,NNG
경주 여행,244,경북,NNP
경주 여행,244,2023,SN
경주 여행,244,10,SN
경주 여행,244,동궁,NNG
경주 여행,244,월지,NNG
경주 여행,244,반월,NNG
경주 여행,244,교촌,NNG
경주 여행,244,대릉원,NNG
경주 여행,244,44,SN
경주 여행,244,고분,NNG
경주 여행,244,분황사,NNG
경주 여행,244,황룡사,NNG
경주 여행,244,역사,NNG
경주 여행,244,문화원,NNG
경주 여행,244,동궁,NNG
경주 여행,244,월지,NNG
경주 여행,244,주차장,NNG
경주 여행,244,Km,SL
경주 여행,244,반월,NNG
경주 여행,244,에서,JKB
경주 여행,245,동궁,NNG
경주 여행,245,월지,NNG
경주 여행,245,안압지,NNP
경주 여행,245,야경,NNG
경주 여행,245,해외,NNG
경주 여행,245,이야기,NNG
경주 여행,245,후기,NNG
경주 여행,245,동궁,NNG
경주 여행,245,월지,NNG
경주 여행,245,안압지,NNP
경주 여행,245,야경,NNG
경주 여행,245,훌리아,NNP
경주 여행,245,2020,SN
경주 여행,245,25,SN
경주 여행,245,15,SN
경주 여행,245,17,SN
경주 여행,245,2019,SN
경주 여행,245,여름,NNG
경주 여행,245,사진,NNG
경주 여행,245,보관,NNG
경주 여행,245,구독,NNG
경주 여행,245,해외,NNG
경주 여행,245,이야기,NNG
경주 여행,245,후기,NNG
경주 여행,245,Related,SL
경주 여행,245,Articles,SL
경주 여행,246,이야기,NNG
경주 여행,246,계명,NNG
경주 여행,246,대학교,NNG
경주 여행,246,동산,NNG
경주 여행,246,병원,NNG
경주 여행,246,라고,EC
경주 여행,246,일자,NNG
경주 여행,246,2016,SN
경주 여행,246,인원,NNG
경주 여행,246,친구,NNG
경주 여행,246,함께,MAG
경주 여행,246,시외버스,NNG
경주 여행,246,터미널,NNG
경주 여행,246,경북,NNP
경주 여행,246,노서동,NNP
경주 여행,246,160,SN
경주 여행,246,전화,NNG
경주 여행,246,1666,SN
경주 여행,246,5599,SN
경주 여행,246,시외버스,NNG
경주 여행,246,터미널,NNG
경주 여행,247,2020,SN
경주 여행,247,06,SN
경주 여행,247,13,SN
경주 여행,247,14,SN
경주 여행,247,일요일,NNG
경주 여행,247,오전,NNG
경주 여행,247,오후,NNG
경주 여행,247,에서,JKB
경주 여행,247,고향,NNG
경주 여행,247,친구,NNG
경주 여행,247,함께,MAG
경주 여행,247,신라,NNP
경주 여행,247,대종,NNG
경주 여행,247,장맛비,NNG
경주 여행,247,시작,NNG
경주 여행,247,육월,NNP
경주 여행,247,중순,NNG
경주 여행,247,고향,NNG
경주 여행,247,친구,NNG
경주 여행,247,함께,MAG
경주 여행,247,에서,JKB
경주 여행,247,즐거운,VA+ETM
경주 여행,247,대릉원,NNG
경주 여행,247,돌담길,NNP
경주 여행,247,황리,NNG
경주 여행,248,알라딘,NNP
경주 여행,248,100,SN
경주 여행,248,자평,NNG
경주 여행,248,일상,NNG
경주 여행,248,고고학,NNG
경주 여행,248,혼자,MAG
경주 여행,248,일상,NNG
경주 여행,248,고고학,NNG
경주 여행,248,혼자,MAG
경주 여행,248,개정,NNG
경주 여행,248,증보판,NNG
경주 여행,248,일상,NNG
경주 여행,248,고고학,NNG
경주 여행,248,시리즈,NNG
경주 여행,248,황윤,NNG
경주 여행,248,지음,NNG
경주 여행,248,고양이,NNG
경주 여행,248,재미있,VA
경주 여행,248,길잡이,NNG
경주 여행,248,입니다,VCP+EF
경주 여행,248,풍부,XR
경주 여행,248,이해,NNG
경주 여행,249,코스,NNG
경주 여행,249,베스트,NNG
경주 여행,249,추천,NNG
경주 여행,249,top,SL
경주 여행,249,10,SN
경주 여행,249,코스,NNG
경주 여행,249,베스트,NNG
경주 여행,249,추천,NNG
경주 여행,249,top,SL
경주 여행,249,10,SN
경주 여행,249,코스,NNG
경주 여행,249,베스트,NNG
경주 여행,249,추천,NNG
경주 여행,249,top,SL
경주 여행,249,10,SN
경주 여행,249,소개,NNG
경주 여행,249,합니다,XSV+EC
경주 여행,249,황리,NNG
경주 여행,249,상호,NNG
경주 여행,249,황리,NNG
경주 여행,249,주소,NNG
경주 여행,249,경상북도,NNP
경주 여행,249,황남동,NNP
경주 여행,249,280,SN
경주 여행,249,전화,NNG
경주 여행,249,번호,NNG
경주 여행,249,입력,NNG
경주 여행,249,관련,NNG
경주 여행,249,키워드,NNP
경주 여행,249,키워드,NNP
경주 여행,250,코스,NNG
경주 여행,250,뚜벅,MAG
경주 여행,250,불국사,NNP
경주 여행,250,석굴암,NNG
경주 여행,250,중교,NNG
경주 여행,250,naver,SL
경주 여행,250,com,SL
경주 여행,250,loveartlove,SL
경주 여행,250,223054447834,SN
경주 여행,250,다시,MAG
경주 여행,250,서울,NNP
경주 여행,250,올라갈,VV+ETM
경주 여행,250,불국사,NNP
경주 여행,250,불국사,NNP
경주 여행,250,국보,NNG
경주 여행,250,다보탑,NNG
경주 여행,250,석가탑,NNG
경주 여행,250,석굴암,NNG
경주 여행,250,입장료,NNG
경주 여행,251,불국사,NNG
경주 여행,251,스탬프,NNG
경주 여행,251,투어,NNG
경주 여행,251,이야기,NNG
경주 여행,251,불국사,NNP
경주 여행,251,석굴암,NNG
경주 여행,251,경북,NNP
경주 여행,251,스탬프,NNG
경주 여행,251,투어,NNG
경주 여행,251,가을,NNG
경주 여행,251,불국사,NNG
경주 여행,251,석굴암,NNG
경주 여행,251,동리,NNG
경주 여행,251,문학관,NNG
경주 여행,251,구경,NNG
경주 여행,251,마치,VV
경주 여행,251,다음,NNG
경주 여행,251,으로,JKB
경주 여행,251,장소,NNG
경주 여행,251,핵심,NNG
경주 여행,251,메카,NNP
경주 여행,251,바로,MAG
경주 여행,251,불국사,NNP
경주 여행,251,석굴암,NNG
경주 여행,252,황리,NNG
경주 여행,252,한옥,NNG
경주 여행,252,카페,NNG
경주 여행,252,추천,NNG
경주 여행,252,카페,NNP
경주 여행,252,아덴,NNP
경주 여행,252,카페,NNP
경주 여행,252,아덴,NNP
경주 여행,252,위치,NNG
경주 여행,252,경북,NNP
경주 여행,252,사정,NNG
경주 여행,252,57,SN
경주 여행,252,운영,NNG
경주 여행,252,시간,NNG
경주 여행,252,매일,MAG
경주 여행,252,10,SN
경주 여행,252,와서,VV+EC
경주 여행,252,으로,JKB
경주 여행,252,채울,VV+ETM
경주 여행,252,어서,EC
경주 여행,252,어요,EF
경주 여행,252,실시간,NNG
경주 여행,252,예보,NNG
경주 여행,252,너무,MAG
경주 여행,252,커피,NNG
경주 여행,252,아덴,NNP
경주 여행,252,시그,NNP
경주 여행,253,알라딘,NNP
경주 여행,253,100,SN
경주 여행,253,자평,NNG
경주 여행,253,일상,NNG
경주 여행,253,고고학,NNG
경주 여행,253,혼자,MAG
경주 여행,253,일상,NNG
경주 여행,253,고고학,NNG
경주 여행,253,혼자,MAG
경주 여행,253,개정,NNG
경주 여행,253,증보판,NNG
경주 여행,253,일상,NNG
경주 여행,253,고고학,NNG
경주 여행,253,시리즈,NNG
경주 여행,253,황윤,NNG
경주 여행,253,지음,NNG
경주 여행,253,고양이,NNG
경주 여행,253,2020,SN
경주 여행,253,10,SN
경주 여행,253,평점,NNG
경주 여행,253,대한,VV+ETM
경주 여행,253,아름다움,VA+ETN
경주 여행,253,느낄,VV+ETM
경주 여행,253,기대,NNG
경주 여행,253,됩니다,XSV+EC
경주 여행,254,알라딘,NNP
경주 여행,254,서재,NNP
경주 여행,254,필수,NNG
경주 여행,254,필요,NNG
경주 여행,254,지식,NNG
경주 여행,254,설명,NNG
경주 여행,254,이해,NNG
경주 여행,254,사진,NNG
경주 여행,254,정보,NNG
경주 여행,254,가득,MAG
경주 여행,254,서울,NNP
경주 여행,254,이어,MAG
경주 여행,254,역사,NNG
경주 여행,254,꿈꾸,VV
경주 여행,254,한옥,NNG
경주 여행,254,에서,JKB
경주 여행,254,독서,NNG
경주 여행,254,모임,NNG
경주 여행,254,다가,EC
경주 여행,254,바로,MAG
경주 여행,254,주문,NNG
경주 여행,254,역사,NNG
경주 여행,254,예정,NNG
경주 여행,255,에서,JKB
경주 여행,255,걸어서,VV+EC
경주 여행,255,대릉원,NNG
경주 여행,255,까지,JX
경주 여행,255,대릉원,NNG
경주 여행,255,담장,NNG
경주 여행,255,2018,SN
경주 여행,255,11,SN
경주 여행,255,이번,NNG
경주 여행,255,천천히,MAG
경주 여행,255,걸으며,VV+EC
경주 여행,255,가을,NNG
경주 여행,255,만끽,NNG
경주 여행,255,컨셉,NNG
경주 여행,255,마침,MAG
경주 여행,255,가을,NNG
경주 여행,255,분위기,NNG
경주 여행,255,한껏,MAG
경주 여행,255,고조,NNG
경주 여행,255,시켜,XSV+EC
경주 여행,255,벚나무,NNG
경주 여행,255,좌우,NNG
경주 여행,255,어서,EC
경주 여행,255,마다,JX
경주 여행,255,가지,VV
경주 여행,255,와서,VV+EC
경주 여행,256,Knowledge,SL
경주 여행,256,Box,SL
경주 여행,256,슈만,NNP
경주 여행,256,클라라,NNP
경주 여행,256,도착,NNG
경주 여행,256,제일,MAG
경주 여행,256,먼저,MAG
경주 여행,256,슈만,NNP
경주 여행,256,클라라,NNP
경주 여행,256,라는,VCP+ETM
경주 여행,256,cafe,SL
경주 여행,256,위치,NNG
경주 여행,256,요기,NP
경주 여행,256,여기,NP
경주 여행,256,버스,NNG
경주 여행,256,려고,EC
경주 여행,256,는데,EC
경주 여행,256,버스,NNG
경주 여행,256,너무,MAG
경주 여행,256,와서,VV+EC
경주 여행,256,택시,NNG
경주 여행,256,그러나,MAJ
경주 여행,256,다음,NNG
경주 여행,256,문제,NNG
경주 여행,256,계속,MAG
경주 여행,257,13,SN
경주 여행,257,성동,NNG
경주 여행,257,시장,NNG
경주 여행,257,구경,NNG
경주 여행,257,가을,NNG
경주 여행,257,기차,NNG
경주 여행,257,피날레,NNG
경주 여행,257,2018,SN
경주 여행,257,11,SN
경주 여행,257,즐거웠,VA+EP
경주 여행,257,가을,NNG
경주 여행,257,기차,NNG
경주 여행,257,단풍,NNG
경주 여행,257,맘껏,MAG
경주 여행,257,누리,VV
경주 여행,257,돌아가,VV
경주 여행,257,노란,VA+ETM
경주 여행,257,은행,NNG
경주 여행,257,낙엽,NNG
경주 여행,257,올려,VV+EC
경주 여행,257,어야,EC
경주 여행,257,는데,EC
경주 여행,257,언니,NNG
경주 여행,257,수고,NNG
경주 여행,257,어염,EF
경주 여행,257,숙소,NNG
경주 여행,257,변경,NNG
경주 여행,257,지도자,NNG
경주 여행,257,언니,NNG
경주 여행,257,짝짝,MAG
경주 여행,258,2303,SN
경주 여행,258,봄꽃,NNG
경주 여행,258,습니다,EF
경주 여행,258,벌써,MAG
경주 여행,258,마지막,NNG
경주 여행,258,월요일,NNG
경주 여행,258,찾아간,VV+ETM
경주 여행,258,벚꽃,NNG
경주 여행,258,상춘객,NNG
경주 여행,258,으로,JKB
경주 여행,258,많이,MAG
경주 여행,258,붐볐,VV+EP
경주 여행,258,습니다,EF
경주 여행,258,에서,JKB
경주 여행,258,점심,NNG
경주 여행,258,집사람,NNG
경주 여행,258,국도,NNG
경주 여행,258,천천히,MAG
경주 여행,258,올라가,VV
경주 여행,258,곳곳,NNG
경주 여행,258,벚꽃,NNG
경주 여행,258,자랑,NNG
경주 여행,258,열중,NNG
경주 여행,259,황리,NNG
경주 여행,259,주전부리,NNG
경주 여행,259,황금,NNG
경주 여행,259,황남,NNG
경주 여행,259,옥수수,NNG
경주 여행,259,청년,NNG
경주 여행,259,분식,NNG
경주 여행,259,황리,NNG
경주 여행,259,주전부리,NNG
경주 여행,259,저녁,NNG
경주 여행,259,출출,XR
경주 여행,259,해서,XSA+EC
경주 여행,259,황리,NNG
경주 여행,259,주전부리,NNG
경주 여행,259,우선,MAG
경주 여행,259,급한,VA+ETM
경주 여행,259,결론,NNG
경주 여행,259,부터,JX
경주 여행,259,자면,EC
경주 여행,259,청년,NNG
경주 여행,259,분식,NNG
경주 여행,259,황남,NNG
경주 여행,259,옥수수,NNG
경주 여행,259,모두,MAG
경주 여행,259,아쉽,VA
경주 여행,259,청년,NNG
경주 여행,259,분식,NNG
경주 여행,259,쥬얼,NNP
경주 여행,259,우릴,VV+ETM
경주 여행,259,유혹,NNG
경주 여행,259,뭔가,NP+VCP+EC
경주 여행,260,첨성대,NNG
경주 여행,260,대릉원,NNG
경주 여행,260,주차,NNG
경주 여행,260,주차장,NNG
경주 여행,260,대릉원,NNG
경주 여행,260,주차장,NNG
경주 여행,260,여기,NP
경주 여행,260,매표,NNG
경주 여행,260,해야,VV+EC
경주 여행,260,들어갈,VV+ETM
경주 여행,260,어서,EC
경주 여행,260,그냥,MAG
경주 여행,260,혼자,NNG
경주 여행,260,굳이,MAG
경주 여행,260,들어갈,VV+ETM
경주 여행,260,필요,NNG
경주 여행,260,느꼈,VV+EP
경주 여행,260,네요,EF
경주 여행,260,편하,VA
경주 여행,260,드라이브,NNG
경주 여행,260,둘러본,VV+ETM
경주 여행,260,그리고,MAJ
경주 여행,260,그곳,NP
경주 여행,260,에서,JKB
경주 여행,260,만난,VV+ETM
경주 여행,260,첨성대,NNG
경주 여행,261,황리,NNG
경주 여행,261,맛집,NNG
경주 여행,261,여도,NNG
경주 여행,261,영업,NNG
경주 여행,261,종료,NNG
경주 여행,261,오늘,NNG
경주 여행,261,맛집,NNG
경주 여행,261,황리,NNG
경주 여행,261,맛집,NNG
경주 여행,261,여주,NNG
경주 여행,261,이야기,NNG
경주 여행,261,함께,MAG
경주 여행,261,해요,VV+EF
경주 여행,261,다만,MAJ
경주 여행,261,현재,MAG
경주 여행,261,여도,NNG
경주 여행,261,다는,ETM
경주 여행,261,저희,NP
경주 여행,261,기록,NNG
경주 여행,261,해서,VV+EC
경주 여행,261,그냥,MAG
경주 여행,261,포스팅,NNP
경주 여행,261,진행,NNG
경주 여행,261,참고,NNG
경주 여행,261,세요,EP+EF
경주 여행,261,한옥,NNP
경주 여행,261,외관,NNG
경주 여행,261,눈길,NNG
경주 여행,262,안녕,IC
경주 여행,262,2014,SN
경주 여행,262,2014,SN
경주 여행,262,마지막,NNG
경주 여행,262,에서,JKB
경주 여행,262,멋진,VA+ETM
경주 여행,262,선물,NNG
경주 여행,262,눈발,NNG
경주 여행,262,날리,VV
경주 여행,262,시작,NNG
경주 여행,262,한다,XSV+EF
경주 여행,262,그리고,MAJ
경주 여행,262,금방,MAG
경주 여행,262,하얀,VA+ETM
경주 여행,262,세상,NNG
경주 여행,262,으로,JKB
경주 여행,262,변한다,VV+EC
경주 여행,262,눈길,NNG
경주 여행,262,산책,NNG
경주 여행,262,불국사,NNP
경주 여행,262,에서,JKB
경주 여행,262,기차,NNG
경주 여행,262,마무리,NNG
경주 여행,262,한다,XSV+EF
경주 여행,262,다시,MAG
경주 여행,262,화창,XR
경주 여행,262,해진,XSA+EC+VX+ETM
경주 여행,262,하늘,NNG
경주 여행,263,야경,NNG
경주 여행,263,다른,MM
경주 여행,263,매력,NNG
경주 여행,263,정교,NNG
경주 여행,263,분위기,NNG
경주 여행,263,저녁,NNG
경주 여행,263,정교,NNG
경주 여행,263,방문,NNG
경주 여행,263,추천,NNG
경주 여행,263,드립니다,VV+EF
경주 여행,263,켜진,VV+ETM
경주 여행,263,정교,NNG
경주 여행,263,신나,VV
경주 여행,263,사진,NNG
경주 여행,263,정교,NNG
경주 여행,263,야경,NNG
경주 여행,263,마지막,NNG
경주 여행,263,으로,JKB
경주 여행,263,떠나갑니다,VV+EF
경주 여행,263,여기,NP
경주 여행,263,신라,NNP
경주 여행,263,니까,VCP+EC
경주 여행,263,신라,NNP
경주 여행,263,해장국,NNG
경주 여행,263,즐거웠,VA+EP
경주 여행,263,습니다,EF
경주 여행,264,황남,NNG
경주 여행,264,맷돌,NNG
경주 여행,264,순두부,NNG
경주 여행,264,두부,NNG
경주 여행,264,보쌈,NNG
경주 여행,264,제육,NNG
경주 여행,264,순두부찌개,NNG
경주 여행,264,그리고,MAJ
경주 여행,264,황남,NNG
경주 여행,264,맷돌,NNG
경주 여행,264,순두부,NNG
경주 여행,264,영업시간,NNG
경주 여행,264,30,SN
경주 여행,264,까지,JX
경주 여행,264,황리,NNG
경주 여행,264,시작,NNG
경주 여행,264,으로,JKB
경주 여행,264,어지간,XR
경주 여행,264,밥집,NNG
경주 여행,264,영업,NNG
경주 여행,264,마감,NNG
경주 여행,264,진짜,MAG
경주 여행,264,고기,NNG
경주 여행,264,맛있,VA
경주 여행,264,두부,NNG
경주 여행,264,순두부찌개,NNG
경주 여행,264,맛나,VA
경주 여행,264,호랑이,NNG
경주 여행,264,막걸리,NNG
경주 여행,264,완전,MAG
경주 여행,264,맛있,VA
경주 여행,264,어서,EC
경주 여행,265,마치,VV
경주 여행,265,울주,NNP
경주 여행,265,새벽,NNG
경주 여행,265,다가,EC
경주 여행,265,그친다,VV+EC
경주 여행,265,하늘,NNG
경주 여행,265,예쁘다,NNP
경주 여행,265,월드,NNG
경주 여행,265,판다,NNG
경주 여행,265,에서,JKB
경주 여행,265,점심,NNG
경주 여행,265,맛있,VA
경주 여행,265,친절,NNG
경주 여행,265,떡갈비,NNG
경주 여행,265,맛나,VA
경주 여행,265,계란찜,NNG
경주 여행,265,풍경,NNG
경주 여행,265,예쁘,VA
경주 여행,265,행복,NNG
경주 여행,265,울주,NNP
경주 여행,266,서출지,NNG
경주 여행,266,23,SN
경주 여행,266,28,SN
경주 여행,266,더운,VA+ETM
경주 여행,266,날씨,NNG
경주 여행,266,촬영,NNG
경주 여행,266,임했,VV+EP
경주 여행,266,사진가,NNG
경주 여행,266,에게,JKB
경주 여행,266,미안,NNG
경주 여행,266,생각,NNG
경주 여행,266,더운,VA+ETM
경주 여행,266,날씨,NNG
경주 여행,266,여러,MM
경주 여행,266,촬영,NNG
경주 여행,266,대작,NNG
경주 여행,266,으시,EP
경주 여행,266,무사히,MAG
경주 여행,266,습니다,EF
경주 여행,267,알라딘,NNP
경주 여행,267,100,SN
경주 여행,267,자평,NNG
경주 여행,267,우리,NP
경주 여행,267,아이,IC
경주 여행,267,우리,NP
경주 여행,267,아이,IC
경주 여행,267,세계,NNG
경주 여행,267,문화유산,NNG
경주 여행,267,아서,EC
경주 여행,267,개정판,NNG
경주 여행,267,답사,NNG
경주 여행,267,바로,MAG
경주 여행,267,역사,NNG
경주 여행,267,바로,MAG
경주 여행,267,박광일,NNP
경주 여행,267,전향,NNG
경주 여행,267,이야기,NNG
경주 여행,267,기획,NNG
경주 여행,267,성당,NNG
경주 여행,267,2011,SN
경주 여행,267,평점,NNG
경주 여행,267,초등,NNG
경주 여행,267,학교,NNG
경주 여행,267,학생,NNG
경주 여행,267,수학,NNG
경주 여행,268,알라딘,NNP
경주 여행,268,100,SN
경주 여행,268,자평,NNG
경주 여행,268,일상,NNG
경주 여행,268,고고학,NNG
경주 여행,268,혼자,MAG
경주 여행,268,일상,NNG
경주 여행,268,고고학,NNG
경주 여행,268,혼자,MAG
경주 여행,268,개정,NNG
경주 여행,268,증보판,NNG
경주 여행,268,일상,NNG
경주 여행,268,고고학,NNG
경주 여행,268,시리즈,NNG
경주 여행,268,황윤,NNG
경주 여행,268,지음,NNG
경주 여행,268,고양이,NNG
경주 여행,268,묻힌,VV+ETM
경주 여행,268,타임캡슐,NNG
경주 여행,268,신라,NNG
경주 여행,268,특별,NNG
경주 여행,268,시간,NNG
경주 여행,268,네요,EC
경주 여행,269,압지,NNG
경주 여행,269,야경,NNG
경주 여행,269,투어,NNG
경주 여행,269,방문,NNG
경주 여행,269,아마도,MAG
경주 여행,269,보름달,NNG
경주 여행,269,보다,JKB
경주 여행,269,하늘,NNG
경주 여행,269,황청,NNG
경주 여행,269,연못,NNG
경주 여행,269,빠져,VV+EC
경주 여행,269,야경,NNG
경주 여행,269,함께,MAG
경주 여행,269,정말,MAG
경주 여행,269,멋진,VA+ETM
경주 여행,269,야경,NNG
경주 여행,269,보여,VV+EC
경주 여행,269,이래서,VV+EC
경주 여행,269,마다,JX
경주 여행,269,이곳,NP
경주 여행,269,압지,NNG
경주 여행,269,하나,NR
경주 여행,269,보다,JKB
경주 여행,270,오늘,NNG
경주 여행,270,날씨,NNG
경주 여행,270,더우니,VA+EC
경주 여행,270,마을,NNG
경주 여행,270,식당,NNG
경주 여행,270,에서,JKB
경주 여행,270,맛난,VA+ETM
경주 여행,270,양념,NNG
경주 여행,270,게장,NNG
경주 여행,270,점심,NNG
경주 여행,270,힐튼,NNP
경주 여행,270,호텔,NNG
경주 여행,270,에서,JKB
경주 여행,270,커피,NNG
경주 여행,270,한잔,NNG
경주 여행,270,보문,NNG
경주 여행,270,단지,MAG
경주 여행,270,푸른,VA+ETM
경주 여행,270,나무,NNG
경주 여행,270,감상,NNG
경주 여행,270,커피,NNG
경주 여행,270,한잔,NNG
경주 여행,270,스콘,NNP
경주 여행,270,행복,NNG
경주 여행,270,월드,NNG
경주 여행,270,관람,NNG
경주 여행,270,보인다,VV+EF
경주 여행,270,한번,MAG
경주 여행,270,볼까,EC+VX+EC
경주 여행,271,알라딘,NNP
경주 여행,271,100,SN
경주 여행,271,자평,NNG
경주 여행,271,우리,NP
경주 여행,271,아이,IC
경주 여행,271,우리,NP
경주 여행,271,아이,IC
경주 여행,271,에서,JKB
경주 여행,271,신라,NNG
경주 여행,271,답사,NNG
경주 여행,271,바로,MAG
경주 여행,271,역사,NNG
경주 여행,271,바로,MAG
경주 여행,271,13,SN
경주 여행,271,박광일,NNP
경주 여행,271,2004,SN
경주 여행,271,평점,NNG
경주 여행,271,구판,NNG
경주 여행,271,절판,NNG
경주 여행,271,아이,NNG
경주 여행,271,눈높이,NNG
경주 여행,271,맞춰진,VV+EC+VX+ETM
경주 여행,272,알라딘,NNP
경주 여행,272,100,SN
경주 여행,272,자평,NNG
경주 여행,272,일상,NNG
경주 여행,272,고고학,NNG
경주 여행,272,혼자,MAG
경주 여행,272,일상,NNG
경주 여행,272,고고학,NNG
경주 여행,272,혼자,MAG
경주 여행,272,개정,NNG
경주 여행,272,증보판,NNG
경주 여행,272,일상,NNG
경주 여행,272,고고학,NNG
경주 여행,272,시리즈,NNG
경주 여행,272,황윤,NNG
경주 여행,272,지음,NNG
경주 여행,272,고양이,NNG
경주 여행,272,2020,SN
경주 여행,272,10,SN
경주 여행,272,평점,NNG
경주 여행,272,유익,NNG
경주 여행,272,아요,EC
경주 여행,273,알라딘,NNP
경주 여행,273,역사,NNG
경주 여행,273,관심,NNG
경주 여행,273,시작,NNG
경주 여행,273,해서,XSV+EC
경주 여행,273,함께,MAG
경주 여행,273,어요,EF
경주 여행,273,길래,EC
경주 여행,273,생각,NNG
경주 여행,273,는데,EC
경주 여행,273,그리,VV
경주 여행,273,마음,NNG
경주 여행,273,접하,VV
경주 여행,273,어요,EF
경주 여행,273,기억,NNG
경주 여행,273,가지,VV
경주 여행,273,는데,EC
경주 여행,273,아이,NNG
경주 여행,273,신라,NNG
경주 여행,273,배운,VV+ETM
경주 여행,273,그런지,VA+EC
경주 여행,273,동안,NNG
경주 여행,273,배운,VV+ETM
경주 여행,273,내용,NNG
경주 여행,273,생각,NNG
경주 여행,273,유적지,NNG
경주 여행,274,매화,NNG
경주 여행,274,산수유,NNG
경주 여행,274,만발,NNG
경주 여행,274,보문,NNG
경주 여행,274,단지,MAG
경주 여행,274,호수,NNG
경주 여행,274,산책,NNG
경주 여행,274,행복,NNG
경주 여행,274,마무리,NNG
경주 여행,275,알라딘,NNP
경주 여행,275,100,SN
경주 여행,275,자평,NNG
경주 여행,275,일상,NNG
경주 여행,275,고고학,NNG
경주 여행,275,혼자,MAG
경주 여행,275,일상,NNG
경주 여행,275,고고학,NNG
경주 여행,275,혼자,MAG
경주 여행,275,일상,NNG
경주 여행,275,시리즈,NNG
경주 여행,275,황윤,NNG
경주 여행,275,지음,NNG
경주 여행,275,고양이,NNG
경주 여행,275,2020,SN
경주 여행,275,10,SN
경주 여행,275,평점,NNG
경주 여행,275,마니아,NNG
경주 여행,275,알려,VV+EC
경주 여행,275,탐방기,NNG
경주 여행,275,그런지,VA+EC
경주 여행,275,대한,VV+ETM
경주 여행,275,알찬,VA+ETM
경주 여행,275,설명,NNG
경주 여행,275,습니다,EF
경주 여행,276,알라딘,NNP
경주 여행,276,100,SN
경주 여행,276,자평,NNG
경주 여행,276,일상,NNG
경주 여행,276,고고학,NNG
경주 여행,276,혼자,MAG
경주 여행,276,일상,NNG
경주 여행,276,고고학,NNG
경주 여행,276,혼자,MAG
경주 여행,276,개정,NNG
경주 여행,276,증보판,NNG
경주 여행,276,일상,NNG
경주 여행,276,고고학,NNG
경주 여행,276,시리즈,NNG
경주 여행,276,황윤,NNG
경주 여행,276,지음,NNG
경주 여행,276,고양이,NNG
경주 여행,276,2020,SN
경주 여행,276,10,SN
경주 여행,276,평점,NNG
경주 여행,276,아름다운,VA+ETM
경주 여행,276,풍경,NNG
경주 여행,276,고고학,NNG
경주 여행,276,우리,NP
경주 여행,276,지적,NNG
경주 여행,276,힐링,NNG
경주 여행,276,안겨,VV+EC
경주 여행,276,줘서,VX+EC
경주 여행,277,주상,NNG
경주 여행,277,절리,NNG
경주 여행,277,스탬프,NNG
경주 여행,277,투어,NNG
경주 여행,277,목적지,NNG
경주 여행,277,주상,NNG
경주 여행,277,스탬프,NNG
경주 여행,277,투어,NNG
경주 여행,277,주상,NNG
경주 여행,277,절리,NNG
경주 여행,277,해변,NNG
경주 여행,277,둘레길,NNP
경주 여행,277,주상,NNG
경주 여행,277,절리,NNG
경주 여행,277,파도,NNG
경주 여행,277,소리,NNG
경주 여행,277,드디어,MAG
경주 여행,277,시작,NNG
경주 여행,277,대한,VV+ETM
경주 여행,277,때문,NNB
경주 여행,277,을까,EC
경주 여행,277,오랫만,NNG
경주 여행,277,밤잠,NNG
경주 여행,277,설치,VV
경주 여행,277,다가,EC
경주 여행,277,시계,NNG
경주 여행,277,조금,MAG
경주 여행,277,시간,NNG
경주 여행,278,FeRed,SL
경주 여행,278,Conundrum,SL
경주 여행,278,of,SL
경주 여행,278,Life,SL
경주 여행,278,불국사,NNP
경주 여행,278,황남빵,NNP
경주 여행,278,교리,NNG
경주 여행,278,김밥,NNG
경주 여행,278,내소,NNG
경주 여행,278,Theme,SL
경주 여행,278,불국사,NNP
경주 여행,278,황남빵,NNP
경주 여행,278,교리,NNG
경주 여행,278,김밥,NNG
경주 여행,278,산내,NNG
경주 여행,278,소고기,NNG
경주 여행,278,울산,NNP
경주 여행,278,Comments,SL
경주 여행,278,후배,NNG
경주 여행,278,녀석,NNB
경주 여행,278,같이,MAG
경주 여행,278,울산,NNP
경주 여행,278,불국사,NNG
경주 여행,278,에서,JKB
경주 여행,278,천마총,NNG
경주 여행,278,에서,JKB
경주 여행,278,첨성대,NNG
경주 여행,278,으로,JKB
경주 여행,278,내려오,VV
경주 여행,278,다가,EC
경주 여행,278,나무,NNG
경주 여행,278,그늘,NNG
경주 여행,278,내부,NNG
경주 여행,278,전경,NNG
경주 여행,279,알라딘,NNP
경주 여행,279,100,SN
경주 여행,279,자평,NNG
경주 여행,279,일상,NNG
경주 여행,279,고고학,NNG
경주 여행,279,혼자,MAG
경주 여행,279,개정,NNG
경주 여행,279,증보판,NNG
경주 여행,279,일상,NNG
경주 여행,279,고고학,NNG
경주 여행,279,시리즈,NNG
경주 여행,279,황윤,NNG
경주 여행,279,지음,NNG
경주 여행,279,고양이,NNG
경주 여행,279,2020,SN
경주 여행,279,10,SN
경주 여행,279,평점,NNG
경주 여행,279,어려서,VA+EC
경주 여행,279,그냥,MAG
경주 여행,279,학교,NNG
경주 여행,279,에서,JKB
경주 여행,279,지금,MAG
경주 여행,279,커서,VV+EC
경주 여행,279,공부,NNG
경주 여행,279,다른,MM
경주 여행,279,느낌,NNG
경주 여행,279,습니다,EF
경주 여행,279,가보세요,NNG
경주 여행,280,알라딘,NNP
경주 여행,280,100,SN
경주 여행,280,자평,NNG
경주 여행,280,일상,NNG
경주 여행,280,고고학,NNG
경주 여행,280,혼자,MAG
경주 여행,280,혼자,NNG
경주 여행,280,개정,NNG
경주 여행,280,증보판,NNG
경주 여행,280,일상,NNG
경주 여행,280,고고학,NNG
경주 여행,280,시리즈,NNG
경주 여행,280,황윤,NNG
경주 여행,280,지음,NNG
경주 여행,280,고양이,NNG
경주 여행,280,2020,SN
경주 여행,280,10,SN
경주 여행,280,평점,NNG
경주 여행,280,이야기,NNG
경주 여행,280,봐도,VV+EC
경주 여행,280,봐도,VX+EC
경주 여행,280,들어도,VV+EC
경주 여행,280,들어도,VV+EC
경주 여행,280,재미있,VA
경주 여행,280,습니다,EF
경주 여행,280,작가,NNG
경주 여행,280,혼자,NNG
경주 여행,280,기대,NNG
경주 여행,280,봅니다,VX+EC
경주 여행,281,매화꽃,NNG
경주 여행,281,산수유,NNG
경주 여행,281,예쁜,VA+ETM
경주 여행,281,간다,VV+EC
경주 여행,281,날씨,NNG
경주 여행,281,따뜻,XR
경주 여행,281,바람,NNG
경주 여행,281,많이,MAG
경주 여행,281,햇살,NNG
경주 여행,281,따뜻,XR
경주 여행,281,점심,NNG
경주 여행,281,궁금,XR
경주 여행,281,했었,VX+EP
경주 여행,281,황룡,NNG
경주 여행,281,돌아봤,VV+EP
경주 여행,281,동국,NNG
경주 여행,281,재단,NNG
경주 여행,281,에서,JKB
경주 여행,281,운영,NNG
경주 여행,281,연수원,NNG
경주 여행,281,인데,VCP+EC
경주 여행,281,웅장,XR
경주 여행,281,꾸며져,VV+EC+VX+EC
경주 여행,282,맷돌,NNG
경주 여행,282,순부,NNG
경주 여행,282,옆집,NNG
경주 여행,282,정화,NNG
경주 여행,282,송이,NNG
경주 여행,282,순두부,NNG
경주 여행,282,맛집,NNG
경주 여행,282,옆집,NNG
경주 여행,282,아니,VCN
경주 여행,282,라도,EC
경주 여행,282,가격,NNG
경주 여행,282,비싸,VA
경주 여행,282,니까,EC
경주 여행,282,기본,NNG
경주 여행,282,반찬,NNG
경주 여행,282,생선,NNG
경주 여행,282,구이,NNG
경주 여행,282,나와서,VV+EC
경주 여행,282,후배,NNG
경주 여행,282,맛있,VA
경주 여행,282,섬세,XR
경주 여행,282,발라,VV+EC
경주 여행,282,하얀,VA+ETM
경주 여행,282,순두부,NNG
경주 여행,282,다니,EC
경주 여행,282,순두부,NNG
경주 여행,282,처음,MAG
경주 여행,282,본다,VV+EC
경주 여행,282,파전,NNG
경주 여행,282,하나,NR
경주 여행,282,주문,NNG
경주 여행,282,새송이,NNP
경주 여행,282,탁주,NNG
경주 여행,282,주문,NNG
경주 여행,282,낮술,NNG
경주 여행,283,남산,NNP
경주 여행,283,칠불암,NNG
경주 여행,283,케이트,NNP
경주 여행,283,입니다,VCP+EF
경주 여행,283,진입,NNG
경주 여행,283,읍니다,EC
경주 여행,283,서라벌,NNP
경주 여행,283,휴게소,NNG
경주 여행,283,입니다,VCP+EF
경주 여행,283,통일전,NNP
경주 여행,283,주차장,NNG
경주 여행,283,주차,NNG
경주 여행,283,아니하,VX
경주 여행,283,염불,NNG
경주 여행,283,사지,NNG
경주 여행,283,삼층석탑,NNP
경주 여행,283,주차,NNG
경주 여행,283,여기,NP
경주 여행,283,일찍,MAG
경주 여행,283,도착,NNG
경주 여행,283,여야,EC
경주 여행,283,주차,NNG
경주 여행,283,아침,NNG
경주 여행,284,알라딘,NNP
경주 여행,284,100,SN
경주 여행,284,자평,NNG
경주 여행,284,일상,NNG
경주 여행,284,고고학,NNG
경주 여행,284,혼자,MAG
경주 여행,284,일상,NNG
경주 여행,284,고고학,NNG
경주 여행,284,혼자,MAG
경주 여행,284,개정,NNG
경주 여행,284,증보판,NNG
경주 여행,284,일상,NNG
경주 여행,284,고고학,NNG
경주 여행,284,시리즈,NNG
경주 여행,284,황윤,NNG
경주 여행,284,지음,NNG
경주 여행,284,고양이,NNG
경주 여행,284,2020,SN
경주 여행,284,10,SN
경주 여행,284,평점,NNG
경주 여행,284,이런,MM
경주 여행,284,너무,MAG
경주 여행,284,아함,IC+ETN
경주 여행,284,더구나,MAJ
경주 여행,284,라서,VCP+EC
경주 여행,284,너무,MAG
경주 여행,284,마음,NNG
경주 여행,284,중학교,NNG
경주 여행,284,수학,NNG
경주 여행,284,으로,JKB
경주 여행,285,국내,NNG
경주 여행,285,사진,NNG
경주 여행,285,국내,NNG
경주 여행,285,테마,NNG
경주 여행,285,Theodor,SL
경주 여행,285,2017,SN
경주 여행,285,18,SN
경주 여행,285,08,SN
경주 여행,285,11,SN
경주 여행,285,벚꽃,NNG
경주 여행,285,거의,MAG
경주 여행,285,떨어지,VV
경주 여행,285,시기,NNG
경주 여행,285,아쉬움,NNG
경주 여행,285,대능원,NNP
경주 여행,285,출입문,NNG
경주 여행,285,능원,NNG
경주 여행,285,소나무,NNG
경주 여행,285,천마총,NNG
경주 여행,285,안압지,NNP
경주 여행,285,분황사,NNG
경주 여행,285,모전,NNG
경주 여행,285,석탑,NNG
경주 여행,285,원래,NNG
경주 여행,286,힐튼,NNP
경주 여행,286,호텔,NNG
경주 여행,286,한국,NNP
경주 여행,286,서울,NNP
경주 여행,286,호텔,NNG
경주 여행,286,체인,NNG
경주 여행,286,이상,NNG
경주 여행,286,두산,NNP
경주 여행,286,참고,NNG
경주 여행,286,미국,NNP
경주 여행,286,저명,XR
경주 여행,286,모델,NNG
경주 여행,286,철저히,MAG
경주 여행,286,손님,NNG
경주 여행,286,배려,NNG
경주 여행,286,호텔,NNG
경주 여행,286,그래서,MAJ
경주 여행,286,즐거울,VA+ETM
경주 여행,286,밖에,JX
경주 여행,287,토함산,NNP
경주 여행,287,단풍,NNG
경주 여행,287,터널,NNG
경주 여행,287,자연,NNG
경주 여행,287,그려,VV+EC
경주 여행,287,수채화,NNG
경주 여행,287,17,SN
경주 여행,287,11,SN
경주 여행,287,17,SN
경주 여행,287,떠나,VV
경주 여행,287,단풍,NNG
경주 여행,287,그윽,XR
경주 여행,287,숲길,NNG
경주 여행,287,느긋이,MAG
경주 여행,287,불국사,NNP
경주 여행,287,석굴암,NNG
경주 여행,287,토함산,NNP
경주 여행,287,숲길,NNG
경주 여행,287,월산,NNG
경주 여행,287,고갯길,NNG
경주 여행,287,굳이,MAG
경주 여행,287,신라,NNP
경주 여행,287,역사,NNG
경주 여행,287,몰라도,VV+EC
경주 여행,287,시내,NNG
경주 여행,288,배롱나무,NNG
경주 여행,288,첨성대,NNG
경주 여행,288,야경,NNG
경주 여행,288,16,SN
경주 여행,288,18,SN
경주 여행,288,수학,NNG
경주 여행,288,다녀오,VV
경주 여행,288,사람,NNG
경주 여행,288,심지어,MAG
경주 여행,288,자녀,NNG
경주 여행,288,역사,NNG
경주 여행,288,유적,NNG
경주 여행,288,답사,NNG
경주 여행,288,동행,NNG
경주 여행,288,해서,XSV+EC
경주 여행,288,이런,MM
경주 여행,288,아무리,MAG
경주 여행,288,생각,NNG
경주 여행,288,해봐도,XSV+EC+VX+EC
경주 여행,288,국내,NNG
경주 여행,288,에선,JKB+JX
경주 여행,288,특징,NNG
경주 여행,288,하나,NR
경주 여행,288,평온,NNG
경주 여행,288,자연,NNG
경주 여행,289,황리,NNG
경주 여행,289,카페,NNG
경주 여행,289,카페,NNG
경주 여행,289,카페,NNG
경주 여행,289,황리,NNG
경주 여행,289,메인,VV+ETM
경주 여행,289,거리,NNG
경주 여행,289,위치,NNG
경주 여행,289,어서,EC
경주 여행,289,거리,NNG
경주 여행,289,둘러보,VV
경주 여행,289,뚜벅,MAG
경주 여행,289,입니다,VCP+EF
경주 여행,289,인테리어,NNG
경주 여행,289,예쁘,VA
경주 여행,289,어서,EC
경주 여행,289,더욱,MAG
경주 여행,289,눈길,NNG
경주 여행,289,카페,NNG
경주 여행,289,입니다,VCP+EF
경주 여행,289,황리,NNG
경주 여행,289,카페,NNG
경주 여행,289,카페,NNG
경주 여행,289,날씨,NNG
경주 여행,290,경북,NNP
경주 여행,290,국밥,NNG
경주 여행,290,맛집,NNG
경주 여행,290,수백,NR
경주 여행,290,보문,NNG
경주 여행,290,com,SL
경주 여행,290,633,SN
경주 여행,290,경북,NNP
경주 여행,290,교촌,NNP
경주 여행,290,마을,NNG
경주 여행,290,교촌,NNG
경주 여행,290,보관,NNG
경주 여행,290,아이,NNG
경주 여행,290,가족,NNG
경주 여행,290,2024,SN
경주 여행,290,31,SN
경주 여행,290,가족,NNG
경주 여행,290,함께,MAG
경주 여행,290,기록,NNG
경주 여행,290,오늘,NNG
경주 여행,290,가족,NNG
경주 여행,290,모임,NNG
경주 여행,290,어서,EC
경주 여행,290,경북,NNP
경주 여행,290,어요,EF
경주 여행,291,불국사역,NNP
경주 여행,291,에서,JKB
경주 여행,291,동대구,NNG
경주 여행,291,까지,JX
경주 여행,291,기차,NNG
경주 여행,291,무궁화호,NNP
경주 여행,291,시간,NNG
경주 여행,291,시외,NNG
경주 여행,291,고속,NNG
경주 여행,291,버스,NNG
경주 여행,291,터미널,NNG
경주 여행,291,모두,MAG
경주 여행,291,거리,NNG
경주 여행,291,어서,EC
경주 여행,291,어디,NP
경주 여행,291,따라,VV+EC
경주 여행,291,대중,NNG
경주 여행,291,교통,NNG
경주 여행,291,종류,NNG
경주 여행,291,달라지,VV
경주 여행,291,는데,EC
경주 여행,291,서울,NNP
경주 여행,291,이나,JC
경주 여행,291,대전,NNP
경주 여행,291,까지,JX
경주 여행,291,시간,NNBC
경주 여행,291,이상,NNG
경주 여행,291,걸리,VV
경주 여행,291,코스,NNG
경주 여행,291,라고,VCP+EC
경주 여행,292,알라딘,NNP
경주 여행,292,100,SN
경주 여행,292,자평,NNG
경주 여행,292,일상,NNG
경주 여행,292,고고학,NNG
경주 여행,292,혼자,MAG
경주 여행,292,지음,NNG
경주 여행,292,고양이,NNG
경주 여행,292,2020,SN
경주 여행,292,10,SN
경주 여행,292,평점,NNG
경주 여행,292,정말,MAG
경주 여행,292,도시,NNG
경주 여행,292,입니다,VCP+EF
경주 여행,292,시간,NNG
경주 여행,292,기분,NNG
경주 여행,292,어서,EC
경주 여행,292,행복,NNG
경주 여행,292,거든요,EF
경주 여행,292,코로나,NNP
경주 여행,292,때문,NNB
경주 여행,292,버렸,VX+EP
경주 여행,292,네요,EF
경주 여행,292,으로,JKB
경주 여행,292,혼자,MAG
경주 여행,292,네요,EC
경주 여행,293,파란,VA+ETM
경주 여행,293,하늘,NNG
경주 여행,293,구름,NNG
경주 여행,293,동동,MAG
경주 여행,293,아름다운,VA+ETM
경주 여행,293,신나,VV
경주 여행,293,고속도로,NNP
경주 여행,293,달려,VV+EC
경주 여행,293,간다,VV+EC
경주 여행,293,오늘,NNG
경주 여행,293,힐링,NNG
경주 여행,293,산송,NNG
경주 여행,293,한우구,NNP
경주 여행,293,언양,NNP
경주 여행,293,불고기,NNG
경주 여행,293,더덕구이,NNG
경주 여행,293,자알,MAG
경주 여행,293,이랑,JC
경주 여행,293,라떼,NNG
경주 여행,293,한잔,NNG
경주 여행,293,노천온천,NNP
경주 여행,293,으로,JKB
경주 여행,293,간다,VV+EC
경주 여행,293,파란,VA+ETM
경주 여행,293,하늘,NNG
경주 여행,294,나정,NNG
경주 여행,294,맛집,NNG
경주 여행,294,나정,NNG
경주 여행,294,라면,NNG
경주 여행,294,맛집,NNG
경주 여행,294,에도,NNP
경주 여행,294,바다,NNG
경주 여행,294,나정,NNG
경주 여행,294,스토리,NNG
경주 여행,294,올려,VV+EC
경주 여행,294,드릴께요,VX+EF
경주 여행,294,에도,NNP
경주 여행,294,바다,NNG
경주 여행,294,다는,ETM
경주 여행,294,사실,NNG
경주 여행,294,아시나,NNP
경주 여행,294,정하,VV
경주 여행,294,면서,EC
경주 여행,294,바다,NNG
경주 여행,294,남편,NNG
경주 여행,294,역사,NNG
경주 여행,294,좋아해서,VV+EC
경주 여행,294,유적지,NNG
경주 여행,294,어요,EF
경주 여행,294,그러,VV
경주 여행,295,알라딘,NNP
경주 여행,295,100,SN
경주 여행,295,자평,NNG
경주 여행,295,일상,NNG
경주 여행,295,고고학,NNG
경주 여행,295,혼자,MAG
경주 여행,295,일상,NNG
경주 여행,295,고고학,NNG
경주 여행,295,혼자,MAG
경주 여행,295,개정,NNG
경주 여행,295,증보판,NNG
경주 여행,295,일상,NNG
경주 여행,295,고고학,NNG
경주 여행,295,시리즈,NNG
경주 여행,295,황윤,NNG
경주 여행,295,지음,NNG
경주 여행,295,고양이,NNG
경주 여행,295,2020,SN
경주 여행,295,10,SN
경주 여행,295,평점,NNG
경주 여행,295,지만,EC
경주 여행,295,제대로,MAG
경주 여행,295,구경,NNG
경주 여행,295,네요,EF
경주 여행,295,코로나,NNP
경주 여행,296,알라딘,NNP
경주 여행,296,100,SN
경주 여행,296,자평,NNG
경주 여행,296,일상,NNG
경주 여행,296,고고학,NNG
경주 여행,296,혼자,MAG
경주 여행,296,2020,SN
경주 여행,296,10,SN
경주 여행,296,평점,NNG
경주 여행,296,매년,MAG
경주 여행,296,가을,NNG
경주 여행,296,꿈꾸,VV
경주 여행,296,지만,EC
경주 여행,296,아직,MAG
경주 여행,296,실천,NNG
경주 여행,296,사람,NNG
경주 여행,296,입니다,VCP+EF
경주 여행,296,알차,VA
경주 여행,296,느낄,VV+ETM
경주 여행,296,기대,NNG
경주 여행,296,열심히,MAG
경주 여행,296,습니다,EF
경주 여행,297,가을,NNG
경주 여행,297,도착,NNG
경주 여행,297,오늘,NNG
경주 여행,297,작년,NNG
경주 여행,297,여름,NNG
경주 여행,297,코스,NNG
경주 여행,297,서출지,NNG
경주 여행,297,통일전,NNP
경주 여행,297,그리고,MAJ
경주 여행,297,산림,NNG
경주 여행,297,연구원,NNG
경주 여행,297,둘러보,VV
경주 여행,297,핑크,NNG
경주 여행,297,예쁜,VA+ETM
경주 여행,297,첨성대,NNG
경주 여행,297,주변,NNG
경주 여행,297,황리,NNG
경주 여행,297,구경,NNG
경주 여행,297,헉헉,MAG
경주 여행,297,점심,NNG
경주 여행,297,커피,NNG
경주 여행,297,면서,EC
경주 여행,297,돌린다,VV+EC
경주 여행,297,조금,NNG
경주 여행,297,가을,NNG
경주 여행,297,찾아오,VV
경주 여행,298,알라딘,NNP
경주 여행,298,100,SN
경주 여행,298,자평,NNG
경주 여행,298,일상,NNG
경주 여행,298,고고학,NNG
경주 여행,298,혼자,MAG
경주 여행,298,일상,NNG
경주 여행,298,고고학,NNG
경주 여행,298,혼자,MAG
경주 여행,298,개정,NNG
경주 여행,298,증보판,NNG
경주 여행,298,일상,NNG
경주 여행,298,고고학,NNG
경주 여행,298,시리즈,NNG
경주 여행,298,황윤,NNG
경주 여행,298,지음,NNG
경주 여행,298,고양이,NNG
경주 여행,298,2020,SN
경주 여행,298,10,SN
경주 여행,298,평점,NNG
경주 여행,298,수학,NNG
경주 여행,298,이후,NNG
경주 여행,298,못했,VX+EP
경주 여행,298,대해,VV+EC
경주 여행,298,다시,MAG
경주 여행,298,생각,NNG
경주 여행,298,네요,EC
경주 여행,299,알라딘,NNP
경주 여행,299,100,SN
경주 여행,299,자평,NNG
경주 여행,299,일상,NNG
경주 여행,299,고고학,NNG
경주 여행,299,혼자,MAG
경주 여행,299,일상,NNG
경주 여행,299,고고학,NNG
경주 여행,299,혼자,MAG
경주 여행,299,개정,NNG
경주 여행,299,증보판,NNG
경주 여행,299,일상,NNG
경주 여행,299,고고학,NNG
경주 여행,299,시리즈,NNG
경주 여행,299,황윤,NNG
경주 여행,299,지음,NNG
경주 여행,299,고양이,NNG
경주 여행,299,2020,SN
경주 여행,299,10,SN
경주 여행,299,평점,NNG
경주 여행,299,수학,NNG
경주 여행,299,역사,NNG
경주 여행,299,의미,NNG
경주 여행,299,모르,VV
경주 여행,299,지나쳤,VV+EP
경주 여행,299,지만,EC
경주 여행,299,이제,NNG
경주 여행,299,풍경,NNG
경주 여행,299,하나,NR
경주 여행,299,하나,NR
경주 여행,299,에서,JKB
경주 여행,300,알라딘,NNP
경주 여행,300,100,SN
경주 여행,300,자평,NNG
경주 여행,300,일상,NNG
경주 여행,300,고고학,NNG
경주 여행,300,혼자,MAG
경주 여행,300,앞서,MAG
경주 여행,300,출간,NNG
경주 여행,300,일상,NNG
경주 여행,300,고고학,NNG
경주 여행,300,혼자,NNG
경주 여행,300,백제,NNG
경주 여행,300,이어,MAG
경주 여행,300,이번,NNG
경주 여행,300,입니다,VCP+EF
경주 여행,300,전작,NNG
경주 여행,300,백제,NNG
경주 여행,300,만족,NNG
경주 여행,300,스러웠,XSA+EP
경주 여행,300,라면,EC
경주 여행,300,이번,NNG
경주 여행,300,무조건,MAG
경주 여행,300,탑승,NNG
경주 여행,300,바랍니다,VV+EC
경주 여행,301,경북,NNP
경주 여행,301,하얀,VA+ETM
경주 여행,301,목련,NNG
경주 여행,301,대릉원,NNG
경주 여행,301,목련,NNG
경주 여행,301,풍경,NNG
경주 여행,301,최근,NNG
경주 여행,301,빼놓,VV
경주 여행,301,코스,NNG
경주 여행,301,다름,VA+ETN
경주 여행,301,아닌,VCN+ETM
경주 여행,301,야경,NNG
경주 여행,301,둘러보,VV
경주 여행,301,연인,NNG
경주 여행,301,함께,MAG
경주 여행,301,떠나,VV
경주 여행,301,당신,NP
경주 여행,301,위한,VV+ETM
경주 여행,301,야경,NNG
경주 여행,301,투어,NNG
경주 여행,301,코스,NNG
경주 여행,301,소개,NNG
경주 여행,301,한다,XSV+EC
경주 여행,301,준비,NNG
경주 여행,302,경북,NNP
경주 여행,302,다리,NNG
경주 여행,302,정교,NNG
경주 여행,302,18,SN
경주 여행,302,21,SN
경주 여행,302,잠시,MAG
경주 여행,302,교촌,NNG
경주 여행,302,마을,NNG
경주 여행,302,도착,NNG
경주 여행,302,행사,NNG
경주 여행,302,잠시,MAG
경주 여행,302,간다,VX+EC
경주 여행,302,최근,NNG
경주 여행,302,빼놓,VV
경주 여행,302,연인,NNG
경주 여행,302,함께,MAG
경주 여행,302,떠나,VV
경주 여행,302,당신,NP
경주 여행,302,위한,VV+ETM
경주 여행,302,야경,NNG
경주 여행,302,투어,NNG
경주 여행,302,코스,NNG
경주 여행,302,소개,NNG
경주 여행,302,한다,XSV+EC
경주 여행,302,준비,NNG
경주 여행,303,14,SN
경주 여행,303,개월,NNBC
경주 여행,303,아기,NNG
경주 여행,303,후기,NNG
경주 여행,303,정글,NNG
경주 여행,303,법칙,NNG
경주 여행,303,미디어,NNG
경주 여행,303,파크,NNG
경주 여행,303,버드,NNP
경주 여행,303,파크,NNG
경주 여행,303,그래도,VV+EC
경주 여행,303,일정,NNG
경주 여행,303,온다면,VV+EC
경주 여행,303,다녀오,VV
경주 여행,303,버드,NNP
경주 여행,303,파크,NNG
경주 여행,303,위치,NNG
경주 여행,303,경북,NNP
경주 여행,303,보문,NNG
경주 여행,303,74,SN
경주 여행,303,14,SN
경주 여행,303,북군동,NNP
경주 여행,303,185,SN
경주 여행,303,전화,NNG
경주 여행,303,054,SN
경주 여행,303,777,SN
경주 여행,303,7200,SN
경주 여행,303,운영,NNG
경주 여행,303,시간,NNG
경주 여행,303,10,SN
경주 여행,303,00,SN
경주 여행,303,19,SN
경주 여행,303,00,SN
경주 여행,303,입장료,NNG
경주 여행,303,대인,NNG
경주 여행,303,20,SN
경주 여행,303,000,SN
경주 여행,303,소인,NNG
경주 여행,303,15,SN
경주 여행,303,000,SN
경주 여행,304,보문,NNG
경주 여행,304,단지,MAG
경주 여행,304,벚꽃,NNG
경주 여행,304,보문호,NNP
경주 여행,304,반길,VV+ETM
경주 여행,304,화사,XR
경주 여행,304,선사,NNG
경주 여행,304,17,SN
경주 여행,304,최적,NNG
경주 여행,304,지이,NNG
경주 여행,304,도로,NNG
경주 여행,304,꽃길,NNG
경주 여행,304,이른,VA+ETM
경주 여행,304,시각,NNG
경주 여행,304,와야,VV+EC
경주 여행,304,제대로,MAG
경주 여행,304,힐링,NNG
경주 여행,304,만개,NNG
경주 여행,304,아름다운,VA+ETM
경주 여행,304,경관,NNG
경주 여행,304,이루,VV
경주 여행,304,보문,NNG
경주 여행,304,단지,NNG
경주 여행,304,시가지,NNG
경주 여행,304,에서,JKB
경주 여행,304,동쪽,NNG
경주 여행,304,으로,JKB
경주 여행,304,10,SN
경주 여행,304,정도,NNG
경주 여행,304,떨어진,VV+ETM
경주 여행,304,활산,NNP
경주 여행,304,성터,NNG
경주 여행,305,설레임,VV+ETN
경주 여행,305,패밀리,NNG
경주 여행,305,일상,NNG
경주 여행,305,오늘,NNG
경주 여행,305,목적지,NNG
경주 여행,305,회사,NNG
경주 여행,305,제휴,NNG
경주 여행,305,숙소,NNG
경주 여행,305,저렴,XR
경주 여행,305,예약,NNG
경주 여행,305,나선다,VV+EC
경주 여행,305,도착,NNG
경주 여행,305,자마자,EC
경주 여행,305,고파서,VA+EC
경주 여행,305,우리,NP
경주 여행,305,가족,NNG
경주 여행,305,국수집,NNG
경주 여행,305,본다,VV+EC
경주 여행,305,와이프,NNG
경주 여행,305,검색,NNG
경주 여행,305,해서,XSV+EC
경주 여행,305,찾아간,VV+ETM
경주 여행,305,갈비,NNG
경주 여행,305,국수,NNG
경주 여행,306,세계,NNG
경주 여행,306,문화유산,NNG
경주 여행,306,양동,NNP
경주 여행,306,마을,NNG
경주 여행,306,18,SN
경주 여행,306,29,SN
경주 여행,306,시간,NNG
경주 여행,306,떠나,VV
경주 여행,306,다면,EC
경주 여행,306,조상,NNG
경주 여행,306,모습,NNG
경주 여행,306,고스란히,MAG
경주 여행,306,간직,NNG
경주 여행,306,수백,NR
경주 여행,306,숨결,NNG
경주 여행,306,양동,NNP
경주 여행,306,마을,NNG
경주 여행,306,제격,NNG
경주 여행,306,아닐까,VCN+EC
경주 여행,306,경상북도,NNP
경주 여행,306,강동면,NNP
경주 여행,306,양동,NNP
경주 여행,306,마을,NNG
경주 여행,306,138,SN
경주 여행,306,18,SN
경주 여행,306,지번,NNG
경주 여행,306,경상북도,NNP
경주 여행,306,강동면,NNP
경주 여행,307,경북,NNP
경주 여행,307,불국사,NNG
경주 여행,307,단아,XR
경주 여행,307,정숙,XR
경주 여행,307,묻어나,VV
경주 여행,307,겹벚꽃,NNG
경주 여행,307,벚꽃,NNG
경주 여행,307,벚꽃,NNG
경주 여행,307,즐기,VV
경주 여행,307,고수,NNG
경주 여행,307,라면,VCP+EC
경주 여행,307,서둘러,VV+EC
경주 여행,307,티켓,NNG
경주 여행,307,예약,NNG
경주 여행,307,다시,MAG
경주 여행,307,들썩이,VV
경주 여행,307,지역,NNG
경주 여행,307,벚꽃,NNG
경주 여행,307,거의,MAG
경주 여행,307,떨어지,VV
경주 여행,307,불국사,NNG
경주 여행,307,겹벚꽃,NNG
경주 여행,307,으로,JKB
경주 여행,307,유명,XR
경주 여행,307,불국사,NNP
경주 여행,307,입구,NNG
경주 여행,308,에서,JKB
경주 여행,308,사람,NNG
경주 여행,308,지나치,VV
경주 여행,308,몇몇,MM
경주 여행,308,지인,NNG
경주 여행,308,경험,NNG
경주 여행,308,생각,NNG
경주 여행,308,에서,JKB
경주 여행,308,주목,NNG
경주 여행,308,장소,NNG
경주 여행,308,정리,NNG
경주 여행,308,고즈넉,XR
경주 여행,308,산사,NNG
경주 여행,308,옥천사,NNG
경주 여행,308,수학,NNG
경주 여행,308,성지,NNG
경주 여행,308,역사,NNG
경주 여행,308,탐방,NNG
경주 여행,308,중심지,NNG
경주 여행,308,알려져,VV+EC+VX+EC
경주 여행,308,지만,EC
경주 여행,308,주변,NNG
경주 여행,308,으로,JKB
경주 여행,309,야경,NNG
경주 여행,309,이쁜,VA+ETM
경주 여행,309,안압지,NNP
경주 여행,309,첨성대,NNG
경주 여행,309,16,SN
경주 여행,309,31,SN
경주 여행,309,어울린다,VV+EC
경주 여행,309,에서,JKB
경주 여행,309,빠질,VV+ETM
경주 여행,309,관광지,NNG
경주 여행,309,하나,NR
경주 여행,309,첨성대,NNG
경주 여행,309,첨성대,NNG
경주 여행,309,신라,NNP
경주 여행,309,시대,NNG
경주 여행,309,관측,NNG
경주 여행,309,최근,NNG
경주 여행,309,빼놓,VV
경주 여행,309,코스,NNG
경주 여행,309,다름,VA+ETN
경주 여행,309,아닌,VCN+ETM
경주 여행,309,야경,NNG
경주 여행,309,둘러보,VV
경주 여행,310,울산,NNP
경주 여행,310,Part,SL
경주 여행,310,동궁,NNG
경주 여행,310,월지,NNG
경주 여행,310,누리,NNG
경주 여행,310,정원,NNG
경주 여행,310,성호,NNG
경주 여행,310,리조트,NNG
경주 여행,310,장생포,NNG
경주 여행,310,고래,NNG
경주 여행,310,문화,NNG
경주 여행,310,특구,NNP
경주 여행,310,라는,VCP+ETM
경주 여행,310,이름,NNG
경주 여행,310,으로,JKB
경주 여행,310,고래,NNG
경주 여행,310,주제,NNG
경주 여행,310,다채,XR
경주 여행,310,로운,XSA+ETM
경주 여행,310,관광지,NNG
경주 여행,310,형성,NNG
경주 여행,310,는데,EC
경주 여행,310,사실,MAG
경주 여행,310,고래,MAG
경주 여행,310,박물관,NNG
경주 여행,310,이나,JC
경주 여행,310,생태,NNG
경주 여행,310,jinstistory,SL
경주 여행,310,tistory,SL
경주 여행,310,com,SL
경주 여행,310,2023,SN
경주 여행,310,08,SN
경주 여행,310,16,SN
경주 여행,310,국내,NNG
경주 여행,310,울산,NNP
경주 여행,310,Part,SL
경주 여행,311,루비,NNG
경주 여행,311,정원,NNG
경주 여행,311,연휴,NNG
경주 여행,311,에서,JKB
경주 여행,311,시작,NNG
경주 여행,311,세요,EP+EF
경주 여행,311,신청,NNG
경주 여행,311,센터,NNG
경주 여행,311,광활,XR
경주 여행,311,부지,NNG
경주 여행,311,자리,NNG
경주 여행,311,역사,NNG
경주 여행,311,마당,NNG
경주 여행,311,엄청나,VA
경주 여행,311,너른,VA+ETM
경주 여행,311,연휴,NNG
경주 여행,311,계획,NNG
경주 여행,311,계신,VX+ETM
경주 여행,311,KTX,SL
경주 여행,311,이용,NNG
경주 여행,311,어떠,XR
경주 여행,311,신지,JKS+EP+EC
경주 여행,311,Copyright,SL
경주 여행,311,2011,SN
경주 여행,311,루비,NNG
경주 여행,311,All,SL
경주 여행,311,pictures,SL
경주 여행,312,출장,NNG
경주 여행,312,깨끗,XR
경주 여행,312,조식,NNG
경주 여행,312,제공,NNG
경주 여행,312,에이치,NNG
경주 여행,312,비뉴,NNG
경주 여행,312,호텔,NNG
경주 여행,312,불국사,NNP
경주 여행,312,까지,JX
경주 여행,312,도보,NNG
경주 여행,312,15,SN
경주 여행,312,거리,NNG
경주 여행,312,어서,EC
경주 여행,312,피로,NNG
경주 여행,312,조금,NNG
경주 여행,312,이나마,JX
경주 여행,312,습니다,EF
경주 여행,312,아침,NNG
경주 여행,312,일찍,MAG
경주 여행,312,불국사,NNG
경주 여행,312,방문,NNG
경주 여행,312,한적,XR
경주 여행,312,고요,NNG
경주 여행,312,분위기,NNG
경주 여행,312,에서,JKB
경주 여행,312,산책,NNG
경주 여행,312,즐기,VV
경주 여행,312,최적,NNG
경주 여행,312,위치,NNG
경주 여행,312,습니다,EF
경주 여행,312,스테이,NNG
경주 여행,313,알라딘,NNP
경주 여행,313,100,SN
경주 여행,313,자평,NNG
경주 여행,313,일상,NNG
경주 여행,313,고고학,NNG
경주 여행,313,혼자,MAG
경주 여행,313,일상,NNG
경주 여행,313,고고학,NNG
경주 여행,313,혼자,MAG
경주 여행,313,개정,NNG
경주 여행,313,증보판,NNG
경주 여행,313,일상,NNG
경주 여행,313,고고학,NNG
경주 여행,313,시리즈,NNG
경주 여행,313,황윤,NNG
경주 여행,313,지음,NNG
경주 여행,313,고양이,NNG
경주 여행,313,2020,SN
경주 여행,313,10,SN
경주 여행,313,평점,NNG
경주 여행,313,역사,NNG
경주 여행,313,사랑,NNG
경주 여행,313,사람,NNG
경주 여행,313,으로,JKB
경주 여행,313,바라본,VV+ETM
경주 여행,313,만큼,NNB
경주 여행,313,보이,VV
경주 여행,313,사랑,NNG
경주 여행,314,20200727,SN
경주 여행,314,08,SN
경주 여행,314,02,SN
경주 여행,314,20200728,SN
경주 여행,314,2020,SN
경주 여행,314,08,SN
경주 여행,314,02,SN
경주 여행,314,20200727,SN
경주 여행,314,2020,SN
경주 여행,314,08,SN
경주 여행,314,02,SN
경주 여행,314,평화,NNG
경주 여행,314,2020,SN
경주 여행,314,07,SN
경주 여행,314,13,SN
경주 여행,314,강릉,NNP
경주 여행,314,서나,NNG
경주 여행,314,2020,SN
경주 여행,314,07,SN
경주 여행,314,08,SN
경주 여행,314,강릉,NNP
경주 여행,314,2020,SN
경주 여행,314,07,SN
경주 여행,314,08,SN
경주 여행,315,한옥,NNG
경주 여행,315,숙소,NNG
경주 여행,315,소설,NNG
경주 여행,315,첨성,NNG
경주 여행,315,대점,NNG
경주 여행,315,비향,NNP
경주 여행,315,15,SN
경주 여행,315,한옥,NNG
경주 여행,315,숙소,NNG
경주 여행,315,이름,NNG
경주 여행,315,특이,XR
경주 여행,315,소설,NNG
경주 여행,315,첨성,NNG
경주 여행,315,대점,NNG
경주 여행,315,첨성대,NNG
경주 여행,315,진짜,MAG
경주 여행,315,가까워서,VA+EC
경주 여행,315,첨성,NNG
경주 여행,315,대점,NNG
경주 여행,315,이쁘,VA
경주 여행,315,이쁜,VA+ETM
경주 여행,315,한옥,NNG
경주 여행,315,소설,NNG
경주 여행,315,너무너무,MAG
경주 여행,315,너무,MAG
경주 여행,315,인기,NNG
경주 여행,315,라서,EC
경주 여행,315,주말,NNG
경주 여행,315,으려면,EC
경주 여행,316,알라딘,NNP
경주 여행,316,황금,NNG
경주 여행,316,호두,NNG
경주 여행,316,열리,VV
경주 여행,316,무웅,NNP
경주 여행,316,함께,MAG
경주 여행,316,떠나,VV
경주 여행,316,코스,NNG
경주 여행,316,인데,VCP+EC
경주 여행,316,새로운,VA+ETM
경주 여행,316,느낌,NNG
경주 여행,316,자꾸,MAG
경주 여행,316,새로운,VA+ETM
경주 여행,316,느낌,NNG
경주 여행,316,빠져,VV+EC
경주 여행,316,는데,EC
경주 여행,316,신라,NNP
경주 여행,316,에서,JKB
경주 여행,316,아이,NNG
경주 여행,316,함께,MAG
경주 여행,316,새롭,VA
경주 여행,316,다가왔,VV+EP
경주 여행,316,한참,MAG
경주 여행,316,티비,NNG
경주 여행,316,에서,JKB
경주 여행,317,까지,JX
경주 여행,317,이동은,NNP
경주 여행,317,기차,NNG
경주 여행,317,에서,JKB
경주 여행,317,자전거,NNG
경주 여행,317,도보,NNG
경주 여행,317,버스,NNG
경주 여행,317,투어,NNG
경주 여행,317,모두,MAG
경주 여행,317,가능,NNG
경주 여행,317,코스,NNG
경주 여행,317,시내,NNG
경주 여행,317,천마총,NNG
경주 여행,317,왕릉,NNG
경주 여행,317,첨성대,NNG
경주 여행,317,계림,NNG
경주 여행,317,포석정,NNP
경주 여행,317,안압지,NNP
경주 여행,318,알라딘,NNP
경주 여행,318,100,SN
경주 여행,318,자평,NNG
경주 여행,318,일상,NNG
경주 여행,318,고고학,NNG
경주 여행,318,혼자,MAG
경주 여행,318,일상,NNG
경주 여행,318,고고학,NNG
경주 여행,318,혼자,MAG
경주 여행,318,개정,NNG
경주 여행,318,증보판,NNG
경주 여행,318,일상,NNG
경주 여행,318,고고학,NNG
경주 여행,318,시리즈,NNG
경주 여행,318,황윤,NNG
경주 여행,318,지음,NNG
경주 여행,318,고양이,NNG
경주 여행,318,한참,MAG
경주 여행,318,는데,EC
경주 여행,318,오랜만,NNG
경주 여행,318,저자,NNG
경주 여행,318,함께,MAG
경주 여행,318,걸으며,VV+EC
경주 여행,318,역사,NNG
경주 여행,318,느낌,NNG
경주 여행,318,네요,EC
경주 여행,319,감포,NNP
경주 여행,319,대말,NNG
경주 여행,319,체험,NNG
경주 여행,319,전시관,NNG
경주 여행,319,위치,NNG
경주 여행,319,경북,NNP
경주 여행,319,척사,NNG
경주 여행,319,18,SN
경주 여행,319,94,SN
경주 여행,319,운영,NNG
경주 여행,319,시간,NNG
경주 여행,319,09,SN
경주 여행,319,00,SN
경주 여행,319,18,SN
경주 여행,319,00,SN
경주 여행,319,연중무휴,NNG
경주 여행,319,대표,NNG
경주 여행,319,전화,NNG
경주 여행,319,054,SN
경주 여행,319,744,SN
경주 여행,319,3233,SN
경주 여행,319,입장료,NNG
경주 여행,319,무료,NNG
경주 여행,319,대말,NNG
경주 여행,319,체험,NNG
경주 여행,319,아이,NNG
경주 여행,319,함께,MAG
경주 여행,319,점심,NNG
경주 여행,319,시간,NNG
경주 여행,319,12,SN
경주 여행,319,00,SN
경주 여행,319,13,SN
경주 여행,319,00,SN
경주 여행,319,운영,NNG
경주 여행,320,코스,NNG
경주 여행,320,읍천항,NNP
경주 여행,320,주상,NNG
경주 여행,320,절리,NNG
경주 여행,320,파도,NNG
경주 여행,320,소리,NNG
경주 여행,320,주상,NNG
경주 여행,320,절리,NNG
경주 여행,320,제주도,NNP
경주 여행,320,만큼,JKB
경주 여행,320,이나,JX
경주 여행,320,이쁜,VA+ETM
경주 여행,320,게다가,MAG
경주 여행,320,조용,XR
경주 여행,320,읍천항,NNP
경주 여행,320,코스,NNG
경주 여행,320,읍천항,NNP
경주 여행,320,자리,NNG
경주 여행,320,주상,NNG
경주 여행,320,절리,NNG
경주 여행,320,파도,NNG
경주 여행,320,소리,NNG
경주 여행,320,주차장,NNG
경주 여행,320,갖추,VV
경주 여행,320,따라,VV+EC
경주 여행,320,등대,NNG
경주 여행,320,까지,JX
경주 여행,321,교리,NNG
경주 여행,321,김밥,NNG
경주 여행,321,맛집,NNG
경주 여행,321,면서,EC
경주 여행,321,들린,VV+ETM
경주 여행,321,김밥,NNG
경주 여행,321,남산,NNG
경주 여행,321,등산,NNG
경주 여행,321,포함,NNG
경주 여행,321,해서,XSV+EC
경주 여행,321,당일,NNG
경주 여행,321,계획,NNG
경주 여행,321,다녀왔,VV+EP
경주 여행,321,습니다,EF
경주 여행,321,코스,NNG
경주 여행,321,에선,JKB+JX
경주 여행,321,여하튼,MAJ
경주 여행,321,처럼,JKB
경주 여행,321,정도,NNG
경주 여행,321,라는,ETM
경주 여행,321,생각,NNG
경주 여행,321,네요,EF
경주 여행,321,특히나,MAG
경주 여행,321,남산,NNG
경주 여행,322,안녕,IC
경주 여행,322,2014,SN
경주 여행,322,2014,SN
경주 여행,322,그냥,MAG
경주 여행,322,보내,VV
경주 여행,322,아쉬워서,VA+EC
경주 여행,322,기차,NNG
경주 여행,322,떠났,VV+EP
경주 여행,322,일전,NNG
경주 여행,322,크리스마스,NNG
경주 여행,322,오늘,NNG
경주 여행,322,안녕,NNG
경주 여행,322,2014,SN
경주 여행,322,이번,NNG
경주 여행,322,럭셔리,XR
경주 여행,322,컨셉,NNG
경주 여행,322,으로,JKB
경주 여행,322,호텔,NNG
경주 여행,322,에서,JKB
경주 여행,323,알라딘,NNP
경주 여행,323,서재,NNP
경주 여행,323,이야기,NNG
경주 여행,323,일상,NNG
경주 여행,323,고고학,NNG
경주 여행,323,혼자,MAG
경주 여행,323,무대,NNG
경주 여행,323,에세이,NNG
경주 여행,323,만날,VV+ETM
경주 여행,323,으로,JKB
경주 여행,323,에서,JKB
경주 여행,323,유명,XR
경주 여행,323,문화재,NNG
경주 여행,323,대한,VV+ETM
경주 여행,323,사전,NNG
경주 여행,323,지식,NNG
경주 여행,323,줄줄,MAG
경주 여행,323,얼마,NNG
경주 여행,323,든지,VCP+EC
경주 여행,323,재미있,VA
경주 여행,323,의미,NNG
경주 여행,324,놀부,NNG
경주 여행,324,보쌈,NNG
경주 여행,324,황오,NNP
경주 여행,324,배달,NNG
경주 여행,324,후기,NNG
경주 여행,324,숙소,NNG
경주 여행,324,황남,NNG
경주 여행,324,머물,VV
경주 여행,324,어요,EF
경주 여행,324,저녁,NNG
경주 여행,324,아이,NNG
경주 여행,324,지치,VV
경주 여행,324,배민,NNG
경주 여행,324,놀부,NNG
경주 여행,324,보쌈,NNG
경주 여행,324,검색,NNG
경주 여행,324,황오,NNP
경주 여행,324,에서,JKB
경주 여행,324,배달,NNG
경주 여행,324,가능,NNG
경주 여행,324,다고,EC
경주 여행,324,나오,VV
경주 여행,324,네요,EF
경주 여행,324,저희,NP
경주 여행,324,황남,NNG
경주 여행,324,머물,VV
경주 여행,324,때문,NNB
경주 여행,325,알라딘,NNP
경주 여행,325,100,SN
경주 여행,325,자평,NNG
경주 여행,325,일상,NNG
경주 여행,325,고고학,NNG
경주 여행,325,혼자,MAG
경주 여행,325,일상,NNG
경주 여행,325,고고학,NNG
경주 여행,325,혼자,MAG
경주 여행,325,개정,NNG
경주 여행,325,증보판,NNG
경주 여행,325,일상,NNG
경주 여행,325,시리즈,NNG
경주 여행,325,황윤,NNG
경주 여행,325,지음,NNG
경주 여행,325,고양이,NNG
경주 여행,325,2020,SN
경주 여행,325,10,SN
경주 여행,325,평점,NNG
경주 여행,325,학교,NNG
경주 여행,325,다닐,VV+ETM
경주 여행,325,수학,NNG
경주 여행,325,갔었,VV+EP
경주 여행,325,는데,EC
경주 여행,325,추억,NNG
경주 여행,325,장소라,NNP
경주 여행,325,다시,MAG
경주 여행,325,거든요,EF
경주 여행,326,알라딘,NNP
경주 여행,326,100,SN
경주 여행,326,자평,NNG
경주 여행,326,일상,NNG
경주 여행,326,고고학,NNG
경주 여행,326,혼자,MAG
경주 여행,326,일상,NNG
경주 여행,326,고고학,NNG
경주 여행,326,혼자,MAG
경주 여행,326,모든,MM
경주 여행,326,박물관,NNG
경주 여행,326,즐거운,VA+ETM
경주 여행,326,경험,NNG
경주 여행,326,습니다,EF
경주 여행,326,어떤,MM
경주 여행,326,가이드,NNG
경주 여행,326,보다,JKB
경주 여행,326,든든,XR
경주 여행,326,길잡이,NNG
경주 여행,326,네요,EC
경주 여행,327,알라딘,NNP
경주 여행,327,100,SN
경주 여행,327,자평,NNG
경주 여행,327,일상,NNG
경주 여행,327,고고학,NNG
경주 여행,327,혼자,MAG
경주 여행,327,일상,NNG
경주 여행,327,고고학,NNG
경주 여행,327,혼자,MAG
경주 여행,327,개정,NNG
경주 여행,327,증보판,NNG
경주 여행,327,일상,NNG
경주 여행,327,고고학,NNG
경주 여행,327,시리즈,NNG
경주 여행,327,황윤,NNG
경주 여행,327,지음,NNG
경주 여행,327,고양이,NNG
경주 여행,327,2020,SN
경주 여행,327,10,SN
경주 여행,327,평점,NNG
경주 여행,327,신라,NNP
경주 여행,327,마니아,NNG
경주 여행,327,로부터,JKB
경주 여행,327,기라,NNG
경주 여행,327,관심,NNG
경주 여행,327,가요,NNG
경주 여행,327,고고학,NNG
경주 여행,327,관점,NNG
경주 여행,327,으로,JKB
경주 여행,328,알라딘,NNP
경주 여행,328,100,SN
경주 여행,328,자평,NNG
경주 여행,328,일상,NNG
경주 여행,328,고고학,NNG
경주 여행,328,혼자,MAG
경주 여행,328,일상,NNG
경주 여행,328,고고학,NNG
경주 여행,328,혼자,MAG
경주 여행,328,개정,NNG
경주 여행,328,증보판,NNG
경주 여행,328,일상,NNG
경주 여행,328,고고학,NNG
경주 여행,328,시리즈,NNG
경주 여행,328,황윤,NNG
경주 여행,328,지음,NNG
경주 여행,328,고양이,NNG
경주 여행,328,대한,VV+ETM
경주 여행,328,깊이,MAG
경주 여행,328,이야기,NNG
경주 여행,328,호기심,NNG
경주 여행,328,해줍니다,XSV+EC+VX+EF
경주 여행,328,100,SN
경주 여행,328,다니,EC
경주 여행,328,정말,MAG
경주 여행,328,대단,XR
경주 여행,328,습니다,EF
경주 여행,329,경북,NNP
경주 여행,329,황룡,NNG
경주 여행,329,사지,NNG
경주 여행,329,황화,NNG
경주 여행,329,코스모스,NNG
경주 여행,329,20,SN
경주 여행,329,14,SN
경주 여행,329,황룡,NNG
경주 여행,329,사지,NNG
경주 여행,329,황화,NNG
경주 여행,329,코스모스,NNG
경주 여행,329,20,SN
경주 여행,329,14,SN
경주 여행,329,지역,NNG
경주 여행,329,최고,NNG
경주 여행,329,기온,NNG
경주 여행,329,36,SN
경주 여행,329,기록,NNG
경주 여행,329,폭염,NNG
경주 여행,329,특보,NNG
경주 여행,329,내려진,VV+EC+VX+ETM
경주 여행,329,상태,NNG
경주 여행,329,사진,NNG
경주 여행,329,다가,EC
경주 여행,329,햇빛,NNG
경주 여행,329,구황동,NNP
경주 여행,329,분황,NNG
경주 여행,329,사지,NNG
경주 여행,329,황룡,NNG
경주 여행,329,사지,NNG
경주 여행,330,석빙고,NNG
경주 여행,330,색다른,VA+ETM
경주 여행,330,볼거리,NNG
경주 여행,330,근처,NNG
경주 여행,330,안압,NNG
경주 여행,330,색다른,VA+ETM
경주 여행,330,볼거리,NNG
경주 여행,330,석빙고,NNG
경주 여행,330,이번,NNG
경주 여행,330,에서,JKB
경주 여행,330,다녀온,VV+ETM
경주 여행,330,석빙고,NNG
경주 여행,330,입니다,VCP+EF
경주 여행,330,석빙고,NNG
경주 여행,330,영조,NNG
경주 여행,330,만들,VV
경주 여행,330,일종,NNG
경주 여행,330,얼음,NNG
경주 여행,330,창고,NNG
경주 여행,330,근처,NNG
경주 여행,330,첨성대,NNG
경주 여행,330,비롯,XR
경주 여행,330,몰려,VV+EC
경주 여행,330,어서,EC
경주 여행,330,함께,MAG
경주 여행,331,가본,NNG
경주 여행,331,동궁,NNG
경주 여행,331,예쁜,VA+ETM
경주 여행,331,만나,VV
경주 여행,331,커피,NNG
경주 여행,331,열매,NNG
경주 여행,331,으면서,EC
경주 여행,331,노천온천,NNP
경주 여행,331,행복,NNG
경주 여행,332,황리,NNG
경주 여행,332,보문,NNG
경주 여행,332,단지,MAG
경주 여행,332,왕릉,NNG
경주 여행,332,탐방,NNG
경주 여행,332,데이트,NNG
경주 여행,332,코스,NNG
경주 여행,332,https,SL
경주 여행,332,youtu,SL
경주 여행,332,be,SL
경주 여행,332,nZzijKooIk,SL
경주 여행,332,황리,NNG
경주 여행,332,예쁘,VA
경주 여행,332,마음,NNG
경주 여행,332,낭만,NNG
경주 여행,332,으로,JKB
경주 여행,332,차오르,VV
경주 여행,332,경상도,NNP
경주 여행,332,에서,JKB
경주 여행,332,흔치,VA+EC
경주 여행,332,거리,NNG
경주 여행,332,바로,MAG
경주 여행,332,유적지,NNG
경주 여행,332,오래,MAG
경주 여행,332,한옥,NNG
경주 여행,332,고도,NNG
경주 여행,332,사뭇,MAG
경주 여행,332,어울리,VV
경주 여행,332,면서도,EC
경주 여행,333,밀면,NNP
경주 여행,333,에서,JKB
경주 여행,333,맛보,VV
경주 여행,333,가격,NNG
경주 여행,333,착해,VA+EC
경주 여행,333,5000,SN
경주 여행,333,비빔,NNG
경주 여행,333,물밀,VV
경주 여행,333,5000,SN
경주 여행,333,떡갈비,NNG
경주 여행,333,2000,SN
경주 여행,333,12,SN
경주 여행,333,000,SN
경주 여행,333,밥상,NNG
경주 여행,333,그리고,MAJ
경주 여행,333,뜨거운,VA+ETM
경주 여행,333,육수,NNG
경주 여행,333,까지,JX
경주 여행,333,평가,NNG
경주 여행,333,입맛,NNG
경주 여행,333,따라,VV+EC
경주 여행,333,취향,NNG
경주 여행,333,따루,MAG
경주 여행,333,따루,MAG
경주 여행,334,엑스,NNG
경주 여행,334,포대,NNG
경주 여행,334,공원,NNG
경주 여행,334,2025,SN
경주 여행,334,08,SN
경주 여행,334,16,SN
경주 여행,334,푸른,VA+ETM
경주 여행,334,애벌레,NNG
경주 여행,334,둘째,NR
경주 여행,334,보문호,NNP
경주 여행,334,주변,NNG
경주 여행,334,10,SN
경주 여행,334,엑스,NNG
경주 여행,334,포대,NNG
경주 여행,334,공원,NNG
경주 여행,334,입장,NNG
경주 여행,334,엑스포,NNG
경주 여행,334,기념관,NNG
경주 여행,334,천마,NNG
경주 여행,334,궁전,NNG
경주 여행,334,타워,NNG
경주 여행,334,솔거,NNG
경주 여행,334,미술관,NNG
경주 여행,334,자연사,NNG
경주 여행,334,박물관,NNG
경주 여행,335,2020,SN
경주 여행,335,동방역,NNP
경주 여행,335,능소화,NNG
경주 여행,335,서출지,NNG
경주 여행,335,경북,NNP
경주 여행,335,산림,NNG
경주 여행,335,연구원,NNG
경주 여행,335,2020,SN
경주 여행,335,25,SN
경주 여행,335,동방역,NNP
경주 여행,335,능소화,NNG
경주 여행,335,서출지,NNG
경주 여행,335,경북,NNP
경주 여행,335,산림,NNG
경주 여행,335,연구원,NNG
경주 여행,336,모녀,NNG
경주 여행,336,함께,MAG
경주 여행,336,바보,NNG
경주 여행,336,블로그,NNG
경주 여행,336,모녀,NNG
경주 여행,336,함께,MAG
경주 여행,336,2019,SN
경주 여행,336,10,SN
경주 여행,336,15,SN
경주 여행,336,첨성대,NNG
경주 여행,336,야생,NNG
경주 여행,336,단지,MAG
경주 여행,336,계림,NNG
경주 여행,336,월지,NNG
경주 여행,336,안압지,NNP
경주 여행,336,계림,NNP
경주 여행,336,월지,NNP
경주 여행,336,안압지,NNP
경주 여행,336,야경,NNG
경주 여행,336,박물관,NNG
경주 여행,336,10,SN
경주 여행,336,16,SN
경주 여행,336,김유신,NNP
경주 여행,336,장군,NNG
경주 여행,337,석굴암,NNG
경주 여행,337,2018,SN
경주 여행,337,10,SN
경주 여행,338,알라딘,NNP
경주 여행,338,100,SN
경주 여행,338,자평,NNG
경주 여행,338,일상,NNG
경주 여행,338,고고학,NNG
경주 여행,338,혼자,MAG
경주 여행,338,일상,NNG
경주 여행,338,고고학,NNG
경주 여행,338,혼자,MAG
경주 여행,338,개정,NNG
경주 여행,338,증보판,NNG
경주 여행,338,일상,NNG
경주 여행,338,고고학,NNG
경주 여행,338,시리즈,NNG
경주 여행,338,황윤,NNG
경주 여행,338,지음,NNG
경주 여행,338,고양이,NNG
경주 여행,338,2020,SN
경주 여행,338,10,SN
경주 여행,338,평점,NNG
경주 여행,338,삼국,NNG
경주 여행,338,시대,NNG
경주 여행,338,관한,VV+ETM
경주 여행,338,거의,MAG
경주 여행,338,모든,MM
경주 여행,338,자료,NNG
경주 여행,338,섭렵,NNG
경주 여행,338,소장,NNG
경주 여행,338,역사,NNG
경주 여행,338,학자,NNG
경주 여행,338,순수,NNG
경주 여행,338,시각,NNG
경주 여행,338,생생,XR
경주 여행,339,알라딘,NNP
경주 여행,339,일상,NNG
경주 여행,339,고고학,NNG
경주 여행,339,혼자,MAG
경주 여행,339,일상,NNG
경주 여행,339,고고학,NNG
경주 여행,339,혼자,MAG
경주 여행,339,개정,NNG
경주 여행,339,증보판,NNG
경주 여행,339,일상,NNG
경주 여행,339,고고학,NNG
경주 여행,339,시리즈,NNG
경주 여행,339,황윤,NNG
경주 여행,339,지음,NNG
경주 여행,339,고양이,NNG
경주 여행,339,2020,SN
경주 여행,339,10,SN
경주 여행,339,평점,NNG
경주 여행,339,수학,NNG
경주 여행,339,으로,JKB
경주 여행,339,추억,NNG
경주 여행,339,다시,MAG
경주 여행,339,한번,MAG
경주 여행,339,역사,NNG
경주 여행,339,그렇,VA
경주 여행,339,수록,EC
경주 여행,340,경비,NNG
경주 여행,340,혼자,NNG
경주 여행,340,떠난,VV+ETM
경주 여행,340,이동,NNG
경주 여행,340,수단,NNG
경주 여행,340,시외버스,NNG
경주 여행,340,버스,NNG
경주 여행,340,택시,NNG
경주 여행,340,시티투어,NNP
경주 여행,340,버스,NNG
경주 여행,340,Total,SL
경주 여행,340,13,SN
경주 여행,340,140,SN
경주 여행,340,기타,NNG
경주 여행,340,생필품,NNG
경주 여행,340,샴푸,NNG
경주 여행,340,린스,NNG
경주 여행,340,바디,NNG
경주 여행,340,워시,NNP
경주 여행,340,버블,NNG
경주 여행,340,490,SN
경주 여행,340,Total,SL
경주 여행,340,경비,NNG
경주 여행,340,148,SN
경주 여행,340,080,SN
경주 여행,341,경북,NNP
경주 여행,341,현대,NNG
경주 여행,341,호텔,NNG
경주 여행,341,현대,NNP
경주 여행,341,호텔,NNG
경주 여행,341,현대,NNG
경주 여행,341,호텔,NNG
경주 여행,341,보문,NNP
경주 여행,341,수상,NNG
경주 여행,341,공연장,NNG
경주 여행,341,보문관광단지,NNP
경주 여행,341,보문호,NNP
경주 여행,341,반길,VV+ETM
경주 여행,341,신라,NNP
경주 여행,341,컨트리클럽,NNG
경주 여행,341,숙박,NNG
경주 여행,341,현대,NNG
경주 여행,341,호텔,NNG
경주 여행,341,방문,NNG
경주 여행,341,일자,NNG
경주 여행,341,2016,SN
경주 여행,341,현대,NNG
경주 여행,341,호텔,NNG
경주 여행,341,경북,NNP
경주 여행,341,신평동,NNP
경주 여행,342,석굴암,NNG
경주 여행,342,불국사,NNG
경주 여행,342,09,SN
경주 여행,342,43,SN
경주 여행,342,석굴암,NNG
경주 여행,342,불국사,NNG
경주 여행,342,일시,NNG
경주 여행,342,2011,SN
경주 여행,342,22,SN
경주 여행,342,24,SN
경주 여행,342,장소,NNG
경주 여행,342,세째,NR
경주 여행,342,24,SN
경주 여행,342,석굴암,NNG
경주 여행,342,불국사,NNG
경주 여행,342,참여,NNG
경주 여행,342,우리,NP
경주 여행,342,가족,NNG
경주 여행,342,송국영,NNP
경주 여행,342,안종,NNP
경주 여행,342,송진주,NNP
경주 여행,342,김홍식,NNP
경주 여행,342,김연우,NNP
경주 여행,342,연주,NNP
경주 여행,342,조광민,NNP
경주 여행,343,대릉원,NNG
경주 여행,343,스탬프,NNG
경주 여행,343,투어,NNG
경주 여행,343,다섯,NR
경주 여행,343,이야기,NNG
경주 여행,343,대릉원,NNG
경주 여행,343,천마,NNG
경주 여행,343,경북,NNP
경주 여행,343,스탬프,NNG
경주 여행,343,투어,NNG
경주 여행,343,오릉,NNG
경주 여행,343,대릉원,NNG
경주 여행,343,천마총,NNG
경주 여행,343,오릉,NNG
경주 여행,343,교촌,NNG
경주 여행,343,마을,NNG
경주 여행,343,투어,NNG
경주 여행,343,마치,VV
경주 여행,343,다음,NNG
경주 여행,343,으로,JKB
경주 여행,343,찾아간,VV+ETM
경주 여행,343,바로,MAG
경주 여행,343,오릉,NNG
경주 여행,343,교촌,NNG
경주 여행,343,마을,NNG
경주 여행,343,면서,EC
경주 여행,343,조금,MAG
경주 여행,343,지치,VV
경주 여행,343,느낌,NNG
경주 여행,343,는데,EC
경주 여행,344,유적지,NNG
경주 여행,344,트레,NNP
경주 여행,344,대상지,NNG
경주 여행,344,유적지,NNG
경주 여행,344,트레,NNP
경주 여행,344,소재지,NNG
경주 여행,344,경북,NNP
경주 여행,344,2023,SN
경주 여행,344,10,SN
경주 여행,344,동궁,NNG
경주 여행,344,월지,NNG
경주 여행,344,반월,NNG
경주 여행,344,교촌,NNG
경주 여행,344,대릉원,NNG
경주 여행,344,44,SN
경주 여행,344,고분,NNG
경주 여행,344,분황사,NNG
경주 여행,344,황룡사,NNG
경주 여행,344,역사,NNG
경주 여행,344,문화원,NNG
경주 여행,344,동궁,NNG
경주 여행,344,월지,NNG
경주 여행,344,주차장,NNG
경주 여행,344,Km,SL
경주 여행,344,반월,NNG
경주 여행,344,에서,JKB
경주 여행,345,동궁,NNG
경주 여행,345,월지,NNG
경주 여행,345,안압지,NNP
경주 여행,345,야경,NNG
경주 여행,345,해외,NNG
경주 여행,345,이야기,NNG
경주 여행,345,후기,NNG
경주 여행,345,동궁,NNG
경주 여행,345,월지,NNG
경주 여행,345,안압지,NNP
경주 여행,345,야경,NNG
경주 여행,345,훌리아,NNP
경주 여행,345,2020,SN
경주 여행,345,25,SN
경주 여행,345,15,SN
경주 여행,345,17,SN
경주 여행,345,2019,SN
경주 여행,345,여름,NNG
경주 여행,345,사진,NNG
경주 여행,345,보관,NNG
경주 여행,345,구독,NNG
경주 여행,345,해외,NNG
경주 여행,345,이야기,NNG
경주 여행,345,후기,NNG
경주 여행,345,Related,SL
경주 여행,345,Articles,SL
경주 여행,346,이야기,NNG
경주 여행,346,계명,NNG
경주 여행,346,대학교,NNG
경주 여행,346,동산,NNG
경주 여행,346,병원,NNG
경주 여행,346,라고,EC
경주 여행,346,일자,NNG
경주 여행,346,2016,SN
경주 여행,346,인원,NNG
경주 여행,346,친구,NNG
경주 여행,346,함께,MAG
경주 여행,346,시외버스,NNG
경주 여행,346,터미널,NNG
경주 여행,346,경북,NNP
경주 여행,346,노서동,NNP
경주 여행,346,160,SN
경주 여행,346,전화,NNG
경주 여행,346,1666,SN
경주 여행,346,5599,SN
경주 여행,346,시외버스,NNG
경주 여행,346,터미널,NNG
경주 여행,347,2020,SN
경주 여행,347,06,SN
경주 여행,347,13,SN
경주 여행,347,14,SN
경주 여행,347,일요일,NNG
경주 여행,347,오전,NNG
경주 여행,347,오후,NNG
경주 여행,347,에서,JKB
경주 여행,347,고향,NNG
경주 여행,347,친구,NNG
경주 여행,347,함께,MAG
경주 여행,347,신라,NNP
경주 여행,347,대종,NNG
경주 여행,347,장맛비,NNG
경주 여행,347,시작,NNG
경주 여행,347,육월,NNP
경주 여행,347,중순,NNG
경주 여행,347,고향,NNG
경주 여행,347,친구,NNG
경주 여행,347,함께,MAG
경주 여행,347,에서,JKB
경주 여행,347,즐거운,VA+ETM
경주 여행,347,대릉원,NNG
경주 여행,347,돌담길,NNP
경주 여행,347,황리,NNG
경주 여행,348,알라딘,NNP
경주 여행,348,100,SN
경주 여행,348,자평,NNG
경주 여행,348,일상,NNG
경주 여행,348,고고학,NNG
경주 여행,348,혼자,MAG
경주 여행,348,일상,NNG
경주 여행,348,고고학,NNG
경주 여행,348,혼자,MAG
경주 여행,348,개정,NNG
경주 여행,348,증보판,NNG
경주 여행,348,일상,NNG
경주 여행,348,고고학,NNG
경주 여행,348,시리즈,NNG
경주 여행,348,황윤,NNG
경주 여행,348,지음,NNG
경주 여행,348,고양이,NNG
경주 여행,348,재미있,VA
경주 여행,348,길잡이,NNG
경주 여행,348,입니다,VCP+EF
경주 여행,348,풍부,XR
경주 여행,348,이해,NNG
경주 여행,349,코스,NNG
경주 여행,349,베스트,NNG
경주 여행,349,추천,NNG
경주 여행,349,top,SL
경주 여행,349,10,SN
경주 여행,349,코스,NNG
경주 여행,349,베스트,NNG
경주 여행,349,추천,NNG
경주 여행,349,top,SL
경주 여행,349,10,SN
경주 여행,349,코스,NNG
경주 여행,349,베스트,NNG
경주 여행,349,추천,NNG
경주 여행,349,top,SL
경주 여행,349,10,SN
경주 여행,349,소개,NNG
경주 여행,349,합니다,XSV+EC
경주 여행,349,황리,NNG
경주 여행,349,상호,NNG
경주 여행,349,황리,NNG
경주 여행,349,주소,NNG
경주 여행,349,경상북도,NNP
경주 여행,349,황남동,NNP
경주 여행,349,280,SN
경주 여행,349,전화,NNG
경주 여행,349,번호,NNG
경주 여행,349,입력,NNG
경주 여행,349,관련,NNG
경주 여행,349,키워드,NNP
경주 여행,349,키워드,NNP
경주 여행,350,코스,NNG
경주 여행,350,뚜벅,MAG
경주 여행,350,불국사,NNP
경주 여행,350,석굴암,NNG
경주 여행,350,중교,NNG
경주 여행,350,naver,SL
경주 여행,350,com,SL
경주 여행,350,loveartlove,SL
경주 여행,350,223054447834,SN
경주 여행,350,다시,MAG
경주 여행,350,서울,NNP
경주 여행,350,올라갈,VV+ETM
경주 여행,350,불국사,NNP
경주 여행,350,불국사,NNP
경주 여행,350,국보,NNG
경주 여행,350,다보탑,NNG
경주 여행,350,석가탑,NNG
경주 여행,350,석굴암,NNG
경주 여행,350,입장료,NNG
경주 여행,351,불국사,NNG
경주 여행,351,스탬프,NNG
경주 여행,351,투어,NNG
경주 여행,351,이야기,NNG
경주 여행,351,불국사,NNP
경주 여행,351,석굴암,NNG
경주 여행,351,경북,NNP
경주 여행,351,스탬프,NNG
경주 여행,351,투어,NNG
경주 여행,351,가을,NNG
경주 여행,351,불국사,NNG
경주 여행,351,석굴암,NNG
경주 여행,351,동리,NNG
경주 여행,351,문학관,NNG
경주 여행,351,구경,NNG
경주 여행,351,마치,VV
경주 여행,351,다음,NNG
경주 여행,351,으로,JKB
경주 여행,351,장소,NNG
경주 여행,351,핵심,NNG
경주 여행,351,메카,NNP
경주 여행,351,바로,MAG
경주 여행,351,불국사,NNP
경주 여행,351,석굴암,NNG
경주 여행,352,황리,NNG
경주 여행,352,한옥,NNG
경주 여행,352,카페,NNG
경주 여행,352,추천,NNG
경주 여행,352,카페,NNP
경주 여행,352,아덴,NNP
경주 여행,352,카페,NNP
경주 여행,352,아덴,NNP
경주 여행,352,위치,NNG
경주 여행,352,경북,NNP
경주 여행,352,사정,NNG
경주 여행,352,57,SN
경주 여행,352,운영,NNG
경주 여행,352,시간,NNG
경주 여행,352,매일,MAG
경주 여행,352,10,SN
경주 여행,352,와서,VV+EC
경주 여행,352,으로,JKB
경주 여행,352,채울,VV+ETM
경주 여행,352,어서,EC
경주 여행,352,어요,EF
경주 여행,352,실시간,NNG
경주 여행,352,예보,NNG
경주 여행,352,너무,MAG
경주 여행,352,커피,NNG
경주 여행,352,아덴,NNP
경주 여행,352,시그,NNP
경주 여행,353,알라딘,NNP
경주 여행,353,100,SN
경주 여행,353,자평,NNG
경주 여행,353,일상,NNG
경주 여행,353,고고학,NNG
경주 여행,353,혼자,MAG
경주 여행,353,일상,NNG
경주 여행,353,고고학,NNG
경주 여행,353,혼자,MAG
경주 여행,353,개정,NNG
경주 여행,353,증보판,NNG
경주 여행,353,일상,NNG
경주 여행,353,고고학,NNG
경주 여행,353,시리즈,NNG
경주 여행,353,황윤,NNG
경주 여행,353,지음,NNG
경주 여행,353,고양이,NNG
경주 여행,353,2020,SN
경주 여행,353,10,SN
경주 여행,353,평점,NNG
경주 여행,353,대한,VV+ETM
경주 여행,353,아름다움,VA+ETN
경주 여행,353,느낄,VV+ETM
경주 여행,353,기대,NNG
경주 여행,353,됩니다,XSV+EC
경주 여행,354,알라딘,NNP
경주 여행,354,서재,NNP
경주 여행,354,필수,NNG
경주 여행,354,필요,NNG
경주 여행,354,지식,NNG
경주 여행,354,설명,NNG
경주 여행,354,이해,NNG
경주 여행,354,사진,NNG
경주 여행,354,정보,NNG
경주 여행,354,가득,MAG
경주 여행,354,서울,NNP
경주 여행,354,이어,MAG
경주 여행,354,역사,NNG
경주 여행,354,꿈꾸,VV
경주 여행,354,한옥,NNG
경주 여행,354,에서,JKB
경주 여행,354,독서,NNG
경주 여행,354,모임,NNG
경주 여행,354,다가,EC
경주 여행,354,바로,MAG
경주 여행,354,주문,NNG
경주 여행,354,역사,NNG
경주 여행,354,예정,NNG
경주 여행,355,에서,JKB
경주 여행,355,걸어서,VV+EC
경주 여행,355,대릉원,NNG
경주 여행,355,까지,JX
경주 여행,355,대릉원,NNG
경주 여행,355,담장,NNG
경주 여행,355,2018,SN
경주 여행,355,11,SN
경주 여행,355,이번,NNG
경주 여행,355,천천히,MAG
경주 여행,355,걸으며,VV+EC
경주 여행,355,가을,NNG
경주 여행,355,만끽,NNG
경주 여행,355,컨셉,NNG
경주 여행,355,마침,MAG
경주 여행,355,가을,NNG
경주 여행,355,분위기,NNG
경주 여행,355,한껏,MAG
경주 여행,355,고조,NNG
경주 여행,355,시켜,XSV+EC
경주 여행,355,벚나무,NNG
경주 여행,355,좌우,NNG
경주 여행,355,어서,EC
경주 여행,355,마다,JX
경주 여행,355,가지,VV
경주 여행,355,와서,VV+EC
경주 여행,356,Knowledge,SL
경주 여행,356,Box,SL
경주 여행,356,슈만,NNP
경주 여행,356,클라라,NNP
경주 여행,356,도착,NNG
경주 여행,356,제일,MAG
경주 여행,356,먼저,MAG
경주 여행,356,슈만,NNP
경주 여행,356,클라라,NNP
경주 여행,356,라는,VCP+ETM
경주 여행,356,cafe,SL
경주 여행,356,위치,NNG
경주 여행,356,요기,NP
경주 여행,356,여기,NP
경주 여행,356,버스,NNG
경주 여행,356,려고,EC
경주 여행,356,는데,EC
경주 여행,356,버스,NNG
경주 여행,356,너무,MAG
경주 여행,356,와서,VV+EC
경주 여행,356,택시,NNG
경주 여행,356,그러나,MAJ
경주 여행,356,다음,NNG
경주 여행,356,문제,NNG
경주 여행,356,계속,MAG
경주 여행,357,첨성대,NNG
경주 여행,357,대릉원,NNG
경주 여행,357,주차,NNG
경주 여행,357,주차장,NNG
경주 여행,357,대릉원,NNG
경주 여행,357,주차장,NNG
경주 여행,357,여기,NP
경주 여행,357,매표,NNG
경주 여행,357,해야,VV+EC
경주 여행,357,들어갈,VV+ETM
경주 여행,357,어서,EC
경주 여행,357,그냥,MAG
경주 여행,357,혼자,NNG
경주 여행,357,굳이,MAG
경주 여행,357,들어갈,VV+ETM
경주 여행,357,필요,NNG
경주 여행,357,느꼈,VV+EP
경주 여행,357,네요,EF
경주 여행,357,편하,VA
경주 여행,357,드라이브,NNG
경주 여행,357,둘러본,VV+ETM
경주 여행,357,그리고,MAJ
경주 여행,357,그곳,NP
경주 여행,357,에서,JKB
경주 여행,357,만난,VV+ETM
경주 여행,357,첨성대,NNG
경주 여행,358,2303,SN
경주 여행,358,봄꽃,NNG
경주 여행,358,습니다,EF
경주 여행,358,벌써,MAG
경주 여행,358,마지막,NNG
경주 여행,358,월요일,NNG
경주 여행,358,찾아간,VV+ETM
경주 여행,358,벚꽃,NNG
경주 여행,358,상춘객,NNG
경주 여행,358,으로,JKB
경주 여행,358,많이,MAG
경주 여행,358,붐볐,VV+EP
경주 여행,358,습니다,EF
경주 여행,358,에서,JKB
경주 여행,358,점심,NNG
경주 여행,358,집사람,NNG
경주 여행,358,국도,NNG
경주 여행,358,천천히,MAG
경주 여행,358,올라가,VV
경주 여행,358,곳곳,NNG
경주 여행,358,벚꽃,NNG
경주 여행,358,자랑,NNG
경주 여행,358,열중,NNG
경주 여행,359,황리,NNG
경주 여행,359,맛집,NNG
경주 여행,359,여도,NNG
경주 여행,359,영업,NNG
경주 여행,359,종료,NNG
경주 여행,359,오늘,NNG
경주 여행,359,맛집,NNG
경주 여행,359,황리,NNG
경주 여행,359,맛집,NNG
경주 여행,359,여주,NNG
경주 여행,359,이야기,NNG
경주 여행,359,함께,MAG
경주 여행,359,해요,VV+EF
경주 여행,359,다만,MAJ
경주 여행,359,현재,MAG
경주 여행,359,여도,NNG
경주 여행,359,다는,ETM
경주 여행,359,저희,NP
경주 여행,359,기록,NNG
경주 여행,359,해서,VV+EC
경주 여행,359,그냥,MAG
경주 여행,359,포스팅,NNP
경주 여행,359,진행,NNG
경주 여행,359,참고,NNG
경주 여행,359,세요,EP+EF
경주 여행,359,한옥,NNP
경주 여행,359,외관,NNG
경주 여행,359,눈길,NNG
경주 여행,360,13,SN
경주 여행,360,성동,NNG
경주 여행,360,시장,NNG
경주 여행,360,구경,NNG
경주 여행,360,가을,NNG
경주 여행,360,기차,NNG
경주 여행,360,피날레,NNG
경주 여행,360,2018,SN
경주 여행,360,11,SN
경주 여행,360,즐거웠,VA+EP
경주 여행,360,가을,NNG
경주 여행,360,기차,NNG
경주 여행,360,단풍,NNG
경주 여행,360,맘껏,MAG
경주 여행,360,누리,VV
경주 여행,360,돌아가,VV
경주 여행,360,노란,VA+ETM
경주 여행,360,은행,NNG
경주 여행,360,낙엽,NNG
경주 여행,360,올려,VV+EC
경주 여행,360,어야,EC
경주 여행,360,는데,EC
경주 여행,360,언니,NNG
경주 여행,360,수고,NNG
경주 여행,360,어염,EF
경주 여행,360,숙소,NNG
경주 여행,360,변경,NNG
경주 여행,360,지도자,NNG
경주 여행,360,언니,NNG
경주 여행,360,짝짝,MAG
경주 여행,361,황리,NNG
경주 여행,361,주전부리,NNG
경주 여행,361,황금,NNG
경주 여행,361,황남,NNG
경주 여행,361,옥수수,NNG
경주 여행,361,청년,NNG
경주 여행,361,분식,NNG
경주 여행,361,황리,NNG
경주 여행,361,주전부리,NNG
경주 여행,361,저녁,NNG
경주 여행,361,출출,XR
경주 여행,361,해서,XSA+EC
경주 여행,361,황리,NNG
경주 여행,361,주전부리,NNG
경주 여행,361,우선,MAG
경주 여행,361,급한,VA+ETM
경주 여행,361,결론,NNG
경주 여행,361,부터,JX
경주 여행,361,자면,EC
경주 여행,361,청년,NNG
경주 여행,361,분식,NNG
경주 여행,361,황남,NNG
경주 여행,361,옥수수,NNG
경주 여행,361,모두,MAG
경주 여행,361,아쉽,VA
경주 여행,361,청년,NNG
경주 여행,361,분식,NNG
경주 여행,361,쥬얼,NNP
경주 여행,361,우릴,VV+ETM
경주 여행,361,유혹,NNG
경주 여행,361,뭔가,NP+VCP+EC
경주 여행,362,안녕,IC
경주 여행,362,2014,SN
경주 여행,362,2014,SN
경주 여행,362,마지막,NNG
경주 여행,362,에서,JKB
경주 여행,362,멋진,VA+ETM
경주 여행,362,선물,NNG
경주 여행,362,눈발,NNG
경주 여행,362,날리,VV
경주 여행,362,시작,NNG
경주 여행,362,한다,XSV+EF
경주 여행,362,그리고,MAJ
경주 여행,362,금방,MAG
경주 여행,362,하얀,VA+ETM
경주 여행,362,세상,NNG
경주 여행,362,으로,JKB
경주 여행,362,변한다,VV+EC
경주 여행,362,눈길,NNG
경주 여행,362,산책,NNG
경주 여행,362,불국사,NNP
경주 여행,362,에서,JKB
경주 여행,362,기차,NNG
경주 여행,362,마무리,NNG
경주 여행,362,한다,XSV+EF
경주 여행,362,다시,MAG
경주 여행,362,화창,XR
경주 여행,362,해진,XSA+EC+VX+ETM
경주 여행,362,하늘,NNG
경주 여행,363,야경,NNG
경주 여행,363,다른,MM
경주 여행,363,매력,NNG
경주 여행,363,정교,NNG
경주 여행,363,분위기,NNG
경주 여행,363,저녁,NNG
경주 여행,363,정교,NNG
경주 여행,363,방문,NNG
경주 여행,363,추천,NNG
경주 여행,363,드립니다,VV+EF
경주 여행,363,켜진,VV+ETM
경주 여행,363,정교,NNG
경주 여행,363,신나,VV
경주 여행,363,사진,NNG
경주 여행,363,정교,NNG
경주 여행,363,야경,NNG
경주 여행,363,마지막,NNG
경주 여행,363,으로,JKB
경주 여행,363,떠나갑니다,VV+EF
경주 여행,363,여기,NP
경주 여행,363,신라,NNP
경주 여행,363,니까,VCP+EC
경주 여행,363,신라,NNP
경주 여행,363,해장국,NNG
경주 여행,363,즐거웠,VA+EP
경주 여행,363,습니다,EF
경주 여행,364,황남,NNG
경주 여행,364,맷돌,NNG
경주 여행,364,순두부,NNG
경주 여행,364,두부,NNG
경주 여행,364,보쌈,NNG
경주 여행,364,제육,NNG
경주 여행,364,순두부찌개,NNG
경주 여행,364,그리고,MAJ
경주 여행,364,황남,NNG
경주 여행,364,맷돌,NNG
경주 여행,364,순두부,NNG
경주 여행,364,영업시간,NNG
경주 여행,364,30,SN
경주 여행,364,까지,JX
경주 여행,364,황리,NNG
경주 여행,364,시작,NNG
경주 여행,364,으로,JKB
경주 여행,364,어지간,XR
경주 여행,364,밥집,NNG
경주 여행,364,영업,NNG
경주 여행,364,마감,NNG
경주 여행,364,진짜,MAG
경주 여행,364,고기,NNG
경주 여행,364,맛있,VA
경주 여행,364,두부,NNG
경주 여행,364,순두부찌개,NNG
경주 여행,364,맛나,VA
경주 여행,364,호랑이,NNG
경주 여행,364,막걸리,NNG
경주 여행,364,완전,MAG
경주 여행,364,맛있,VA
경주 여행,364,어서,EC
경주 여행,365,마치,VV
경주 여행,365,울주,NNP
경주 여행,365,새벽,NNG
경주 여행,365,다가,EC
경주 여행,365,그친다,VV+EC
경주 여행,365,하늘,NNG
경주 여행,365,예쁘다,NNP
경주 여행,365,월드,NNG
경주 여행,365,판다,NNG
경주 여행,365,에서,JKB
경주 여행,365,점심,NNG
경주 여행,365,맛있,VA
경주 여행,365,친절,NNG
경주 여행,365,떡갈비,NNG
경주 여행,365,맛나,VA
경주 여행,365,계란찜,NNG
경주 여행,365,풍경,NNG
경주 여행,365,예쁘,VA
경주 여행,365,행복,NNG
경주 여행,365,울주,NNP
경주 여행,366,서출지,NNG
경주 여행,366,23,SN
경주 여행,366,28,SN
경주 여행,366,더운,VA+ETM
경주 여행,366,날씨,NNG
경주 여행,366,촬영,NNG
경주 여행,366,임했,VV+EP
경주 여행,366,사진가,NNG
경주 여행,366,에게,JKB
경주 여행,366,미안,NNG
경주 여행,366,생각,NNG
경주 여행,366,더운,VA+ETM
경주 여행,366,날씨,NNG
경주 여행,366,여러,MM
경주 여행,366,촬영,NNG
경주 여행,366,대작,NNG
경주 여행,366,으시,EP
경주 여행,366,무사히,MAG
경주 여행,366,습니다,EF
경주 여행,367,알라딘,NNP
경주 여행,367,100,SN
경주 여행,367,자평,NNG
경주 여행,367,우리,NP
경주 여행,367,아이,IC
경주 여행,367,우리,NP
경주 여행,367,아이,IC
경주 여행,367,세계,NNG
경주 여행,367,문화유산,NNG
경주 여행,367,아서,EC
경주 여행,367,개정판,NNG
경주 여행,367,답사,NNG
경주 여행,367,바로,MAG
경주 여행,367,역사,NNG
경주 여행,367,바로,MAG
경주 여행,367,박광일,NNP
경주 여행,367,전향,NNG
경주 여행,367,이야기,NNG
경주 여행,367,기획,NNG
경주 여행,367,성당,NNG
경주 여행,367,2011,SN
경주 여행,367,평점,NNG
경주 여행,367,초등,NNG
경주 여행,367,학교,NNG
경주 여행,367,학생,NNG
경주 여행,367,수학,NNG
경주 여행,368,알라딘,NNP
경주 여행,368,100,SN
경주 여행,368,자평,NNG
경주 여행,368,일상,NNG
경주 여행,368,고고학,NNG
경주 여행,368,혼자,MAG
경주 여행,368,일상,NNG
경주 여행,368,고고학,NNG
경주 여행,368,혼자,MAG
경주 여행,368,개정,NNG
경주 여행,368,증보판,NNG
경주 여행,368,일상,NNG
경주 여행,368,고고학,NNG
경주 여행,368,시리즈,NNG
경주 여행,368,황윤,NNG
경주 여행,368,지음,NNG
경주 여행,368,고양이,NNG
경주 여행,368,묻힌,VV+ETM
경주 여행,368,타임캡슐,NNG
경주 여행,368,신라,NNG
경주 여행,368,특별,NNG
경주 여행,368,시간,NNG
경주 여행,368,네요,EC
경주 여행,369,압지,NNG
경주 여행,369,야경,NNG
경주 여행,369,투어,NNG
경주 여행,369,방문,NNG
경주 여행,369,아마도,MAG
경주 여행,369,보름달,NNG
경주 여행,369,보다,JKB
경주 여행,369,하늘,NNG
경주 여행,369,황청,NNG
경주 여행,369,연못,NNG
경주 여행,369,빠져,VV+EC
경주 여행,369,야경,NNG
경주 여행,369,함께,MAG
경주 여행,369,정말,MAG
경주 여행,369,멋진,VA+ETM
경주 여행,369,야경,NNG
경주 여행,369,보여,VV+EC
경주 여행,369,이래서,VV+EC
경주 여행,369,마다,JX
경주 여행,369,이곳,NP
경주 여행,369,압지,NNG
경주 여행,369,하나,NR
경주 여행,369,보다,JKB
경주 여행,370,오늘,NNG
경주 여행,370,날씨,NNG
경주 여행,370,더우니,VA+EC
경주 여행,370,마을,NNG
경주 여행,370,식당,NNG
경주 여행,370,에서,JKB
경주 여행,370,맛난,VA+ETM
경주 여행,370,양념,NNG
경주 여행,370,게장,NNG
경주 여행,370,점심,NNG
경주 여행,370,힐튼,NNP
경주 여행,370,호텔,NNG
경주 여행,370,에서,JKB
경주 여행,370,커피,NNG
경주 여행,370,한잔,NNG
경주 여행,370,보문,NNG
경주 여행,370,단지,MAG
경주 여행,370,푸른,VA+ETM
경주 여행,370,나무,NNG
경주 여행,370,감상,NNG
경주 여행,370,커피,NNG
경주 여행,370,한잔,NNG
경주 여행,370,스콘,NNP
경주 여행,370,행복,NNG
경주 여행,370,월드,NNG
경주 여행,370,관람,NNG
경주 여행,370,보인다,VV+EF
경주 여행,370,한번,MAG
경주 여행,370,볼까,EC+VX+EC
경주 여행,371,알라딘,NNP
경주 여행,371,100,SN
경주 여행,371,자평,NNG
경주 여행,371,우리,NP
경주 여행,371,아이,IC
경주 여행,371,우리,NP
경주 여행,371,아이,IC
경주 여행,371,에서,JKB
경주 여행,371,신라,NNG
경주 여행,371,답사,NNG
경주 여행,371,바로,MAG
경주 여행,371,역사,NNG
경주 여행,371,바로,MAG
경주 여행,371,13,SN
경주 여행,371,박광일,NNP
경주 여행,371,2004,SN
경주 여행,371,평점,NNG
경주 여행,371,구판,NNG
경주 여행,371,절판,NNG
경주 여행,371,아이,NNG
경주 여행,371,눈높이,NNG
경주 여행,371,맞춰진,VV+EC+VX+ETM
경주 여행,372,알라딘,NNP
경주 여행,372,100,SN
경주 여행,372,자평,NNG
경주 여행,372,일상,NNG
경주 여행,372,고고학,NNG
경주 여행,372,혼자,MAG
경주 여행,372,일상,NNG
경주 여행,372,고고학,NNG
경주 여행,372,혼자,MAG
경주 여행,372,개정,NNG
경주 여행,372,증보판,NNG
경주 여행,372,일상,NNG
경주 여행,372,고고학,NNG
경주 여행,372,시리즈,NNG
경주 여행,372,황윤,NNG
경주 여행,372,지음,NNG
경주 여행,372,고양이,NNG
경주 여행,372,2020,SN
경주 여행,372,10,SN
경주 여행,372,평점,NNG
경주 여행,372,유익,NNG
경주 여행,372,아요,EC
경주 여행,373,알라딘,NNP
경주 여행,373,역사,NNG
경주 여행,373,관심,NNG
경주 여행,373,시작,NNG
경주 여행,373,해서,XSV+EC
경주 여행,373,함께,MAG
경주 여행,373,어요,EF
경주 여행,373,길래,EC
경주 여행,373,생각,NNG
경주 여행,373,는데,EC
경주 여행,373,그리,VV
경주 여행,373,마음,NNG
경주 여행,373,접하,VV
경주 여행,373,어요,EF
경주 여행,373,기억,NNG
경주 여행,373,가지,VV
경주 여행,373,는데,EC
경주 여행,373,아이,NNG
경주 여행,373,신라,NNG
경주 여행,373,배운,VV+ETM
경주 여행,373,그런지,VA+EC
경주 여행,373,동안,NNG
경주 여행,373,배운,VV+ETM
경주 여행,373,내용,NNG
경주 여행,373,생각,NNG
경주 여행,373,유적지,NNG
경주 여행,374,매화,NNG
경주 여행,374,산수유,NNG
경주 여행,374,만발,NNG
경주 여행,374,보문,NNG
경주 여행,374,단지,MAG
경주 여행,374,호수,NNG
경주 여행,374,산책,NNG
경주 여행,374,행복,NNG
경주 여행,374,마무리,NNG
경주 여행,375,알라딘,NNP
경주 여행,375,100,SN
경주 여행,375,자평,NNG
경주 여행,375,일상,NNG
경주 여행,375,고고학,NNG
경주 여행,375,혼자,MAG
경주 여행,375,일상,NNG
경주 여행,375,고고학,NNG
경주 여행,375,혼자,MAG
경주 여행,375,일상,NNG
경주 여행,375,시리즈,NNG
경주 여행,375,황윤,NNG
경주 여행,375,지음,NNG
경주 여행,375,고양이,NNG
경주 여행,375,2020,SN
경주 여행,375,10,SN
경주 여행,375,평점,NNG
경주 여행,375,마니아,NNG
경주 여행,375,알려,VV+EC
경주 여행,375,탐방기,NNG
경주 여행,375,그런지,VA+EC
경주 여행,375,대한,VV+ETM
경주 여행,375,알찬,VA+ETM
경주 여행,375,설명,NNG
경주 여행,375,습니다,EF
경주 여행,376,알라딘,NNP
경주 여행,376,100,SN
경주 여행,376,자평,NNG
경주 여행,376,일상,NNG
경주 여행,376,고고학,NNG
경주 여행,376,혼자,MAG
경주 여행,376,일상,NNG
경주 여행,376,고고학,NNG
경주 여행,376,혼자,MAG
경주 여행,376,개정,NNG
경주 여행,376,증보판,NNG
경주 여행,376,일상,NNG
경주 여행,376,고고학,NNG
경주 여행,376,시리즈,NNG
경주 여행,376,황윤,NNG
경주 여행,376,지음,NNG
경주 여행,376,고양이,NNG
경주 여행,376,2020,SN
경주 여행,376,10,SN
경주 여행,376,평점,NNG
경주 여행,376,아름다운,VA+ETM
경주 여행,376,풍경,NNG
경주 여행,376,고고학,NNG
경주 여행,376,우리,NP
경주 여행,376,지적,NNG
경주 여행,376,힐링,NNG
경주 여행,376,안겨,VV+EC
경주 여행,376,줘서,VX+EC
경주 여행,377,주상,NNG
경주 여행,377,절리,NNG
경주 여행,377,스탬프,NNG
경주 여행,377,투어,NNG
경주 여행,377,목적지,NNG
경주 여행,377,주상,NNG
경주 여행,377,스탬프,NNG
경주 여행,377,투어,NNG
경주 여행,377,주상,NNG
경주 여행,377,절리,NNG
경주 여행,377,해변,NNG
경주 여행,377,둘레길,NNP
경주 여행,377,주상,NNG
경주 여행,377,절리,NNG
경주 여행,377,파도,NNG
경주 여행,377,소리,NNG
경주 여행,377,드디어,MAG
경주 여행,377,시작,NNG
경주 여행,377,대한,VV+ETM
경주 여행,377,때문,NNB
경주 여행,377,을까,EC
경주 여행,377,오랫만,NNG
경주 여행,377,밤잠,NNG
경주 여행,377,설치,VV
경주 여행,377,다가,EC
경주 여행,377,시계,NNG
경주 여행,377,조금,MAG
경주 여행,377,시간,NNG
경주 여행,378,FeRed,SL
경주 여행,378,Conundrum,SL
경주 여행,378,of,SL
경주 여행,378,Life,SL
경주 여행,378,불국사,NNP
경주 여행,378,황남빵,NNP
경주 여행,378,교리,NNG
경주 여행,378,김밥,NNG
경주 여행,378,내소,NNG
경주 여행,378,Theme,SL
경주 여행,378,불국사,NNP
경주 여행,378,황남빵,NNP
경주 여행,378,교리,NNG
경주 여행,378,김밥,NNG
경주 여행,378,산내,NNG
경주 여행,378,소고기,NNG
경주 여행,378,울산,NNP
경주 여행,378,Comments,SL
경주 여행,378,후배,NNG
경주 여행,378,녀석,NNB
경주 여행,378,같이,MAG
경주 여행,378,울산,NNP
경주 여행,378,불국사,NNG
경주 여행,378,에서,JKB
경주 여행,378,천마총,NNG
경주 여행,378,에서,JKB
경주 여행,378,첨성대,NNG
경주 여행,378,으로,JKB
경주 여행,378,내려오,VV
경주 여행,378,다가,EC
경주 여행,378,나무,NNG
경주 여행,378,그늘,NNG
경주 여행,378,내부,NNG
경주 여행,378,전경,NNG
경주 여행,379,알라딘,NNP
경주 여행,379,100,SN
경주 여행,379,자평,NNG
경주 여행,379,일상,NNG
경주 여행,379,고고학,NNG
경주 여행,379,혼자,MAG
경주 여행,379,개정,NNG
경주 여행,379,증보판,NNG
경주 여행,379,일상,NNG
경주 여행,379,고고학,NNG
경주 여행,379,시리즈,NNG
경주 여행,379,황윤,NNG
경주 여행,379,지음,NNG
경주 여행,379,고양이,NNG
경주 여행,379,2020,SN
경주 여행,379,10,SN
경주 여행,379,평점,NNG
경주 여행,379,어려서,VA+EC
경주 여행,379,그냥,MAG
경주 여행,379,학교,NNG
경주 여행,379,에서,JKB
경주 여행,379,지금,MAG
경주 여행,379,커서,VV+EC
경주 여행,379,공부,NNG
경주 여행,379,다른,MM
경주 여행,379,느낌,NNG
경주 여행,379,습니다,EF
경주 여행,379,가보세요,NNG
경주 여행,380,알라딘,NNP
경주 여행,380,100,SN
경주 여행,380,자평,NNG
경주 여행,380,일상,NNG
경주 여행,380,고고학,NNG
경주 여행,380,혼자,MAG
경주 여행,380,혼자,NNG
경주 여행,380,개정,NNG
경주 여행,380,증보판,NNG
경주 여행,380,일상,NNG
경주 여행,380,고고학,NNG
경주 여행,380,시리즈,NNG
경주 여행,380,황윤,NNG
경주 여행,380,지음,NNG
경주 여행,380,고양이,NNG
경주 여행,380,2020,SN
경주 여행,380,10,SN
경주 여행,380,평점,NNG
경주 여행,380,이야기,NNG
경주 여행,380,봐도,VV+EC
경주 여행,380,봐도,VX+EC
경주 여행,380,들어도,VV+EC
경주 여행,380,들어도,VV+EC
경주 여행,380,재미있,VA
경주 여행,380,습니다,EF
경주 여행,380,작가,NNG
경주 여행,380,혼자,NNG
경주 여행,380,기대,NNG
경주 여행,380,봅니다,VX+EC
경주 여행,381,매화꽃,NNG
경주 여행,381,산수유,NNG
경주 여행,381,예쁜,VA+ETM
경주 여행,381,간다,VV+EC
경주 여행,381,날씨,NNG
경주 여행,381,따뜻,XR
경주 여행,381,바람,NNG
경주 여행,381,많이,MAG
경주 여행,381,햇살,NNG
경주 여행,381,따뜻,XR
경주 여행,381,점심,NNG
경주 여행,381,궁금,XR
경주 여행,381,했었,VX+EP
경주 여행,381,황룡,NNG
경주 여행,381,돌아봤,VV+EP
경주 여행,381,동국,NNG
경주 여행,381,재단,NNG
경주 여행,381,에서,JKB
경주 여행,381,운영,NNG
경주 여행,381,연수원,NNG
경주 여행,381,인데,VCP+EC
경주 여행,381,웅장,XR
경주 여행,381,꾸며져,VV+EC+VX+EC
경주 여행,382,맷돌,NNG
경주 여행,382,순부,NNG
경주 여행,382,옆집,NNG
경주 여행,382,정화,NNG
경주 여행,382,송이,NNG
경주 여행,382,순두부,NNG
경주 여행,382,맛집,NNG
경주 여행,382,옆집,NNG
경주 여행,382,아니,VCN
경주 여행,382,라도,EC
경주 여행,382,가격,NNG
경주 여행,382,비싸,VA
경주 여행,382,니까,EC
경주 여행,382,기본,NNG
경주 여행,382,반찬,NNG
경주 여행,382,생선,NNG
경주 여행,382,구이,NNG
경주 여행,382,나와서,VV+EC
경주 여행,382,후배,NNG
경주 여행,382,맛있,VA
경주 여행,382,섬세,XR
경주 여행,382,발라,VV+EC
경주 여행,382,하얀,VA+ETM
경주 여행,382,순두부,NNG
경주 여행,382,다니,EC
경주 여행,382,순두부,NNG
경주 여행,382,처음,MAG
경주 여행,382,본다,VV+EC
경주 여행,382,파전,NNG
경주 여행,382,하나,NR
경주 여행,382,주문,NNG
경주 여행,382,새송이,NNP
경주 여행,382,탁주,NNG
경주 여행,382,주문,NNG
경주 여행,382,낮술,NNG
경주 여행,383,남산,NNP
경주 여행,383,칠불암,NNG
경주 여행,383,케이트,NNP
경주 여행,383,입니다,VCP+EF
경주 여행,383,진입,NNG
경주 여행,383,읍니다,EC
경주 여행,383,서라벌,NNP
경주 여행,383,휴게소,NNG
경주 여행,383,입니다,VCP+EF
경주 여행,383,통일전,NNP
경주 여행,383,주차장,NNG
경주 여행,383,주차,NNG
경주 여행,383,아니하,VX
경주 여행,383,염불,NNG
경주 여행,383,사지,NNG
경주 여행,383,삼층석탑,NNP
경주 여행,383,주차,NNG
경주 여행,383,여기,NP
경주 여행,383,일찍,MAG
경주 여행,383,도착,NNG
경주 여행,383,여야,EC
경주 여행,383,주차,NNG
경주 여행,383,아침,NNG
경주 여행,384,국내,NNG
경주 여행,384,사진,NNG
경주 여행,384,국내,NNG
경주 여행,384,테마,NNG
경주 여행,384,Theodor,SL
경주 여행,384,2017,SN
경주 여행,384,18,SN
경주 여행,384,08,SN
경주 여행,384,11,SN
경주 여행,384,벚꽃,NNG
경주 여행,384,거의,MAG
경주 여행,384,떨어지,VV
경주 여행,384,시기,NNG
경주 여행,384,아쉬움,NNG
경주 여행,384,대능원,NNP
경주 여행,384,출입문,NNG
경주 여행,384,능원,NNG
경주 여행,384,소나무,NNG
경주 여행,384,천마총,NNG
경주 여행,384,안압지,NNP
경주 여행,384,분황사,NNG
경주 여행,384,모전,NNG
경주 여행,384,석탑,NNG
경주 여행,384,원래,NNG
경주 여행,385,알라딘,NNP
경주 여행,385,100,SN
경주 여행,385,자평,NNG
경주 여행,385,일상,NNG
경주 여행,385,고고학,NNG
경주 여행,385,혼자,MAG
경주 여행,385,일상,NNG
경주 여행,385,고고학,NNG
경주 여행,385,혼자,MAG
경주 여행,385,개정,NNG
경주 여행,385,증보판,NNG
경주 여행,385,일상,NNG
경주 여행,385,고고학,NNG
경주 여행,385,시리즈,NNG
경주 여행,385,황윤,NNG
경주 여행,385,지음,NNG
경주 여행,385,고양이,NNG
경주 여행,385,2020,SN
경주 여행,385,10,SN
경주 여행,385,평점,NNG
경주 여행,385,이런,MM
경주 여행,385,너무,MAG
경주 여행,385,아함,IC+ETN
경주 여행,385,더구나,MAJ
경주 여행,385,라서,VCP+EC
경주 여행,385,너무,MAG
경주 여행,385,마음,NNG
경주 여행,385,중학교,NNG
경주 여행,385,수학,NNG
경주 여행,385,으로,JKB
경주 여행,386,힐튼,NNP
경주 여행,386,호텔,NNG
경주 여행,386,한국,NNP
경주 여행,386,서울,NNP
경주 여행,386,호텔,NNG
경주 여행,386,체인,NNG
경주 여행,386,이상,NNG
경주 여행,386,두산,NNP
경주 여행,386,참고,NNG
경주 여행,386,미국,NNP
경주 여행,386,저명,XR
경주 여행,386,모델,NNG
경주 여행,386,철저히,MAG
경주 여행,386,손님,NNG
경주 여행,386,배려,NNG
경주 여행,386,호텔,NNG
경주 여행,386,그래서,MAJ
경주 여행,386,즐거울,VA+ETM
경주 여행,386,밖에,JX
경주 여행,387,토함산,NNP
경주 여행,387,단풍,NNG
경주 여행,387,터널,NNG
경주 여행,387,자연,NNG
경주 여행,387,그려,VV+EC
경주 여행,387,수채화,NNG
경주 여행,387,17,SN
경주 여행,387,11,SN
경주 여행,387,17,SN
경주 여행,387,떠나,VV
경주 여행,387,단풍,NNG
경주 여행,387,그윽,XR
경주 여행,387,숲길,NNG
경주 여행,387,느긋이,MAG
경주 여행,387,불국사,NNP
경주 여행,387,석굴암,NNG
경주 여행,387,토함산,NNP
경주 여행,387,숲길,NNG
경주 여행,387,월산,NNG
경주 여행,387,고갯길,NNG
경주 여행,387,굳이,MAG
경주 여행,387,신라,NNP
경주 여행,387,역사,NNG
경주 여행,387,몰라도,VV+EC
경주 여행,387,시내,NNG
경주 여행,388,배롱나무,NNG
경주 여행,388,첨성대,NNG
경주 여행,388,야경,NNG
경주 여행,388,16,SN
경주 여행,388,18,SN
경주 여행,388,수학,NNG
경주 여행,388,다녀오,VV
경주 여행,388,사람,NNG
경주 여행,388,심지어,MAG
경주 여행,388,자녀,NNG
경주 여행,388,역사,NNG
경주 여행,388,유적,NNG
경주 여행,388,답사,NNG
경주 여행,388,동행,NNG
경주 여행,388,해서,XSV+EC
경주 여행,388,이런,MM
경주 여행,388,아무리,MAG
경주 여행,388,생각,NNG
경주 여행,388,해봐도,XSV+EC+VX+EC
경주 여행,388,국내,NNG
경주 여행,388,에선,JKB+JX
경주 여행,388,특징,NNG
경주 여행,388,하나,NR
경주 여행,388,평온,NNG
경주 여행,388,자연,NNG
경주 여행,389,황리,NNG
경주 여행,389,카페,NNG
경주 여행,389,카페,NNG
경주 여행,389,카페,NNG
경주 여행,389,황리,NNG
경주 여행,389,메인,VV+ETM
경주 여행,389,거리,NNG
경주 여행,389,위치,NNG
경주 여행,389,어서,EC
경주 여행,389,거리,NNG
경주 여행,389,둘러보,VV
경주 여행,389,뚜벅,MAG
경주 여행,389,입니다,VCP+EF
경주 여행,389,인테리어,NNG
경주 여행,389,예쁘,VA
경주 여행,389,어서,EC
경주 여행,389,더욱,MAG
경주 여행,389,눈길,NNG
경주 여행,389,카페,NNG
경주 여행,389,입니다,VCP+EF
경주 여행,389,황리,NNG
경주 여행,389,카페,NNG
경주 여행,389,카페,NNG
경주 여행,389,날씨,NNG
경주 여행,390,경북,NNP
경주 여행,390,국밥,NNG
경주 여행,390,맛집,NNG
경주 여행,390,수백,NR
경주 여행,390,보문,NNG
경주 여행,390,com,SL
경주 여행,390,633,SN
경주 여행,390,경북,NNP
경주 여행,390,교촌,NNP
경주 여행,390,마을,NNG
경주 여행,390,교촌,NNG
경주 여행,390,보관,NNG
경주 여행,390,아이,NNG
경주 여행,390,가족,NNG
경주 여행,390,2024,SN
경주 여행,390,31,SN
경주 여행,390,가족,NNG
경주 여행,390,함께,MAG
경주 여행,390,기록,NNG
경주 여행,390,오늘,NNG
경주 여행,390,가족,NNG
경주 여행,390,모임,NNG
경주 여행,390,어서,EC
경주 여행,390,경북,NNP
경주 여행,390,어요,EF
경주 여행,391,불국사역,NNP
경주 여행,391,에서,JKB
경주 여행,391,동대구,NNG
경주 여행,391,까지,JX
경주 여행,391,기차,NNG
경주 여행,391,무궁화호,NNP
경주 여행,391,시간,NNG
경주 여행,391,시외,NNG
경주 여행,391,고속,NNG
경주 여행,391,버스,NNG
경주 여행,391,터미널,NNG
경주 여행,391,모두,MAG
경주 여행,391,거리,NNG
경주 여행,391,어서,EC
경주 여행,391,어디,NP
경주 여행,391,따라,VV+EC
경주 여행,391,대중,NNG
경주 여행,391,교통,NNG
경주 여행,391,종류,NNG
경주 여행,391,달라지,VV
경주 여행,391,는데,EC
경주 여행,391,서울,NNP
경주 여행,391,이나,JC
경주 여행,391,대전,NNP
경주 여행,391,까지,JX
경주 여행,391,시간,NNBC
경주 여행,391,이상,NNG
경주 여행,391,걸리,VV
경주 여행,391,코스,NNG
경주 여행,391,라고,VCP+EC
경주 여행,392,파란,VA+ETM
경주 여행,392,하늘,NNG
경주 여행,392,구름,NNG
경주 여행,392,동동,MAG
경주 여행,392,아름다운,VA+ETM
경주 여행,392,신나,VV
경주 여행,392,고속도로,NNP
경주 여행,392,달려,VV+EC
경주 여행,392,간다,VV+EC
경주 여행,392,오늘,NNG
경주 여행,392,힐링,NNG
경주 여행,392,산송,NNG
경주 여행,392,한우구,NNP
경주 여행,392,언양,NNP
경주 여행,392,불고기,NNG
경주 여행,392,더덕구이,NNG
경주 여행,392,자알,MAG
경주 여행,392,이랑,JC
경주 여행,392,라떼,NNG
경주 여행,392,한잔,NNG
경주 여행,392,노천온천,NNP
경주 여행,392,으로,JKB
경주 여행,392,간다,VV+EC
경주 여행,392,파란,VA+ETM
경주 여행,392,하늘,NNG
경주 여행,393,알라딘,NNP
경주 여행,393,100,SN
경주 여행,393,자평,NNG
경주 여행,393,일상,NNG
경주 여행,393,고고학,NNG
경주 여행,393,혼자,MAG
경주 여행,393,2020,SN
경주 여행,393,10,SN
경주 여행,393,평점,NNG
경주 여행,393,매년,MAG
경주 여행,393,가을,NNG
경주 여행,393,꿈꾸,VV
경주 여행,393,지만,EC
경주 여행,393,아직,MAG
경주 여행,393,실천,NNG
경주 여행,393,사람,NNG
경주 여행,393,입니다,VCP+EF
경주 여행,393,알차,VA
경주 여행,393,느낄,VV+ETM
경주 여행,393,기대,NNG
경주 여행,393,열심히,MAG
경주 여행,393,습니다,EF
경주 여행,394,알라딘,NNP
경주 여행,394,100,SN
경주 여행,394,자평,NNG
경주 여행,394,일상,NNG
경주 여행,394,고고학,NNG
경주 여행,394,혼자,MAG
경주 여행,394,지음,NNG
경주 여행,394,고양이,NNG
경주 여행,394,2020,SN
경주 여행,394,10,SN
경주 여행,394,평점,NNG
경주 여행,394,정말,MAG
경주 여행,394,도시,NNG
경주 여행,394,입니다,VCP+EF
경주 여행,394,시간,NNG
경주 여행,394,기분,NNG
경주 여행,394,어서,EC
경주 여행,394,행복,NNG
경주 여행,394,거든요,EF
경주 여행,394,코로나,NNP
경주 여행,394,때문,NNB
경주 여행,394,버렸,VX+EP
경주 여행,394,네요,EF
경주 여행,394,으로,JKB
경주 여행,394,혼자,MAG
경주 여행,394,네요,EC
경주 여행,395,알라딘,NNP
경주 여행,395,100,SN
경주 여행,395,자평,NNG
경주 여행,395,일상,NNG
경주 여행,395,고고학,NNG
경주 여행,395,혼자,MAG
경주 여행,395,일상,NNG
경주 여행,395,고고학,NNG
경주 여행,395,혼자,MAG
경주 여행,395,개정,NNG
경주 여행,395,증보판,NNG
경주 여행,395,일상,NNG
경주 여행,395,고고학,NNG
경주 여행,395,시리즈,NNG
경주 여행,395,황윤,NNG
경주 여행,395,지음,NNG
경주 여행,395,고양이,NNG
경주 여행,395,2020,SN
경주 여행,395,10,SN
경주 여행,395,평점,NNG
경주 여행,395,수학,NNG
경주 여행,395,이후,NNG
경주 여행,395,못했,VX+EP
경주 여행,395,대해,VV+EC
경주 여행,395,다시,MAG
경주 여행,395,생각,NNG
경주 여행,395,네요,EC
경주 여행,396,나정,NNG
경주 여행,396,맛집,NNG
경주 여행,396,나정,NNG
경주 여행,396,라면,NNG
경주 여행,396,맛집,NNG
경주 여행,396,에도,NNP
경주 여행,396,바다,NNG
경주 여행,396,나정,NNG
경주 여행,396,스토리,NNG
경주 여행,396,올려,VV+EC
경주 여행,396,드릴께요,VX+EF
경주 여행,396,에도,NNP
경주 여행,396,바다,NNG
경주 여행,396,다는,ETM
경주 여행,396,사실,NNG
경주 여행,396,아시나,NNP
경주 여행,396,정하,VV
경주 여행,396,면서,EC
경주 여행,396,바다,NNG
경주 여행,396,남편,NNG
경주 여행,396,역사,NNG
경주 여행,396,좋아해서,VV+EC
경주 여행,396,유적지,NNG
경주 여행,396,어요,EF
경주 여행,396,그러,VV
경주 여행,397,가을,NNG
경주 여행,397,도착,NNG
경주 여행,397,오늘,NNG
경주 여행,397,작년,NNG
경주 여행,397,여름,NNG
경주 여행,397,코스,NNG
경주 여행,397,서출지,NNG
경주 여행,397,통일전,NNP
경주 여행,397,그리고,MAJ
경주 여행,397,산림,NNG
경주 여행,397,연구원,NNG
경주 여행,397,둘러보,VV
경주 여행,397,핑크,NNG
경주 여행,397,예쁜,VA+ETM
경주 여행,397,첨성대,NNG
경주 여행,397,주변,NNG
경주 여행,397,황리,NNG
경주 여행,397,구경,NNG
경주 여행,397,헉헉,MAG
경주 여행,397,점심,NNG
경주 여행,397,커피,NNG
경주 여행,397,면서,EC
경주 여행,397,돌린다,VV+EC
경주 여행,397,조금,NNG
경주 여행,397,가을,NNG
경주 여행,397,찾아오,VV
경주 여행,398,알라딘,NNP
경주 여행,398,100,SN
경주 여행,398,자평,NNG
경주 여행,398,일상,NNG
경주 여행,398,고고학,NNG
경주 여행,398,혼자,MAG
경주 여행,398,일상,NNG
경주 여행,398,고고학,NNG
경주 여행,398,혼자,MAG
경주 여행,398,개정,NNG
경주 여행,398,증보판,NNG
경주 여행,398,일상,NNG
경주 여행,398,고고학,NNG
경주 여행,398,시리즈,NNG
경주 여행,398,황윤,NNG
경주 여행,398,지음,NNG
경주 여행,398,고양이,NNG
경주 여행,398,2020,SN
경주 여행,398,10,SN
경주 여행,398,평점,NNG
경주 여행,398,지만,EC
경주 여행,398,제대로,MAG
경주 여행,398,구경,NNG
경주 여행,398,네요,EF
경주 여행,398,코로나,NNP
경주 여행,399,알라딘,NNP
경주 여행,399,100,SN
경주 여행,399,자평,NNG
경주 여행,399,일상,NNG
경주 여행,399,고고학,NNG
경주 여행,399,혼자,MAG
경주 여행,399,앞서,MAG
경주 여행,399,출간,NNG
경주 여행,399,일상,NNG
경주 여행,399,고고학,NNG
경주 여행,399,혼자,NNG
경주 여행,399,백제,NNG
경주 여행,399,이어,MAG
경주 여행,399,이번,NNG
경주 여행,399,입니다,VCP+EF
경주 여행,399,전작,NNG
경주 여행,399,백제,NNG
경주 여행,399,만족,NNG
경주 여행,399,스러웠,XSA+EP
경주 여행,399,라면,EC
경주 여행,399,이번,NNG
경주 여행,399,무조건,MAG
경주 여행,399,탑승,NNG
경주 여행,399,바랍니다,VV+EC
경주 여행,400,알라딘,NNP
경주 여행,400,100,SN
경주 여행,400,자평,NNG
경주 여행,400,일상,NNG
경주 여행,400,고고학,NNG
경주 여행,400,혼자,MAG
경주 여행,400,일상,NNG
경주 여행,400,고고학,NNG
경주 여행,400,혼자,MAG
경주 여행,400,개정,NNG
경주 여행,400,증보판,NNG
경주 여행,400,일상,NNG
경주 여행,400,고고학,NNG
경주 여행,400,시리즈,NNG
경주 여행,400,황윤,NNG
경주 여행,400,지음,NNG
경주 여행,400,고양이,NNG
경주 여행,400,2020,SN
경주 여행,400,10,SN
경주 여행,400,평점,NNG
경주 여행,400,수학,NNG
경주 여행,400,역사,NNG
경주 여행,400,의미,NNG
경주 여행,400,모르,VV
경주 여행,400,지나쳤,VV+EP
경주 여행,400,지만,EC
경주 여행,400,이제,NNG
경주 여행,400,풍경,NNG
경주 여행,400,하나,NR
경주 여행,400,하나,NR
경주 여행,400,에서,JKB
경주 여행,401,경북,NNP
경주 여행,401,불국사,NNG
경주 여행,401,단아,XR
경주 여행,401,정숙,XR
경주 여행,401,묻어나,VV
경주 여행,401,겹벚꽃,NNG
경주 여행,401,벚꽃,NNG
경주 여행,401,벚꽃,NNG
경주 여행,401,즐기,VV
경주 여행,401,고수,NNG
경주 여행,401,라면,VCP+EC
경주 여행,401,서둘러,VV+EC
경주 여행,401,티켓,NNG
경주 여행,401,예약,NNG
경주 여행,401,다시,MAG
경주 여행,401,들썩이,VV
경주 여행,401,지역,NNG
경주 여행,401,벚꽃,NNG
경주 여행,401,거의,MAG
경주 여행,401,떨어지,VV
경주 여행,401,불국사,NNG
경주 여행,401,겹벚꽃,NNG
경주 여행,401,으로,JKB
경주 여행,401,유명,XR
경주 여행,401,불국사,NNP
경주 여행,401,입구,NNG
경주 여행,402,경북,NNP
경주 여행,402,하얀,VA+ETM
경주 여행,402,목련,NNG
경주 여행,402,대릉원,NNG
경주 여행,402,목련,NNG
경주 여행,402,풍경,NNG
경주 여행,402,최근,NNG
경주 여행,402,빼놓,VV
경주 여행,402,코스,NNG
경주 여행,402,다름,VA+ETN
경주 여행,402,아닌,VCN+ETM
경주 여행,402,야경,NNG
경주 여행,402,둘러보,VV
경주 여행,402,연인,NNG
경주 여행,402,함께,MAG
경주 여행,402,떠나,VV
경주 여행,402,당신,NP
경주 여행,402,위한,VV+ETM
경주 여행,402,야경,NNG
경주 여행,402,투어,NNG
경주 여행,402,코스,NNG
경주 여행,402,소개,NNG
경주 여행,402,한다,XSV+EC
경주 여행,402,준비,NNG
경주 여행,403,보문,NNG
경주 여행,403,단지,MAG
경주 여행,403,벚꽃,NNG
경주 여행,403,보문호,NNP
경주 여행,403,반길,VV+ETM
경주 여행,403,화사,XR
경주 여행,403,선사,NNG
경주 여행,403,17,SN
경주 여행,403,최적,NNG
경주 여행,403,지이,NNG
경주 여행,403,도로,NNG
경주 여행,403,꽃길,NNG
경주 여행,403,이른,VA+ETM
경주 여행,403,시각,NNG
경주 여행,403,와야,VV+EC
경주 여행,403,제대로,MAG
경주 여행,403,힐링,NNG
경주 여행,403,만개,NNG
경주 여행,403,아름다운,VA+ETM
경주 여행,403,경관,NNG
경주 여행,403,이루,VV
경주 여행,403,보문,NNG
경주 여행,403,단지,NNG
경주 여행,403,시가지,NNG
경주 여행,403,에서,JKB
경주 여행,403,동쪽,NNG
경주 여행,403,으로,JKB
경주 여행,403,10,SN
경주 여행,403,정도,NNG
경주 여행,403,떨어진,VV+ETM
경주 여행,403,활산,NNP
경주 여행,403,성터,NNG
경주 여행,404,경북,NNP
경주 여행,404,다리,NNG
경주 여행,404,정교,NNG
경주 여행,404,18,SN
경주 여행,404,21,SN
경주 여행,404,잠시,MAG
경주 여행,404,교촌,NNG
경주 여행,404,마을,NNG
경주 여행,404,도착,NNG
경주 여행,404,행사,NNG
경주 여행,404,잠시,MAG
경주 여행,404,간다,VX+EC
경주 여행,404,최근,NNG
경주 여행,404,빼놓,VV
경주 여행,404,연인,NNG
경주 여행,404,함께,MAG
경주 여행,404,떠나,VV
경주 여행,404,당신,NP
경주 여행,404,위한,VV+ETM
경주 여행,404,야경,NNG
경주 여행,404,투어,NNG
경주 여행,404,코스,NNG
경주 여행,404,소개,NNG
경주 여행,404,한다,XSV+EC
경주 여행,404,준비,NNG
경주 여행,405,설레임,VV+ETN
경주 여행,405,패밀리,NNG
경주 여행,405,일상,NNG
경주 여행,405,오늘,NNG
경주 여행,405,목적지,NNG
경주 여행,405,회사,NNG
경주 여행,405,제휴,NNG
경주 여행,405,숙소,NNG
경주 여행,405,저렴,XR
경주 여행,405,예약,NNG
경주 여행,405,나선다,VV+EC
경주 여행,405,도착,NNG
경주 여행,405,자마자,EC
경주 여행,405,고파서,VA+EC
경주 여행,405,우리,NP
경주 여행,405,가족,NNG
경주 여행,405,국수집,NNG
경주 여행,405,본다,VV+EC
경주 여행,405,와이프,NNG
경주 여행,405,검색,NNG
경주 여행,405,해서,XSV+EC
경주 여행,405,찾아간,VV+ETM
경주 여행,405,갈비,NNG
경주 여행,405,국수,NNG
경주 여행,406,14,SN
경주 여행,406,개월,NNBC
경주 여행,406,아기,NNG
경주 여행,406,후기,NNG
경주 여행,406,정글,NNG
경주 여행,406,법칙,NNG
경주 여행,406,미디어,NNG
경주 여행,406,파크,NNG
경주 여행,406,버드,NNP
경주 여행,406,파크,NNG
경주 여행,406,그래도,VV+EC
경주 여행,406,일정,NNG
경주 여행,406,온다면,VV+EC
경주 여행,406,다녀오,VV
경주 여행,406,버드,NNP
경주 여행,406,파크,NNG
경주 여행,406,위치,NNG
경주 여행,406,경북,NNP
경주 여행,406,보문,NNG
경주 여행,406,74,SN
경주 여행,406,14,SN
경주 여행,406,북군동,NNP
경주 여행,406,185,SN
경주 여행,406,전화,NNG
경주 여행,406,054,SN
경주 여행,406,777,SN
경주 여행,406,7200,SN
경주 여행,406,운영,NNG
경주 여행,406,시간,NNG
경주 여행,406,10,SN
경주 여행,406,00,SN
경주 여행,406,19,SN
경주 여행,406,00,SN
경주 여행,406,입장료,NNG
경주 여행,406,대인,NNG
경주 여행,406,20,SN
경주 여행,406,000,SN
경주 여행,406,소인,NNG
경주 여행,406,15,SN
경주 여행,406,000,SN
경주 여행,407,에서,JKB
경주 여행,407,사람,NNG
경주 여행,407,지나치,VV
경주 여행,407,몇몇,MM
경주 여행,407,지인,NNG
경주 여행,407,경험,NNG
경주 여행,407,생각,NNG
경주 여행,407,에서,JKB
경주 여행,407,주목,NNG
경주 여행,407,장소,NNG
경주 여행,407,정리,NNG
경주 여행,407,고즈넉,XR
경주 여행,407,산사,NNG
경주 여행,407,옥천사,NNG
경주 여행,407,수학,NNG
경주 여행,407,성지,NNG
경주 여행,407,역사,NNG
경주 여행,407,탐방,NNG
경주 여행,407,중심지,NNG
경주 여행,407,알려져,VV+EC+VX+EC
경주 여행,407,지만,EC
경주 여행,407,주변,NNG
경주 여행,407,으로,JKB
경주 여행,408,세계,NNG
경주 여행,408,문화유산,NNG
경주 여행,408,양동,NNP
경주 여행,408,마을,NNG
경주 여행,408,18,SN
경주 여행,408,29,SN
경주 여행,408,시간,NNG
경주 여행,408,떠나,VV
경주 여행,408,다면,EC
경주 여행,408,조상,NNG
경주 여행,408,모습,NNG
경주 여행,408,고스란히,MAG
경주 여행,408,간직,NNG
경주 여행,408,수백,NR
경주 여행,408,숨결,NNG
경주 여행,408,양동,NNP
경주 여행,408,마을,NNG
경주 여행,408,제격,NNG
경주 여행,408,아닐까,VCN+EC
경주 여행,408,경상북도,NNP
경주 여행,408,강동면,NNP
경주 여행,408,양동,NNP
경주 여행,408,마을,NNG
경주 여행,408,138,SN
경주 여행,408,18,SN
경주 여행,408,지번,NNG
경주 여행,408,경상북도,NNP
경주 여행,408,강동면,NNP
경주 여행,409,울산,NNP
경주 여행,409,Part,SL
경주 여행,409,동궁,NNG
경주 여행,409,월지,NNG
경주 여행,409,누리,NNG
경주 여행,409,정원,NNG
경주 여행,409,성호,NNG
경주 여행,409,리조트,NNG
경주 여행,409,장생포,NNG
경주 여행,409,고래,NNG
경주 여행,409,문화,NNG
경주 여행,409,특구,NNP
경주 여행,409,라는,VCP+ETM
경주 여행,409,이름,NNG
경주 여행,409,으로,JKB
경주 여행,409,고래,NNG
경주 여행,409,주제,NNG
경주 여행,409,다채,XR
경주 여행,409,로운,XSA+ETM
경주 여행,409,관광지,NNG
경주 여행,409,형성,NNG
경주 여행,409,는데,EC
경주 여행,409,사실,MAG
경주 여행,409,고래,MAG
경주 여행,409,박물관,NNG
경주 여행,409,이나,JC
경주 여행,409,생태,NNG
경주 여행,409,jinstistory,SL
경주 여행,409,tistory,SL
경주 여행,409,com,SL
경주 여행,409,2023,SN
경주 여행,409,08,SN
경주 여행,409,16,SN
경주 여행,409,국내,NNG
경주 여행,409,울산,NNP
경주 여행,409,Part,SL
경주 여행,410,출장,NNG
경주 여행,410,깨끗,XR
경주 여행,410,조식,NNG
경주 여행,410,제공,NNG
경주 여행,410,에이치,NNG
경주 여행,410,비뉴,NNG
경주 여행,410,호텔,NNG
경주 여행,410,불국사,NNP
경주 여행,410,까지,JX
경주 여행,410,도보,NNG
경주 여행,410,15,SN
경주 여행,410,거리,NNG
경주 여행,410,어서,EC
경주 여행,410,피로,NNG
경주 여행,410,조금,NNG
경주 여행,410,이나마,JX
경주 여행,410,습니다,EF
경주 여행,410,아침,NNG
경주 여행,410,일찍,MAG
경주 여행,410,불국사,NNG
경주 여행,410,방문,NNG
경주 여행,410,한적,XR
경주 여행,410,고요,NNG
경주 여행,410,분위기,NNG
경주 여행,410,에서,JKB
경주 여행,410,산책,NNG
경주 여행,410,즐기,VV
경주 여행,410,최적,NNG
경주 여행,410,위치,NNG
경주 여행,410,습니다,EF
경주 여행,410,스테이,NNG
경주 여행,411,루비,NNG
경주 여행,411,정원,NNG
경주 여행,411,연휴,NNG
경주 여행,411,에서,JKB
경주 여행,411,시작,NNG
경주 여행,411,세요,EP+EF
경주 여행,411,신청,NNG
경주 여행,411,센터,NNG
경주 여행,411,광활,XR
경주 여행,411,부지,NNG
경주 여행,411,자리,NNG
경주 여행,411,역사,NNG
경주 여행,411,마당,NNG
경주 여행,411,엄청나,VA
경주 여행,411,너른,VA+ETM
경주 여행,411,연휴,NNG
경주 여행,411,계획,NNG
경주 여행,411,계신,VX+ETM
경주 여행,411,KTX,SL
경주 여행,411,이용,NNG
경주 여행,411,어떠,XR
경주 여행,411,신지,JKS+EP+EC
경주 여행,411,Copyright,SL
경주 여행,411,2011,SN
경주 여행,411,루비,NNG
경주 여행,411,All,SL
경주 여행,411,pictures,SL
경주 여행,412,알라딘,NNP
경주 여행,412,100,SN
경주 여행,412,자평,NNG
경주 여행,412,일상,NNG
경주 여행,412,고고학,NNG
경주 여행,412,혼자,MAG
경주 여행,412,일상,NNG
경주 여행,412,고고학,NNG
경주 여행,412,혼자,MAG
경주 여행,412,개정,NNG
경주 여행,412,증보판,NNG
경주 여행,412,일상,NNG
경주 여행,412,고고학,NNG
경주 여행,412,시리즈,NNG
경주 여행,412,황윤,NNG
경주 여행,412,지음,NNG
경주 여행,412,고양이,NNG
경주 여행,412,2020,SN
경주 여행,412,10,SN
경주 여행,412,평점,NNG
경주 여행,412,역사,NNG
경주 여행,412,사랑,NNG
경주 여행,412,사람,NNG
경주 여행,412,으로,JKB
경주 여행,412,바라본,VV+ETM
경주 여행,412,만큼,NNB
경주 여행,412,보이,VV
경주 여행,412,사랑,NNG
경주 여행,413,20200727,SN
경주 여행,413,08,SN
경주 여행,413,02,SN
경주 여행,413,20200728,SN
경주 여행,413,2020,SN
경주 여행,413,08,SN
경주 여행,413,02,SN
경주 여행,413,20200727,SN
경주 여행,413,2020,SN
경주 여행,413,08,SN
경주 여행,413,02,SN
경주 여행,413,평화,NNG
경주 여행,413,2020,SN
경주 여행,413,07,SN
경주 여행,413,13,SN
경주 여행,413,강릉,NNP
경주 여행,413,서나,NNG
경주 여행,413,2020,SN
경주 여행,413,07,SN
경주 여행,413,08,SN
경주 여행,413,강릉,NNP
경주 여행,413,2020,SN
경주 여행,413,07,SN
경주 여행,413,08,SN
경주 여행,414,한옥,NNG
경주 여행,414,숙소,NNG
경주 여행,414,소설,NNG
경주 여행,414,첨성,NNG
경주 여행,414,대점,NNG
경주 여행,414,비향,NNP
경주 여행,414,15,SN
경주 여행,414,한옥,NNG
경주 여행,414,숙소,NNG
경주 여행,414,이름,NNG
경주 여행,414,특이,XR
경주 여행,414,소설,NNG
경주 여행,414,첨성,NNG
경주 여행,414,대점,NNG
경주 여행,414,첨성대,NNG
경주 여행,414,진짜,MAG
경주 여행,414,가까워서,VA+EC
경주 여행,414,첨성,NNG
경주 여행,414,대점,NNG
경주 여행,414,이쁘,VA
경주 여행,414,이쁜,VA+ETM
경주 여행,414,한옥,NNG
경주 여행,414,소설,NNG
경주 여행,414,너무너무,MAG
경주 여행,414,너무,MAG
경주 여행,414,인기,NNG
경주 여행,414,라서,EC
경주 여행,414,주말,NNG
경주 여행,414,으려면,EC
경주 여행,415,알라딘,NNP
경주 여행,415,황금,NNG
경주 여행,415,호두,NNG
경주 여행,415,열리,VV
경주 여행,415,무웅,NNP
경주 여행,415,함께,MAG
경주 여행,415,떠나,VV
경주 여행,415,코스,NNG
경주 여행,415,인데,VCP+EC
경주 여행,415,새로운,VA+ETM
경주 여행,415,느낌,NNG
경주 여행,415,자꾸,MAG
경주 여행,415,새로운,VA+ETM
경주 여행,415,느낌,NNG
경주 여행,415,빠져,VV+EC
경주 여행,415,는데,EC
경주 여행,415,신라,NNP
경주 여행,415,에서,JKB
경주 여행,415,아이,NNG
경주 여행,415,함께,MAG
경주 여행,415,새롭,VA
경주 여행,415,다가왔,VV+EP
경주 여행,415,한참,MAG
경주 여행,415,티비,NNG
경주 여행,415,에서,JKB
경주 여행,416,까지,JX
경주 여행,416,이동은,NNP
경주 여행,416,기차,NNG
경주 여행,416,에서,JKB
경주 여행,416,자전거,NNG
경주 여행,416,도보,NNG
경주 여행,416,버스,NNG
경주 여행,416,투어,NNG
경주 여행,416,모두,MAG
경주 여행,416,가능,NNG
경주 여행,416,코스,NNG
경주 여행,416,시내,NNG
경주 여행,416,천마총,NNG
경주 여행,416,왕릉,NNG
경주 여행,416,첨성대,NNG
경주 여행,416,계림,NNG
경주 여행,416,포석정,NNP
경주 여행,416,안압지,NNP
경주 여행,417,알라딘,NNP
경주 여행,417,100,SN
경주 여행,417,자평,NNG
경주 여행,417,일상,NNG
경주 여행,417,고고학,NNG
경주 여행,417,혼자,MAG
경주 여행,417,일상,NNG
경주 여행,417,고고학,NNG
경주 여행,417,혼자,MAG
경주 여행,417,개정,NNG
경주 여행,417,증보판,NNG
경주 여행,417,일상,NNG
경주 여행,417,고고학,NNG
경주 여행,417,시리즈,NNG
경주 여행,417,황윤,NNG
경주 여행,417,지음,NNG
경주 여행,417,고양이,NNG
경주 여행,417,한참,MAG
경주 여행,417,는데,EC
경주 여행,417,오랜만,NNG
경주 여행,417,저자,NNG
경주 여행,417,함께,MAG
경주 여행,417,걸으며,VV+EC
경주 여행,417,역사,NNG
경주 여행,417,느낌,NNG
경주 여행,417,네요,EC
경주 여행,418,감포,NNP
경주 여행,418,대말,NNG
경주 여행,418,체험,NNG
경주 여행,418,전시관,NNG
경주 여행,418,위치,NNG
경주 여행,418,경북,NNP
경주 여행,418,척사,NNG
경주 여행,418,18,SN
경주 여행,418,94,SN
경주 여행,418,운영,NNG
경주 여행,418,시간,NNG
경주 여행,418,09,SN
경주 여행,418,00,SN
경주 여행,418,18,SN
경주 여행,418,00,SN
경주 여행,418,연중무휴,NNG
경주 여행,418,대표,NNG
경주 여행,418,전화,NNG
경주 여행,418,054,SN
경주 여행,418,744,SN
경주 여행,418,3233,SN
경주 여행,418,입장료,NNG
경주 여행,418,무료,NNG
경주 여행,418,대말,NNG
경주 여행,418,체험,NNG
경주 여행,418,아이,NNG
경주 여행,418,함께,MAG
경주 여행,418,점심,NNG
경주 여행,418,시간,NNG
경주 여행,418,12,SN
경주 여행,418,00,SN
경주 여행,418,13,SN
경주 여행,418,00,SN
경주 여행,418,운영,NNG
경주 여행,419,코스,NNG
경주 여행,419,읍천항,NNP
경주 여행,419,주상,NNG
경주 여행,419,절리,NNG
경주 여행,419,파도,NNG
경주 여행,419,소리,NNG
경주 여행,419,주상,NNG
경주 여행,419,절리,NNG
경주 여행,419,제주도,NNP
경주 여행,419,만큼,JKB
경주 여행,419,이나,JX
경주 여행,419,이쁜,VA+ETM
경주 여행,419,게다가,MAG
경주 여행,419,조용,XR
경주 여행,419,읍천항,NNP
경주 여행,419,코스,NNG
경주 여행,419,읍천항,NNP
경주 여행,419,자리,NNG
경주 여행,419,주상,NNG
경주 여행,419,절리,NNG
경주 여행,419,파도,NNG
경주 여행,419,소리,NNG
경주 여행,419,주차장,NNG
경주 여행,419,갖추,VV
경주 여행,419,따라,VV+EC
경주 여행,419,등대,NNG
경주 여행,419,까지,JX
경주 여행,420,안녕,IC
경주 여행,420,2014,SN
경주 여행,420,2014,SN
경주 여행,420,그냥,MAG
경주 여행,420,보내,VV
경주 여행,420,아쉬워서,VA+EC
경주 여행,420,기차,NNG
경주 여행,420,떠났,VV+EP
경주 여행,420,일전,NNG
경주 여행,420,크리스마스,NNG
경주 여행,420,오늘,NNG
경주 여행,420,안녕,NNG
경주 여행,420,2014,SN
경주 여행,420,이번,NNG
경주 여행,420,럭셔리,XR
경주 여행,420,컨셉,NNG
경주 여행,420,으로,JKB
경주 여행,420,호텔,NNG
경주 여행,420,에서,JKB
경주 여행,421,알라딘,NNP
경주 여행,421,서재,NNP
경주 여행,421,이야기,NNG
경주 여행,421,일상,NNG
경주 여행,421,고고학,NNG
경주 여행,421,혼자,MAG
경주 여행,421,무대,NNG
경주 여행,421,에세이,NNG
경주 여행,421,만날,VV+ETM
경주 여행,421,으로,JKB
경주 여행,421,에서,JKB
경주 여행,421,유명,XR
경주 여행,421,문화재,NNG
경주 여행,421,대한,VV+ETM
경주 여행,421,사전,NNG
경주 여행,421,지식,NNG
경주 여행,421,줄줄,MAG
경주 여행,421,얼마,NNG
경주 여행,421,든지,VCP+EC
경주 여행,421,재미있,VA
경주 여행,421,의미,NNG
경주 여행,422,교리,NNG
경주 여행,422,김밥,NNG
경주 여행,422,맛집,NNG
경주 여행,422,면서,EC
경주 여행,422,들린,VV+ETM
경주 여행,422,김밥,NNG
경주 여행,422,남산,NNG
경주 여행,422,등산,NNG
경주 여행,422,포함,NNG
경주 여행,422,해서,XSV+EC
경주 여행,422,당일,NNG
경주 여행,422,계획,NNG
경주 여행,422,다녀왔,VV+EP
경주 여행,422,습니다,EF
경주 여행,422,코스,NNG
경주 여행,422,에선,JKB+JX
경주 여행,422,여하튼,MAJ
경주 여행,422,처럼,JKB
경주 여행,422,정도,NNG
경주 여행,422,라는,ETM
경주 여행,422,생각,NNG
경주 여행,422,네요,EF
경주 여행,422,특히나,MAG
경주 여행,422,남산,NNG
경주 여행,423,놀부,NNG
경주 여행,423,보쌈,NNG
경주 여행,423,황오,NNP
경주 여행,423,배달,NNG
경주 여행,423,후기,NNG
경주 여행,423,숙소,NNG
경주 여행,423,황남,NNG
경주 여행,423,머물,VV
경주 여행,423,어요,EF
경주 여행,423,저녁,NNG
경주 여행,423,아이,NNG
경주 여행,423,지치,VV
경주 여행,423,배민,NNG
경주 여행,423,놀부,NNG
경주 여행,423,보쌈,NNG
경주 여행,423,검색,NNG
경주 여행,423,황오,NNP
경주 여행,423,에서,JKB
경주 여행,423,배달,NNG
경주 여행,423,가능,NNG
경주 여행,423,다고,EC
경주 여행,423,나오,VV
경주 여행,423,네요,EF
경주 여행,423,저희,NP
경주 여행,423,황남,NNG
경주 여행,423,머물,VV
경주 여행,423,때문,NNB
경주 여행,424,알라딘,NNP
경주 여행,424,100,SN
경주 여행,424,자평,NNG
경주 여행,424,일상,NNG
경주 여행,424,고고학,NNG
경주 여행,424,혼자,MAG
경주 여행,424,일상,NNG
경주 여행,424,고고학,NNG
경주 여행,424,혼자,MAG
경주 여행,424,개정,NNG
경주 여행,424,증보판,NNG
경주 여행,424,일상,NNG
경주 여행,424,고고학,NNG
경주 여행,424,시리즈,NNG
경주 여행,424,황윤,NNG
경주 여행,424,지음,NNG
경주 여행,424,고양이,NNG
경주 여행,424,주제,NNG
경주 여행,424,입니다,VCP+EF
경주 여행,424,수학,NNG
경주 여행,424,지로나,NNP
경주 여행,424,인기,VCP+EC
경주 여행,424,딱히,MAG
경주 여행,424,일반인,NNG
경주 여행,424,시간,NNG
경주 여행,424,굳이,MAG
경주 여행,425,알라딘,NNP
경주 여행,425,100,SN
경주 여행,425,자평,NNG
경주 여행,425,일상,NNG
경주 여행,425,고고학,NNG
경주 여행,425,혼자,MAG
경주 여행,425,일상,NNG
경주 여행,425,고고학,NNG
경주 여행,425,혼자,MAG
경주 여행,425,개정,NNG
경주 여행,425,증보판,NNG
경주 여행,425,일상,NNG
경주 여행,425,고고학,NNG
경주 여행,425,시리즈,NNG
경주 여행,425,황윤,NNG
경주 여행,425,지음,NNG
경주 여행,425,고양이,NNG
경주 여행,425,관한,VV+ETM
경주 여행,425,학습,NNG
경주 여행,425,만화,NNG
경주 여행,425,또한,MAJ
경주 여행,425,우리,NP
경주 여행,425,역사,NNG
경주 여행,425,궁금,XR
경주 여행,425,생각,NNG
경주 여행,425,습니다,EF
경주 여행,426,알라딘,NNP
경주 여행,426,100,SN
경주 여행,426,자평,NNG
경주 여행,426,일상,NNG
경주 여행,426,고고학,NNG
경주 여행,426,혼자,MAG
경주 여행,426,일상,NNG
경주 여행,426,고고학,NNG
경주 여행,426,혼자,MAG
경주 여행,426,모든,MM
경주 여행,426,박물관,NNG
경주 여행,426,즐거운,VA+ETM
경주 여행,426,경험,NNG
경주 여행,426,습니다,EF
경주 여행,426,어떤,MM
경주 여행,426,가이드,NNG
경주 여행,426,보다,JKB
경주 여행,426,든든,XR
경주 여행,426,길잡이,NNG
경주 여행,426,네요,EC
경주 여행,427,알라딘,NNP
경주 여행,427,100,SN
경주 여행,427,자평,NNG
경주 여행,427,일상,NNG
경주 여행,427,고고학,NNG
경주 여행,427,혼자,MAG
경주 여행,427,일상,NNG
경주 여행,427,고고학,NNG
경주 여행,427,혼자,MAG
경주 여행,427,개정,NNG
경주 여행,427,증보판,NNG
경주 여행,427,일상,NNG
경주 여행,427,시리즈,NNG
경주 여행,427,황윤,NNG
경주 여행,427,지음,NNG
경주 여행,427,고양이,NNG
경주 여행,427,2020,SN
경주 여행,427,10,SN
경주 여행,427,평점,NNG
경주 여행,427,학교,NNG
경주 여행,427,다닐,VV+ETM
경주 여행,427,수학,NNG
경주 여행,427,갔었,VV+EP
경주 여행,427,는데,EC
경주 여행,427,추억,NNG
경주 여행,427,장소라,NNP
경주 여행,427,다시,MAG
경주 여행,427,거든요,EF
경주 여행,428,알라딘,NNP
경주 여행,428,100,SN
경주 여행,428,자평,NNG
경주 여행,428,일상,NNG
경주 여행,428,고고학,NNG
경주 여행,428,혼자,MAG
경주 여행,428,일상,NNG
경주 여행,428,고고학,NNG
경주 여행,428,혼자,MAG
경주 여행,428,개정,NNG
경주 여행,428,증보판,NNG
경주 여행,428,일상,NNG
경주 여행,428,고고학,NNG
경주 여행,428,시리즈,NNG
경주 여행,428,황윤,NNG
경주 여행,428,지음,NNG
경주 여행,428,고양이,NNG
경주 여행,428,2020,SN
경주 여행,428,10,SN
경주 여행,428,평점,NNG
경주 여행,428,신라,NNP
경주 여행,428,마니아,NNG
경주 여행,428,로부터,JKB
경주 여행,428,기라,NNG
경주 여행,428,관심,NNG
경주 여행,428,가요,NNG
경주 여행,428,고고학,NNG
경주 여행,428,관점,NNG
경주 여행,428,으로,JKB
경주 여행,429,알라딘,NNP
경주 여행,429,100,SN
경주 여행,429,자평,NNG
경주 여행,429,일상,NNG
경주 여행,429,고고학,NNG
경주 여행,429,혼자,MAG
경주 여행,429,일상,NNG
경주 여행,429,고고학,NNG
경주 여행,429,혼자,MAG
경주 여행,429,개정,NNG
경주 여행,429,증보판,NNG
경주 여행,429,일상,NNG
경주 여행,429,고고학,NNG
경주 여행,429,시리즈,NNG
경주 여행,429,황윤,NNG
경주 여행,429,지음,NNG
경주 여행,429,고양이,NNG
경주 여행,429,대한,VV+ETM
경주 여행,429,깊이,MAG
경주 여행,429,이야기,NNG
경주 여행,429,호기심,NNG
경주 여행,429,해줍니다,XSV+EC+VX+EF
경주 여행,429,100,SN
경주 여행,429,다니,EC
경주 여행,429,정말,MAG
경주 여행,429,대단,XR
경주 여행,429,습니다,EF
경주 여행,430,석빙고,NNG
경주 여행,430,색다른,VA+ETM
경주 여행,430,볼거리,NNG
경주 여행,430,근처,NNG
경주 여행,430,안압,NNG
경주 여행,430,색다른,VA+ETM
경주 여행,430,볼거리,NNG
경주 여행,430,석빙고,NNG
경주 여행,430,이번,NNG
경주 여행,430,에서,JKB
경주 여행,430,다녀온,VV+ETM
경주 여행,430,석빙고,NNG
경주 여행,430,입니다,VCP+EF
경주 여행,430,석빙고,NNG
경주 여행,430,영조,NNG
경주 여행,430,만들,VV
경주 여행,430,일종,NNG
경주 여행,430,얼음,NNG
경주 여행,430,창고,NNG
경주 여행,430,근처,NNG
경주 여행,430,첨성대,NNG
경주 여행,430,비롯,XR
경주 여행,430,몰려,VV+EC
경주 여행,430,어서,EC
경주 여행,430,함께,MAG
경주 여행,431,가본,NNG
경주 여행,431,동궁,NNG
경주 여행,431,예쁜,VA+ETM
경주 여행,431,만나,VV
경주 여행,431,커피,NNG
경주 여행,431,열매,NNG
경주 여행,431,으면서,EC
경주 여행,431,노천온천,NNP
경주 여행,431,행복,NNG
경주 여행,432,황리,NNG
경주 여행,432,보문,NNG
경주 여행,432,단지,MAG
경주 여행,432,왕릉,NNG
경주 여행,432,탐방,NNG
경주 여행,432,데이트,NNG
경주 여행,432,코스,NNG
경주 여행,432,https,SL
경주 여행,432,youtu,SL
경주 여행,432,be,SL
경주 여행,432,nZzijKooIk,SL
경주 여행,432,황리,NNG
경주 여행,432,예쁘,VA
경주 여행,432,마음,NNG
경주 여행,432,낭만,NNG
경주 여행,432,으로,JKB
경주 여행,432,차오르,VV
경주 여행,432,경상도,NNP
경주 여행,432,에서,JKB
경주 여행,432,흔치,VA+EC
경주 여행,432,거리,NNG
경주 여행,432,바로,MAG
경주 여행,432,유적지,NNG
경주 여행,432,오래,MAG
경주 여행,432,한옥,NNG
경주 여행,432,고도,NNG
경주 여행,432,사뭇,MAG
경주 여행,432,어울리,VV
경주 여행,432,면서도,EC
경주 여행,433,밀면,NNP
경주 여행,433,에서,JKB
경주 여행,433,맛보,VV
경주 여행,433,가격,NNG
경주 여행,433,착해,VA+EC
경주 여행,433,5000,SN
경주 여행,433,비빔,NNG
경주 여행,433,물밀,VV
경주 여행,433,5000,SN
경주 여행,433,떡갈비,NNG
경주 여행,433,2000,SN
경주 여행,433,12,SN
경주 여행,433,000,SN
경주 여행,433,밥상,NNG
경주 여행,433,그리고,MAJ
경주 여행,433,뜨거운,VA+ETM
경주 여행,433,육수,NNG
경주 여행,433,까지,JX
경주 여행,433,평가,NNG
경주 여행,433,입맛,NNG
경주 여행,433,따라,VV+EC
경주 여행,433,취향,NNG
경주 여행,433,따루,MAG
경주 여행,433,따루,MAG
경주 여행,434,엑스,NNG
경주 여행,434,포대,NNG
경주 여행,434,공원,NNG
경주 여행,434,2025,SN
경주 여행,434,08,SN
경주 여행,434,16,SN
경주 여행,434,푸른,VA+ETM
경주 여행,434,애벌레,NNG
경주 여행,434,둘째,NR
경주 여행,434,보문호,NNP
경주 여행,434,주변,NNG
경주 여행,434,10,SN
경주 여행,434,엑스,NNG
경주 여행,434,포대,NNG
경주 여행,434,공원,NNG
경주 여행,434,입장,NNG
경주 여행,434,엑스포,NNG
경주 여행,434,기념관,NNG
경주 여행,434,천마,NNG
경주 여행,434,궁전,NNG
경주 여행,434,타워,NNG
경주 여행,434,솔거,NNG
경주 여행,434,미술관,NNG
경주 여행,434,자연사,NNG
경주 여행,434,박물관,NNG
경주 여행,435,2020,SN
경주 여행,435,동방역,NNP
경주 여행,435,능소화,NNG
경주 여행,435,서출지,NNG
경주 여행,435,경북,NNP
경주 여행,435,산림,NNG
경주 여행,435,연구원,NNG
경주 여행,435,2020,SN
경주 여행,435,25,SN
경주 여행,435,동방역,NNP
경주 여행,435,능소화,NNG
경주 여행,435,서출지,NNG
경주 여행,435,경북,NNP
경주 여행,435,산림,NNG
경주 여행,435,연구원,NNG
경주 여행,436,모녀,NNG
경주 여행,436,함께,MAG
경주 여행,436,바보,NNG
경주 여행,436,블로그,NNG
경주 여행,436,모녀,NNG
경주 여행,436,함께,MAG
경주 여행,436,2019,SN
경주 여행,436,10,SN
경주 여행,436,15,SN
경주 여행,436,첨성대,NNG
경주 여행,436,야생,NNG
경주 여행,436,단지,MAG
경주 여행,436,계림,NNG
경주 여행,436,월지,NNG
경주 여행,436,안압지,NNP
경주 여행,436,계림,NNP
경주 여행,436,월지,NNP
경주 여행,436,안압지,NNP
경주 여행,436,야경,NNG
경주 여행,436,박물관,NNG
경주 여행,436,10,SN
경주 여행,436,16,SN
경주 여행,436,김유신,NNP
경주 여행,436,장군,NNG
경주 여행,437,석굴암,NNG
경주 여행,437,2018,SN
경주 여행,437,10,SN
경주 여행,438,알라딘,NNP
경주 여행,438,100,SN
경주 여행,438,자평,NNG
경주 여행,438,일상,NNG
경주 여행,438,고고학,NNG
경주 여행,438,혼자,MAG
경주 여행,438,일상,NNG
경주 여행,438,고고학,NNG
경주 여행,438,혼자,MAG
경주 여행,438,개정,NNG
경주 여행,438,증보판,NNG
경주 여행,438,일상,NNG
경주 여행,438,고고학,NNG
경주 여행,438,시리즈,NNG
경주 여행,438,황윤,NNG
경주 여행,438,지음,NNG
경주 여행,438,고양이,NNG
경주 여행,438,2020,SN
경주 여행,438,10,SN
경주 여행,438,평점,NNG
경주 여행,438,삼국,NNG
경주 여행,438,시대,NNG
경주 여행,438,관한,VV+ETM
경주 여행,438,거의,MAG
경주 여행,438,모든,MM
경주 여행,438,자료,NNG
경주 여행,438,섭렵,NNG
경주 여행,438,소장,NNG
경주 여행,438,역사,NNG
경주 여행,438,학자,NNG
경주 여행,438,순수,NNG
경주 여행,438,시각,NNG
경주 여행,438,생생,XR
경주 여행,439,알라딘,NNP
경주 여행,439,일상,NNG
경주 여행,439,고고학,NNG
경주 여행,439,혼자,MAG
경주 여행,439,일상,NNG
경주 여행,439,고고학,NNG
경주 여행,439,혼자,MAG
경주 여행,439,개정,NNG
경주 여행,439,증보판,NNG
경주 여행,439,일상,NNG
경주 여행,439,고고학,NNG
경주 여행,439,시리즈,NNG
경주 여행,439,황윤,NNG
경주 여행,439,지음,NNG
경주 여행,439,고양이,NNG
경주 여행,439,2020,SN
경주 여행,439,10,SN
경주 여행,439,평점,NNG
경주 여행,439,수학,NNG
경주 여행,439,으로,JKB
경주 여행,439,추억,NNG
경주 여행,439,다시,MAG
경주 여행,439,한번,MAG
경주 여행,439,역사,NNG
경주 여행,439,그렇,VA
경주 여행,439,수록,EC
경주 여행,440,경비,NNG
경주 여행,440,혼자,NNG
경주 여행,440,떠난,VV+ETM
경주 여행,440,이동,NNG
경주 여행,440,수단,NNG
경주 여행,440,시외버스,NNG
경주 여행,440,버스,NNG
경주 여행,440,택시,NNG
경주 여행,440,시티투어,NNP
경주 여행,440,버스,NNG
경주 여행,440,Total,SL
경주 여행,440,13,SN
경주 여행,440,140,SN
경주 여행,440,기타,NNG
경주 여행,440,생필품,NNG
경주 여행,440,샴푸,NNG
경주 여행,440,린스,NNG
경주 여행,440,바디,NNG
경주 여행,440,워시,NNP
경주 여행,440,버블,NNG
경주 여행,440,490,SN
경주 여행,440,Total,SL
경주 여행,440,경비,NNG
경주 여행,440,148,SN
경주 여행,440,080,SN
경주 여행,441,경북,NNP
경주 여행,441,현대,NNG
경주 여행,441,호텔,NNG
경주 여행,441,현대,NNP
경주 여행,441,호텔,NNG
경주 여행,441,현대,NNG
경주 여행,441,호텔,NNG
경주 여행,441,보문,NNP
경주 여행,441,수상,NNG
경주 여행,441,공연장,NNG
경주 여행,441,보문관광단지,NNP
경주 여행,441,보문호,NNP
경주 여행,441,반길,VV+ETM
경주 여행,441,신라,NNP
경주 여행,441,컨트리클럽,NNG
경주 여행,441,숙박,NNG
경주 여행,441,현대,NNG
경주 여행,441,호텔,NNG
경주 여행,441,방문,NNG
경주 여행,441,일자,NNG
경주 여행,441,2016,SN
경주 여행,441,현대,NNG
경주 여행,441,호텔,NNG
경주 여행,441,경북,NNP
경주 여행,441,신평동,NNP
경주 여행,442,석굴암,NNG
경주 여행,442,불국사,NNG
경주 여행,442,09,SN
경주 여행,442,43,SN
경주 여행,442,석굴암,NNG
경주 여행,442,불국사,NNG
경주 여행,442,일시,NNG
경주 여행,442,2011,SN
경주 여행,442,22,SN
경주 여행,442,24,SN
경주 여행,442,장소,NNG
경주 여행,442,세째,NR
경주 여행,442,24,SN
경주 여행,442,석굴암,NNG
경주 여행,442,불국사,NNG
경주 여행,442,참여,NNG
경주 여행,442,우리,NP
경주 여행,442,가족,NNG
경주 여행,442,송국영,NNP
경주 여행,442,안종,NNP
경주 여행,442,송진주,NNP
경주 여행,442,김홍식,NNP
경주 여행,442,김연우,NNP
경주 여행,442,연주,NNP
경주 여행,442,조광민,NNP
경주 여행,443,대릉원,NNG
경주 여행,443,스탬프,NNG
경주 여행,443,투어,NNG
경주 여행,443,다섯,NR
경주 여행,443,이야기,NNG
경주 여행,443,대릉원,NNG
경주 여행,443,천마,NNG
경주 여행,443,경북,NNP
경주 여행,443,스탬프,NNG
경주 여행,443,투어,NNG
경주 여행,443,오릉,NNG
경주 여행,443,대릉원,NNG
경주 여행,443,천마총,NNG
경주 여행,443,오릉,NNG
경주 여행,443,교촌,NNG
경주 여행,443,마을,NNG
경주 여행,443,투어,NNG
경주 여행,443,마치,VV
경주 여행,443,다음,NNG
경주 여행,443,으로,JKB
경주 여행,443,찾아간,VV+ETM
경주 여행,443,바로,MAG
경주 여행,443,오릉,NNG
경주 여행,443,교촌,NNG
경주 여행,443,마을,NNG
경주 여행,443,면서,EC
경주 여행,443,조금,MAG
경주 여행,443,지치,VV
경주 여행,443,느낌,NNG
경주 여행,443,는데,EC
경주 여행,444,유적지,NNG
경주 여행,444,트레,NNP
경주 여행,444,대상지,NNG
경주 여행,444,유적지,NNG
경주 여행,444,트레,NNP
경주 여행,444,소재지,NNG
경주 여행,444,경북,NNP
경주 여행,444,2023,SN
경주 여행,444,10,SN
경주 여행,444,동궁,NNG
경주 여행,444,월지,NNG
경주 여행,444,반월,NNG
경주 여행,444,교촌,NNG
경주 여행,444,대릉원,NNG
경주 여행,444,44,SN
경주 여행,444,고분,NNG
경주 여행,444,분황사,NNG
경주 여행,444,황룡사,NNG
경주 여행,444,역사,NNG
경주 여행,444,문화원,NNG
경주 여행,444,동궁,NNG
경주 여행,444,월지,NNG
경주 여행,444,주차장,NNG
경주 여행,444,Km,SL
경주 여행,444,반월,NNG
경주 여행,444,에서,JKB
경주 여행,445,동궁,NNG
경주 여행,445,월지,NNG
경주 여행,445,안압지,NNP
경주 여행,445,야경,NNG
경주 여행,445,해외,NNG
경주 여행,445,이야기,NNG
경주 여행,445,후기,NNG
경주 여행,445,동궁,NNG
경주 여행,445,월지,NNG
경주 여행,445,안압지,NNP
경주 여행,445,야경,NNG
경주 여행,445,훌리아,NNP
경주 여행,445,2020,SN
경주 여행,445,25,SN
경주 여행,445,15,SN
경주 여행,445,17,SN
경주 여행,445,2019,SN
경주 여행,445,여름,NNG
경주 여행,445,사진,NNG
경주 여행,445,보관,NNG
경주 여행,445,구독,NNG
경주 여행,445,해외,NNG
경주 여행,445,이야기,NNG
경주 여행,445,후기,NNG
경주 여행,445,Related,SL
경주 여행,445,Articles,SL
경주 여행,446,이야기,NNG
경주 여행,446,계명,NNG
경주 여행,446,대학교,NNG
경주 여행,446,동산,NNG
경주 여행,446,병원,NNG
경주 여행,446,라고,EC
경주 여행,446,일자,NNG
경주 여행,446,2016,SN
경주 여행,446,인원,NNG
경주 여행,446,친구,NNG
경주 여행,446,함께,MAG
경주 여행,446,시외버스,NNG
경주 여행,446,터미널,NNG
경주 여행,446,경북,NNP
경주 여행,446,노서동,NNP
경주 여행,446,160,SN
경주 여행,446,전화,NNG
경주 여행,446,1666,SN
경주 여행,446,5599,SN
경주 여행,446,시외버스,NNG
경주 여행,446,터미널,NNG
경주 여행,447,2020,SN
경주 여행,447,06,SN
경주 여행,447,13,SN
경주 여행,447,14,SN
경주 여행,447,일요일,NNG
경주 여행,447,오전,NNG
경주 여행,447,오후,NNG
경주 여행,447,에서,JKB
경주 여행,447,고향,NNG
경주 여행,447,친구,NNG
경주 여행,447,함께,MAG
경주 여행,447,신라,NNP
경주 여행,447,대종,NNG
경주 여행,447,장맛비,NNG
경주 여행,447,시작,NNG
경주 여행,447,육월,NNP
경주 여행,447,중순,NNG
경주 여행,447,고향,NNG
경주 여행,447,친구,NNG
경주 여행,447,함께,MAG
경주 여행,447,에서,JKB
경주 여행,447,즐거운,VA+ETM
경주 여행,447,대릉원,NNG
경주 여행,447,돌담길,NNP
경주 여행,447,황리,NNG
경주 여행,448,알라딘,NNP
경주 여행,448,100,SN
경주 여행,448,자평,NNG
경주 여행,448,일상,NNG
경주 여행,448,고고학,NNG
경주 여행,448,혼자,MAG
경주 여행,448,일상,NNG
경주 여행,448,고고학,NNG
경주 여행,448,혼자,MAG
경주 여행,448,개정,NNG
경주 여행,448,증보판,NNG
경주 여행,448,일상,NNG
경주 여행,448,고고학,NNG
경주 여행,448,시리즈,NNG
경주 여행,448,황윤,NNG
경주 여행,448,지음,NNG
경주 여행,448,고양이,NNG
경주 여행,448,재미있,VA
경주 여행,448,길잡이,NNG
경주 여행,448,입니다,VCP+EF
경주 여행,448,풍부,XR
경주 여행,448,이해,NNG
경주 여행,449,코스,NNG
경주 여행,449,베스트,NNG
경주 여행,449,추천,NNG
경주 여행,449,top,SL
경주 여행,449,10,SN
경주 여행,449,코스,NNG
경주 여행,449,베스트,NNG
경주 여행,449,추천,NNG
경주 여행,449,top,SL
경주 여행,449,10,SN
경주 여행,449,코스,NNG
경주 여행,449,베스트,NNG
경주 여행,449,추천,NNG
경주 여행,449,top,SL
경주 여행,449,10,SN
경주 여행,449,소개,NNG
경주 여행,449,합니다,XSV+EC
경주 여행,449,황리,NNG
경주 여행,449,상호,NNG
경주 여행,449,황리,NNG
경주 여행,449,주소,NNG
경주 여행,449,경상북도,NNP
경주 여행,449,황남동,NNP
경주 여행,449,280,SN
경주 여행,449,전화,NNG
경주 여행,449,번호,NNG
경주 여행,449,입력,NNG
경주 여행,449,관련,NNG
경주 여행,449,키워드,NNP
경주 여행,449,키워드,NNP
경주 여행,450,코스,NNG
경주 여행,450,뚜벅,MAG
경주 여행,450,불국사,NNP
경주 여행,450,석굴암,NNG
경주 여행,450,중교,NNG
경주 여행,450,naver,SL
경주 여행,450,com,SL
경주 여행,450,loveartlove,SL
경주 여행,450,223054447834,SN
경주 여행,450,다시,MAG
경주 여행,450,서울,NNP
경주 여행,450,올라갈,VV+ETM
경주 여행,450,불국사,NNP
경주 여행,450,불국사,NNP
경주 여행,450,국보,NNG
경주 여행,450,다보탑,NNG
경주 여행,450,석가탑,NNG
경주 여행,450,석굴암,NNG
경주 여행,450,입장료,NNG
경주 여행,451,불국사,NNG
경주 여행,451,스탬프,NNG
경주 여행,451,투어,NNG
경주 여행,451,이야기,NNG
경주 여행,451,불국사,NNP
경주 여행,451,석굴암,NNG
경주 여행,451,경북,NNP
경주 여행,451,스탬프,NNG
경주 여행,451,투어,NNG
경주 여행,451,가을,NNG
경주 여행,451,불국사,NNG
경주 여행,451,석굴암,NNG
경주 여행,451,동리,NNG
경주 여행,451,문학관,NNG
경주 여행,451,구경,NNG
경주 여행,451,마치,VV
경주 여행,451,다음,NNG
경주 여행,451,으로,JKB
경주 여행,451,장소,NNG
경주 여행,451,핵심,NNG
경주 여행,451,메카,NNP
경주 여행,451,바로,MAG
경주 여행,451,불국사,NNP
경주 여행,451,석굴암,NNG
경주 여행,452,황리,NNG
경주 여행,452,한옥,NNG
경주 여행,452,카페,NNG
경주 여행,452,추천,NNG
경주 여행,452,카페,NNP
경주 여행,452,아덴,NNP
경주 여행,452,카페,NNP
경주 여행,452,아덴,NNP
경주 여행,452,위치,NNG
경주 여행,452,경북,NNP
경주 여행,452,사정,NNG
경주 여행,452,57,SN
경주 여행,452,운영,NNG
경주 여행,452,시간,NNG
경주 여행,452,매일,MAG
경주 여행,452,10,SN
경주 여행,452,와서,VV+EC
경주 여행,452,으로,JKB
경주 여행,452,채울,VV+ETM
경주 여행,452,어서,EC
경주 여행,452,어요,EF
경주 여행,452,실시간,NNG
경주 여행,452,예보,NNG
경주 여행,452,너무,MAG
경주 여행,452,커피,NNG
경주 여행,452,아덴,NNP
경주 여행,452,시그,NNP
경주 여행,453,알라딘,NNP
경주 여행,453,100,SN
경주 여행,453,자평,NNG
경주 여행,453,일상,NNG
경주 여행,453,고고학,NNG
경주 여행,453,혼자,MAG
경주 여행,453,일상,NNG
경주 여행,453,고고학,NNG
경주 여행,453,혼자,MAG
경주 여행,453,개정,NNG
경주 여행,453,증보판,NNG
경주 여행,453,일상,NNG
경주 여행,453,고고학,NNG
경주 여행,453,시리즈,NNG
경주 여행,453,황윤,NNG
경주 여행,453,지음,NNG
경주 여행,453,고양이,NNG
경주 여행,453,2020,SN
경주 여행,453,10,SN
경주 여행,453,평점,NNG
경주 여행,453,대한,VV+ETM
경주 여행,453,아름다움,VA+ETN
경주 여행,453,느낄,VV+ETM
경주 여행,453,기대,NNG
경주 여행,453,됩니다,XSV+EC
경주 여행,454,알라딘,NNP
경주 여행,454,서재,NNP
경주 여행,454,필수,NNG
경주 여행,454,필요,NNG
경주 여행,454,지식,NNG
경주 여행,454,설명,NNG
경주 여행,454,이해,NNG
경주 여행,454,사진,NNG
경주 여행,454,정보,NNG
경주 여행,454,가득,MAG
경주 여행,454,서울,NNP
경주 여행,454,이어,MAG
경주 여행,454,역사,NNG
경주 여행,454,꿈꾸,VV
경주 여행,454,한옥,NNG
경주 여행,454,에서,JKB
경주 여행,454,독서,NNG
경주 여행,454,모임,NNG
경주 여행,454,다가,EC
경주 여행,454,바로,MAG
경주 여행,454,주문,NNG
경주 여행,454,역사,NNG
경주 여행,454,예정,NNG
경주 여행,455,Knowledge,SL
경주 여행,455,Box,SL
경주 여행,455,슈만,NNP
경주 여행,455,클라라,NNP
경주 여행,455,도착,NNG
경주 여행,455,제일,MAG
경주 여행,455,먼저,MAG
경주 여행,455,슈만,NNP
경주 여행,455,클라라,NNP
경주 여행,455,라는,VCP+ETM
경주 여행,455,cafe,SL
경주 여행,455,위치,NNG
경주 여행,455,요기,NP
경주 여행,455,여기,NP
경주 여행,455,버스,NNG
경주 여행,455,려고,EC
경주 여행,455,는데,EC
경주 여행,455,버스,NNG
경주 여행,455,너무,MAG
경주 여행,455,와서,VV+EC
경주 여행,455,택시,NNG
경주 여행,455,그러나,MAJ
경주 여행,455,다음,NNG
경주 여행,455,문제,NNG
경주 여행,455,계속,MAG
경주 여행,456,에서,JKB
경주 여행,456,걸어서,VV+EC
경주 여행,456,대릉원,NNG
경주 여행,456,까지,JX
경주 여행,456,대릉원,NNG
경주 여행,456,담장,NNG
경주 여행,456,2018,SN
경주 여행,456,11,SN
경주 여행,456,이번,NNG
경주 여행,456,천천히,MAG
경주 여행,456,걸으며,VV+EC
경주 여행,456,가을,NNG
경주 여행,456,만끽,NNG
경주 여행,456,컨셉,NNG
경주 여행,456,마침,MAG
경주 여행,456,가을,NNG
경주 여행,456,분위기,NNG
경주 여행,456,한껏,MAG
경주 여행,456,고조,NNG
경주 여행,456,시켜,XSV+EC
경주 여행,456,벚나무,NNG
경주 여행,456,좌우,NNG
경주 여행,456,어서,EC
경주 여행,456,마다,JX
경주 여행,456,가지,VV
경주 여행,456,와서,VV+EC
경주 여행,457,13,SN
경주 여행,457,성동,NNG
경주 여행,457,시장,NNG
경주 여행,457,구경,NNG
경주 여행,457,가을,NNG
경주 여행,457,기차,NNG
경주 여행,457,피날레,NNG
경주 여행,457,2018,SN
경주 여행,457,11,SN
경주 여행,457,즐거웠,VA+EP
경주 여행,457,가을,NNG
경주 여행,457,기차,NNG
경주 여행,457,단풍,NNG
경주 여행,457,맘껏,MAG
경주 여행,457,누리,VV
경주 여행,457,돌아가,VV
경주 여행,457,노란,VA+ETM
경주 여행,457,은행,NNG
경주 여행,457,낙엽,NNG
경주 여행,457,올려,VV+EC
경주 여행,457,어야,EC
경주 여행,457,는데,EC
경주 여행,457,언니,NNG
경주 여행,457,수고,NNG
경주 여행,457,어염,EF
경주 여행,457,숙소,NNG
경주 여행,457,변경,NNG
경주 여행,457,지도자,NNG
경주 여행,457,언니,NNG
경주 여행,457,짝짝,MAG
경주 여행,458,황리,NNG
경주 여행,458,맛집,NNG
경주 여행,458,여도,NNG
경주 여행,458,영업,NNG
경주 여행,458,종료,NNG
경주 여행,458,오늘,NNG
경주 여행,458,맛집,NNG
경주 여행,458,황리,NNG
경주 여행,458,맛집,NNG
경주 여행,458,여주,NNG
경주 여행,458,이야기,NNG
경주 여행,458,함께,MAG
경주 여행,458,해요,VV+EF
경주 여행,458,다만,MAJ
경주 여행,458,현재,MAG
경주 여행,458,여도,NNG
경주 여행,458,다는,ETM
경주 여행,458,저희,NP
경주 여행,458,기록,NNG
경주 여행,458,해서,VV+EC
경주 여행,458,그냥,MAG
경주 여행,458,포스팅,NNP
경주 여행,458,진행,NNG
경주 여행,458,참고,NNG
경주 여행,458,세요,EP+EF
경주 여행,458,한옥,NNP
경주 여행,458,외관,NNG
경주 여행,458,눈길,NNG
경주 여행,459,첨성대,NNG
경주 여행,459,대릉원,NNG
경주 여행,459,주차,NNG
경주 여행,459,주차장,NNG
경주 여행,459,대릉원,NNG
경주 여행,459,주차장,NNG
경주 여행,459,여기,NP
경주 여행,459,매표,NNG
경주 여행,459,해야,VV+EC
경주 여행,459,들어갈,VV+ETM
경주 여행,459,어서,EC
경주 여행,459,그냥,MAG
경주 여행,459,혼자,NNG
경주 여행,459,굳이,MAG
경주 여행,459,들어갈,VV+ETM
경주 여행,459,필요,NNG
경주 여행,459,느꼈,VV+EP
경주 여행,459,네요,EF
경주 여행,459,편하,VA
경주 여행,459,드라이브,NNG
경주 여행,459,둘러본,VV+ETM
경주 여행,459,그리고,MAJ
경주 여행,459,그곳,NP
경주 여행,459,에서,JKB
경주 여행,459,만난,VV+ETM
경주 여행,459,첨성대,NNG
경주 여행,460,2303,SN
경주 여행,460,봄꽃,NNG
경주 여행,460,습니다,EF
경주 여행,460,벌써,MAG
경주 여행,460,마지막,NNG
경주 여행,460,월요일,NNG
경주 여행,460,찾아간,VV+ETM
경주 여행,460,벚꽃,NNG
경주 여행,460,상춘객,NNG
경주 여행,460,으로,JKB
경주 여행,460,많이,MAG
경주 여행,460,붐볐,VV+EP
경주 여행,460,습니다,EF
경주 여행,460,에서,JKB
경주 여행,460,점심,NNG
경주 여행,460,집사람,NNG
경주 여행,460,국도,NNG
경주 여행,460,천천히,MAG
경주 여행,460,올라가,VV
경주 여행,460,곳곳,NNG
경주 여행,460,벚꽃,NNG
경주 여행,460,자랑,NNG
경주 여행,460,열중,NNG
경주 여행,461,황리,NNG
경주 여행,461,주전부리,NNG
경주 여행,461,황금,NNG
경주 여행,461,황남,NNG
경주 여행,461,옥수수,NNG
경주 여행,461,청년,NNG
경주 여행,461,분식,NNG
경주 여행,461,황리,NNG
경주 여행,461,주전부리,NNG
경주 여행,461,저녁,NNG
경주 여행,461,출출,XR
경주 여행,461,해서,XSA+EC
경주 여행,461,황리,NNG
경주 여행,461,주전부리,NNG
경주 여행,461,우선,MAG
경주 여행,461,급한,VA+ETM
경주 여행,461,결론,NNG
경주 여행,461,부터,JX
경주 여행,461,자면,EC
경주 여행,461,청년,NNG
경주 여행,461,분식,NNG
경주 여행,461,황남,NNG
경주 여행,461,옥수수,NNG
경주 여행,461,모두,MAG
경주 여행,461,아쉽,VA
경주 여행,461,청년,NNG
경주 여행,461,분식,NNG
경주 여행,461,쥬얼,NNP
경주 여행,461,우릴,VV+ETM
경주 여행,461,유혹,NNG
경주 여행,461,뭔가,NP+VCP+EC
경주 여행,462,안녕,IC
경주 여행,462,2014,SN
경주 여행,462,2014,SN
경주 여행,462,마지막,NNG
경주 여행,462,에서,JKB
경주 여행,462,멋진,VA+ETM
경주 여행,462,선물,NNG
경주 여행,462,눈발,NNG
경주 여행,462,날리,VV
경주 여행,462,시작,NNG
경주 여행,462,한다,XSV+EF
경주 여행,462,그리고,MAJ
경주 여행,462,금방,MAG
경주 여행,462,하얀,VA+ETM
경주 여행,462,세상,NNG
경주 여행,462,으로,JKB
경주 여행,462,변한다,VV+EC
경주 여행,462,눈길,NNG
경주 여행,462,산책,NNG
경주 여행,462,불국사,NNP
경주 여행,462,에서,JKB
경주 여행,462,기차,NNG
경주 여행,462,마무리,NNG
경주 여행,462,한다,XSV+EF
경주 여행,462,다시,MAG
경주 여행,462,화창,XR
경주 여행,462,해진,XSA+EC+VX+ETM
경주 여행,462,하늘,NNG
경주 여행,463,야경,NNG
경주 여행,463,다른,MM
경주 여행,463,매력,NNG
경주 여행,463,정교,NNG
경주 여행,463,분위기,NNG
경주 여행,463,저녁,NNG
경주 여행,463,정교,NNG
경주 여행,463,방문,NNG
경주 여행,463,추천,NNG
경주 여행,463,드립니다,VV+EF
경주 여행,463,켜진,VV+ETM
경주 여행,463,정교,NNG
경주 여행,463,신나,VV
경주 여행,463,사진,NNG
경주 여행,463,정교,NNG
경주 여행,463,야경,NNG
경주 여행,463,마지막,NNG
경주 여행,463,으로,JKB
경주 여행,463,떠나갑니다,VV+EF
경주 여행,463,여기,NP
경주 여행,463,신라,NNP
경주 여행,463,니까,VCP+EC
경주 여행,463,신라,NNP
경주 여행,463,해장국,NNG
경주 여행,463,즐거웠,VA+EP
경주 여행,463,습니다,EF
경주 여행,464,황남,NNG
경주 여행,464,맷돌,NNG
경주 여행,464,순두부,NNG
경주 여행,464,두부,NNG
경주 여행,464,보쌈,NNG
경주 여행,464,제육,NNG
경주 여행,464,순두부찌개,NNG
경주 여행,464,그리고,MAJ
경주 여행,464,황남,NNG
경주 여행,464,맷돌,NNG
경주 여행,464,순두부,NNG
경주 여행,464,영업시간,NNG
경주 여행,464,30,SN
경주 여행,464,까지,JX
경주 여행,464,황리,NNG
경주 여행,464,시작,NNG
경주 여행,464,으로,JKB
경주 여행,464,어지간,XR
경주 여행,464,밥집,NNG
경주 여행,464,영업,NNG
경주 여행,464,마감,NNG
경주 여행,464,진짜,MAG
경주 여행,464,고기,NNG
경주 여행,464,맛있,VA
경주 여행,464,두부,NNG
경주 여행,464,순두부찌개,NNG
경주 여행,464,맛나,VA
경주 여행,464,호랑이,NNG
경주 여행,464,막걸리,NNG
경주 여행,464,완전,MAG
경주 여행,464,맛있,VA
경주 여행,464,어서,EC
경주 여행,465,마치,VV
경주 여행,465,울주,NNP
경주 여행,465,새벽,NNG
경주 여행,465,다가,EC
경주 여행,465,그친다,VV+EC
경주 여행,465,하늘,NNG
경주 여행,465,예쁘다,NNP
경주 여행,465,월드,NNG
경주 여행,465,판다,NNG
경주 여행,465,에서,JKB
경주 여행,465,점심,NNG
경주 여행,465,맛있,VA
경주 여행,465,친절,NNG
경주 여행,465,떡갈비,NNG
경주 여행,465,맛나,VA
경주 여행,465,계란찜,NNG
경주 여행,465,풍경,NNG
경주 여행,465,예쁘,VA
경주 여행,465,행복,NNG
경주 여행,465,울주,NNP
경주 여행,466,서출지,NNG
경주 여행,466,23,SN
경주 여행,466,28,SN
경주 여행,466,더운,VA+ETM
경주 여행,466,날씨,NNG
경주 여행,466,촬영,NNG
경주 여행,466,임했,VV+EP
경주 여행,466,사진가,NNG
경주 여행,466,에게,JKB
경주 여행,466,미안,NNG
경주 여행,466,생각,NNG
경주 여행,466,더운,VA+ETM
경주 여행,466,날씨,NNG
경주 여행,466,여러,MM
경주 여행,466,촬영,NNG
경주 여행,466,대작,NNG
경주 여행,466,으시,EP
경주 여행,466,무사히,MAG
경주 여행,466,습니다,EF
경주 여행,467,알라딘,NNP
경주 여행,467,100,SN
경주 여행,467,자평,NNG
경주 여행,467,우리,NP
경주 여행,467,아이,IC
경주 여행,467,우리,NP
경주 여행,467,아이,IC
경주 여행,467,세계,NNG
경주 여행,467,문화유산,NNG
경주 여행,467,아서,EC
경주 여행,467,개정판,NNG
경주 여행,467,답사,NNG
경주 여행,467,바로,MAG
경주 여행,467,역사,NNG
경주 여행,467,바로,MAG
경주 여행,467,박광일,NNP
경주 여행,467,전향,NNG
경주 여행,467,이야기,NNG
경주 여행,467,기획,NNG
경주 여행,467,성당,NNG
경주 여행,467,2011,SN
경주 여행,467,평점,NNG
경주 여행,467,초등,NNG
경주 여행,467,학교,NNG
경주 여행,467,학생,NNG
경주 여행,467,수학,NNG
경주 여행,468,알라딘,NNP
경주 여행,468,100,SN
경주 여행,468,자평,NNG
경주 여행,468,일상,NNG
경주 여행,468,고고학,NNG
경주 여행,468,혼자,MAG
경주 여행,468,일상,NNG
경주 여행,468,고고학,NNG
경주 여행,468,혼자,MAG
경주 여행,468,개정,NNG
경주 여행,468,증보판,NNG
경주 여행,468,일상,NNG
경주 여행,468,고고학,NNG
경주 여행,468,시리즈,NNG
경주 여행,468,황윤,NNG
경주 여행,468,지음,NNG
경주 여행,468,고양이,NNG
경주 여행,468,묻힌,VV+ETM
경주 여행,468,타임캡슐,NNG
경주 여행,468,신라,NNG
경주 여행,468,특별,NNG
경주 여행,468,시간,NNG
경주 여행,468,네요,EC
경주 여행,469,압지,NNG
경주 여행,469,야경,NNG
경주 여행,469,투어,NNG
경주 여행,469,방문,NNG
경주 여행,469,아마도,MAG
경주 여행,469,보름달,NNG
경주 여행,469,보다,JKB
경주 여행,469,하늘,NNG
경주 여행,469,황청,NNG
경주 여행,469,연못,NNG
경주 여행,469,빠져,VV+EC
경주 여행,469,야경,NNG
경주 여행,469,함께,MAG
경주 여행,469,정말,MAG
경주 여행,469,멋진,VA+ETM
경주 여행,469,야경,NNG
경주 여행,469,보여,VV+EC
경주 여행,469,이래서,VV+EC
경주 여행,469,마다,JX
경주 여행,469,이곳,NP
경주 여행,469,압지,NNG
경주 여행,469,하나,NR
경주 여행,469,보다,JKB
경주 여행,470,오늘,NNG
경주 여행,470,날씨,NNG
경주 여행,470,더우니,VA+EC
경주 여행,470,마을,NNG
경주 여행,470,식당,NNG
경주 여행,470,에서,JKB
경주 여행,470,맛난,VA+ETM
경주 여행,470,양념,NNG
경주 여행,470,게장,NNG
경주 여행,470,점심,NNG
경주 여행,470,힐튼,NNP
경주 여행,470,호텔,NNG
경주 여행,470,에서,JKB
경주 여행,470,커피,NNG
경주 여행,470,한잔,NNG
경주 여행,470,보문,NNG
경주 여행,470,단지,MAG
경주 여행,470,푸른,VA+ETM
경주 여행,470,나무,NNG
경주 여행,470,감상,NNG
경주 여행,470,커피,NNG
경주 여행,470,한잔,NNG
경주 여행,470,스콘,NNP
경주 여행,470,행복,NNG
경주 여행,470,월드,NNG
경주 여행,470,관람,NNG
경주 여행,470,보인다,VV+EF
경주 여행,470,한번,MAG
경주 여행,470,볼까,EC+VX+EC
경주 여행,471,알라딘,NNP
경주 여행,471,100,SN
경주 여행,471,자평,NNG
경주 여행,471,우리,NP
경주 여행,471,아이,IC
경주 여행,471,우리,NP
경주 여행,471,아이,IC
경주 여행,471,에서,JKB
경주 여행,471,신라,NNG
경주 여행,471,답사,NNG
경주 여행,471,바로,MAG
경주 여행,471,역사,NNG
경주 여행,471,바로,MAG
경주 여행,471,13,SN
경주 여행,471,박광일,NNP
경주 여행,471,2004,SN
경주 여행,471,평점,NNG
경주 여행,471,구판,NNG
경주 여행,471,절판,NNG
경주 여행,471,아이,NNG
경주 여행,471,눈높이,NNG
경주 여행,471,맞춰진,VV+EC+VX+ETM
경주 여행,472,알라딘,NNP
경주 여행,472,100,SN
경주 여행,472,자평,NNG
경주 여행,472,일상,NNG
경주 여행,472,고고학,NNG
경주 여행,472,혼자,MAG
경주 여행,472,일상,NNG
경주 여행,472,고고학,NNG
경주 여행,472,혼자,MAG
경주 여행,472,개정,NNG
경주 여행,472,증보판,NNG
경주 여행,472,일상,NNG
경주 여행,472,고고학,NNG
경주 여행,472,시리즈,NNG
경주 여행,472,황윤,NNG
경주 여행,472,지음,NNG
경주 여행,472,고양이,NNG
경주 여행,472,2020,SN
경주 여행,472,10,SN
경주 여행,472,평점,NNG
경주 여행,472,유익,NNG
경주 여행,472,아요,EC
경주 여행,473,알라딘,NNP
경주 여행,473,역사,NNG
경주 여행,473,관심,NNG
경주 여행,473,시작,NNG
경주 여행,473,해서,XSV+EC
경주 여행,473,함께,MAG
경주 여행,473,어요,EF
경주 여행,473,길래,EC
경주 여행,473,생각,NNG
경주 여행,473,는데,EC
경주 여행,473,그리,VV
경주 여행,473,마음,NNG
경주 여행,473,접하,VV
경주 여행,473,어요,EF
경주 여행,473,기억,NNG
경주 여행,473,가지,VV
경주 여행,473,는데,EC
경주 여행,473,아이,NNG
경주 여행,473,신라,NNG
경주 여행,473,배운,VV+ETM
경주 여행,473,그런지,VA+EC
경주 여행,473,동안,NNG
경주 여행,473,배운,VV+ETM
경주 여행,473,내용,NNG
경주 여행,473,생각,NNG
경주 여행,473,유적지,NNG
경주 여행,474,매화,NNG
경주 여행,474,산수유,NNG
경주 여행,474,만발,NNG
경주 여행,474,보문,NNG
경주 여행,474,단지,MAG
경주 여행,474,호수,NNG
경주 여행,474,산책,NNG
경주 여행,474,행복,NNG
경주 여행,474,마무리,NNG
경주 여행,475,알라딘,NNP
경주 여행,475,100,SN
경주 여행,475,자평,NNG
경주 여행,475,일상,NNG
경주 여행,475,고고학,NNG
경주 여행,475,혼자,MAG
경주 여행,475,일상,NNG
경주 여행,475,고고학,NNG
경주 여행,475,혼자,MAG
경주 여행,475,일상,NNG
경주 여행,475,시리즈,NNG
경주 여행,475,황윤,NNG
경주 여행,475,지음,NNG
경주 여행,475,고양이,NNG
경주 여행,475,2020,SN
경주 여행,475,10,SN
경주 여행,475,평점,NNG
경주 여행,475,마니아,NNG
경주 여행,475,알려,VV+EC
경주 여행,475,탐방기,NNG
경주 여행,475,그런지,VA+EC
경주 여행,475,대한,VV+ETM
경주 여행,475,알찬,VA+ETM
경주 여행,475,설명,NNG
경주 여행,475,습니다,EF
경주 여행,476,알라딘,NNP
경주 여행,476,100,SN
경주 여행,476,자평,NNG
경주 여행,476,일상,NNG
경주 여행,476,고고학,NNG
경주 여행,476,혼자,MAG
경주 여행,476,일상,NNG
경주 여행,476,고고학,NNG
경주 여행,476,혼자,MAG
경주 여행,476,개정,NNG
경주 여행,476,증보판,NNG
경주 여행,476,일상,NNG
경주 여행,476,고고학,NNG
경주 여행,476,시리즈,NNG
경주 여행,476,황윤,NNG
경주 여행,476,지음,NNG
경주 여행,476,고양이,NNG
경주 여행,476,2020,SN
경주 여행,476,10,SN
경주 여행,476,평점,NNG
경주 여행,476,아름다운,VA+ETM
경주 여행,476,풍경,NNG
경주 여행,476,고고학,NNG
경주 여행,476,우리,NP
경주 여행,476,지적,NNG
경주 여행,476,힐링,NNG
경주 여행,476,안겨,VV+EC
경주 여행,476,줘서,VX+EC
경주 여행,477,주상,NNG
경주 여행,477,절리,NNG
경주 여행,477,스탬프,NNG
경주 여행,477,투어,NNG
경주 여행,477,목적지,NNG
경주 여행,477,주상,NNG
경주 여행,477,스탬프,NNG
경주 여행,477,투어,NNG
경주 여행,477,주상,NNG
경주 여행,477,절리,NNG
경주 여행,477,해변,NNG
경주 여행,477,둘레길,NNP
경주 여행,477,주상,NNG
경주 여행,477,절리,NNG
경주 여행,477,파도,NNG
경주 여행,477,소리,NNG
경주 여행,477,드디어,MAG
경주 여행,477,시작,NNG
경주 여행,477,대한,VV+ETM
경주 여행,477,때문,NNB
경주 여행,477,을까,EC
경주 여행,477,오랫만,NNG
경주 여행,477,밤잠,NNG
경주 여행,477,설치,VV
경주 여행,477,다가,EC
경주 여행,477,시계,NNG
경주 여행,477,조금,MAG
경주 여행,477,시간,NNG
경주 여행,478,FeRed,SL
경주 여행,478,Conundrum,SL
경주 여행,478,of,SL
경주 여행,478,Life,SL
경주 여행,478,불국사,NNP
경주 여행,478,황남빵,NNP
경주 여행,478,교리,NNG
경주 여행,478,김밥,NNG
경주 여행,478,내소,NNG
경주 여행,478,Theme,SL
경주 여행,478,불국사,NNP
경주 여행,478,황남빵,NNP
경주 여행,478,교리,NNG
경주 여행,478,김밥,NNG
경주 여행,478,산내,NNG
경주 여행,478,소고기,NNG
경주 여행,478,울산,NNP
경주 여행,478,Comments,SL
경주 여행,478,후배,NNG
경주 여행,478,녀석,NNB
경주 여행,478,같이,MAG
경주 여행,478,울산,NNP
경주 여행,478,불국사,NNG
경주 여행,478,에서,JKB
경주 여행,478,천마총,NNG
경주 여행,478,에서,JKB
경주 여행,478,첨성대,NNG
경주 여행,478,으로,JKB
경주 여행,478,내려오,VV
경주 여행,478,다가,EC
경주 여행,478,나무,NNG
경주 여행,478,그늘,NNG
경주 여행,478,내부,NNG
경주 여행,478,전경,NNG
경주 여행,479,알라딘,NNP
경주 여행,479,100,SN
경주 여행,479,자평,NNG
경주 여행,479,일상,NNG
경주 여행,479,고고학,NNG
경주 여행,479,혼자,MAG
경주 여행,479,개정,NNG
경주 여행,479,증보판,NNG
경주 여행,479,일상,NNG
경주 여행,479,고고학,NNG
경주 여행,479,시리즈,NNG
경주 여행,479,황윤,NNG
경주 여행,479,지음,NNG
경주 여행,479,고양이,NNG
경주 여행,479,2020,SN
경주 여행,479,10,SN
경주 여행,479,평점,NNG
경주 여행,479,어려서,VA+EC
경주 여행,479,그냥,MAG
경주 여행,479,학교,NNG
경주 여행,479,에서,JKB
경주 여행,479,지금,MAG
경주 여행,479,커서,VV+EC
경주 여행,479,공부,NNG
경주 여행,479,다른,MM
경주 여행,479,느낌,NNG
경주 여행,479,습니다,EF
경주 여행,479,가보세요,NNG
경주 여행,480,알라딘,NNP
경주 여행,480,100,SN
경주 여행,480,자평,NNG
경주 여행,480,일상,NNG
경주 여행,480,고고학,NNG
경주 여행,480,혼자,MAG
경주 여행,480,혼자,NNG
경주 여행,480,개정,NNG
경주 여행,480,증보판,NNG
경주 여행,480,일상,NNG
경주 여행,480,고고학,NNG
경주 여행,480,시리즈,NNG
경주 여행,480,황윤,NNG
경주 여행,480,지음,NNG
경주 여행,480,고양이,NNG
경주 여행,480,2020,SN
경주 여행,480,10,SN
경주 여행,480,평점,NNG
경주 여행,480,이야기,NNG
경주 여행,480,봐도,VV+EC
경주 여행,480,봐도,VX+EC
경주 여행,480,들어도,VV+EC
경주 여행,480,들어도,VV+EC
경주 여행,480,재미있,VA
경주 여행,480,습니다,EF
경주 여행,480,작가,NNG
경주 여행,480,혼자,NNG
경주 여행,480,기대,NNG
경주 여행,480,봅니다,VX+EC
경주 여행,481,매화꽃,NNG
경주 여행,481,산수유,NNG
경주 여행,481,예쁜,VA+ETM
경주 여행,481,간다,VV+EC
경주 여행,481,날씨,NNG
경주 여행,481,따뜻,XR
경주 여행,481,바람,NNG
경주 여행,481,많이,MAG
경주 여행,481,햇살,NNG
경주 여행,481,따뜻,XR
경주 여행,481,점심,NNG
경주 여행,481,궁금,XR
경주 여행,481,했었,VX+EP
경주 여행,481,황룡,NNG
경주 여행,481,돌아봤,VV+EP
경주 여행,481,동국,NNG
경주 여행,481,재단,NNG
경주 여행,481,에서,JKB
경주 여행,481,운영,NNG
경주 여행,481,연수원,NNG
경주 여행,481,인데,VCP+EC
경주 여행,481,웅장,XR
경주 여행,481,꾸며져,VV+EC+VX+EC
경주 여행,482,맷돌,NNG
경주 여행,482,순부,NNG
경주 여행,482,옆집,NNG
경주 여행,482,정화,NNG
경주 여행,482,송이,NNG
경주 여행,482,순두부,NNG
경주 여행,482,맛집,NNG
경주 여행,482,옆집,NNG
경주 여행,482,아니,VCN
경주 여행,482,라도,EC
경주 여행,482,가격,NNG
경주 여행,482,비싸,VA
경주 여행,482,니까,EC
경주 여행,482,기본,NNG
경주 여행,482,반찬,NNG
경주 여행,482,생선,NNG
경주 여행,482,구이,NNG
경주 여행,482,나와서,VV+EC
경주 여행,482,후배,NNG
경주 여행,482,맛있,VA
경주 여행,482,섬세,XR
경주 여행,482,발라,VV+EC
경주 여행,482,하얀,VA+ETM
경주 여행,482,순두부,NNG
경주 여행,482,다니,EC
경주 여행,482,순두부,NNG
경주 여행,482,처음,MAG
경주 여행,482,본다,VV+EC
경주 여행,482,파전,NNG
경주 여행,482,하나,NR
경주 여행,482,주문,NNG
경주 여행,482,새송이,NNP
경주 여행,482,탁주,NNG
경주 여행,482,주문,NNG
경주 여행,482,낮술,NNG
경주 여행,483,남산,NNP
경주 여행,483,칠불암,NNG
경주 여행,483,케이트,NNP
경주 여행,483,입니다,VCP+EF
경주 여행,483,진입,NNG
경주 여행,483,읍니다,EC
경주 여행,483,서라벌,NNP
경주 여행,483,휴게소,NNG
경주 여행,483,입니다,VCP+EF
경주 여행,483,통일전,NNP
경주 여행,483,주차장,NNG
경주 여행,483,주차,NNG
경주 여행,483,아니하,VX
경주 여행,483,염불,NNG
경주 여행,483,사지,NNG
경주 여행,483,삼층석탑,NNP
경주 여행,483,주차,NNG
경주 여행,483,여기,NP
경주 여행,483,일찍,MAG
경주 여행,483,도착,NNG
경주 여행,483,여야,EC
경주 여행,483,주차,NNG
경주 여행,483,아침,NNG
경주 여행,484,국내,NNG
경주 여행,484,사진,NNG
경주 여행,484,국내,NNG
경주 여행,484,테마,NNG
경주 여행,484,Theodor,SL
경주 여행,484,2017,SN
경주 여행,484,18,SN
경주 여행,484,08,SN
경주 여행,484,11,SN
경주 여행,484,벚꽃,NNG
경주 여행,484,거의,MAG
경주 여행,484,떨어지,VV
경주 여행,484,시기,NNG
경주 여행,484,아쉬움,NNG
경주 여행,484,대능원,NNP
경주 여행,484,출입문,NNG
경주 여행,484,능원,NNG
경주 여행,484,소나무,NNG
경주 여행,484,천마총,NNG
경주 여행,484,안압지,NNP
경주 여행,484,분황사,NNG
경주 여행,484,모전,NNG
경주 여행,484,석탑,NNG
경주 여행,484,원래,NNG
경주 여행,485,알라딘,NNP
경주 여행,485,100,SN
경주 여행,485,자평,NNG
경주 여행,485,일상,NNG
경주 여행,485,고고학,NNG
경주 여행,485,혼자,MAG
경주 여행,485,일상,NNG
경주 여행,485,고고학,NNG
경주 여행,485,혼자,MAG
경주 여행,485,개정,NNG
경주 여행,485,증보판,NNG
경주 여행,485,일상,NNG
경주 여행,485,고고학,NNG
경주 여행,485,시리즈,NNG
경주 여행,485,황윤,NNG
경주 여행,485,지음,NNG
경주 여행,485,고양이,NNG
경주 여행,485,2020,SN
경주 여행,485,10,SN
경주 여행,485,평점,NNG
경주 여행,485,이런,MM
경주 여행,485,너무,MAG
경주 여행,485,아함,IC+ETN
경주 여행,485,더구나,MAJ
경주 여행,485,라서,VCP+EC
경주 여행,485,너무,MAG
경주 여행,485,마음,NNG
경주 여행,485,중학교,NNG
경주 여행,485,수학,NNG
경주 여행,485,으로,JKB
경주 여행,486,힐튼,NNP
경주 여행,486,호텔,NNG
경주 여행,486,한국,NNP
경주 여행,486,서울,NNP
경주 여행,486,호텔,NNG
경주 여행,486,체인,NNG
경주 여행,486,이상,NNG
경주 여행,486,두산,NNP
경주 여행,486,참고,NNG
경주 여행,486,미국,NNP
경주 여행,486,저명,XR
경주 여행,486,모델,NNG
경주 여행,486,철저히,MAG
경주 여행,486,손님,NNG
경주 여행,486,배려,NNG
경주 여행,486,호텔,NNG
경주 여행,486,그래서,MAJ
경주 여행,486,즐거울,VA+ETM
경주 여행,486,밖에,JX
경주 여행,487,토함산,NNP
경주 여행,487,단풍,NNG
경주 여행,487,터널,NNG
경주 여행,487,자연,NNG
경주 여행,487,그려,VV+EC
경주 여행,487,수채화,NNG
경주 여행,487,17,SN
경주 여행,487,11,SN
경주 여행,487,17,SN
경주 여행,487,떠나,VV
경주 여행,487,단풍,NNG
경주 여행,487,그윽,XR
경주 여행,487,숲길,NNG
경주 여행,487,느긋이,MAG
경주 여행,487,불국사,NNP
경주 여행,487,석굴암,NNG
경주 여행,487,토함산,NNP
경주 여행,487,숲길,NNG
경주 여행,487,월산,NNG
경주 여행,487,고갯길,NNG
경주 여행,487,굳이,MAG
경주 여행,487,신라,NNP
경주 여행,487,역사,NNG
경주 여행,487,몰라도,VV+EC
경주 여행,487,시내,NNG
경주 여행,488,배롱나무,NNG
경주 여행,488,첨성대,NNG
경주 여행,488,야경,NNG
경주 여행,488,16,SN
경주 여행,488,18,SN
경주 여행,488,수학,NNG
경주 여행,488,다녀오,VV
경주 여행,488,사람,NNG
경주 여행,488,심지어,MAG
경주 여행,488,자녀,NNG
경주 여행,488,역사,NNG
경주 여행,488,유적,NNG
경주 여행,488,답사,NNG
경주 여행,488,동행,NNG
경주 여행,488,해서,XSV+EC
경주 여행,488,이런,MM
경주 여행,488,아무리,MAG
경주 여행,488,생각,NNG
경주 여행,488,해봐도,XSV+EC+VX+EC
경주 여행,488,국내,NNG
경주 여행,488,에선,JKB+JX
경주 여행,488,특징,NNG
경주 여행,488,하나,NR
경주 여행,488,평온,NNG
경주 여행,488,자연,NNG
경주 여행,489,황리,NNG
경주 여행,489,카페,NNG
경주 여행,489,카페,NNG
경주 여행,489,카페,NNG
경주 여행,489,황리,NNG
경주 여행,489,메인,VV+ETM
경주 여행,489,거리,NNG
경주 여행,489,위치,NNG
경주 여행,489,어서,EC
경주 여행,489,거리,NNG
경주 여행,489,둘러보,VV
경주 여행,489,뚜벅,MAG
경주 여행,489,입니다,VCP+EF
경주 여행,489,인테리어,NNG
경주 여행,489,예쁘,VA
경주 여행,489,어서,EC
경주 여행,489,더욱,MAG
경주 여행,489,눈길,NNG
경주 여행,489,카페,NNG
경주 여행,489,입니다,VCP+EF
경주 여행,489,황리,NNG
경주 여행,489,카페,NNG
경주 여행,489,카페,NNG
경주 여행,489,날씨,NNG
경주 여행,490,경북,NNP
경주 여행,490,국밥,NNG
경주 여행,490,맛집,NNG
경주 여행,490,수백,NR
경주 여행,490,보문,NNG
경주 여행,490,com,SL
경주 여행,490,633,SN
경주 여행,490,경북,NNP
경주 여행,490,교촌,NNP
경주 여행,490,마을,NNG
경주 여행,490,교촌,NNG
경주 여행,490,보관,NNG
경주 여행,490,아이,NNG
경주 여행,490,가족,NNG
경주 여행,490,2024,SN
경주 여행,490,31,SN
경주 여행,490,가족,NNG
경주 여행,490,함께,MAG
경주 여행,490,기록,NNG
경주 여행,490,오늘,NNG
경주 여행,490,가족,NNG
경주 여행,490,모임,NNG
경주 여행,490,어서,EC
경주 여행,490,경북,NNP
경주 여행,490,어요,EF
경주 여행,491,불국사역,NNP
경주 여행,491,에서,JKB
경주 여행,491,동대구,NNG
경주 여행,491,까지,JX
경주 여행,491,기차,NNG
경주 여행,491,무궁화호,NNP
경주 여행,491,시간,NNG
경주 여행,491,시외,NNG
경주 여행,491,고속,NNG
경주 여행,491,버스,NNG
경주 여행,491,터미널,NNG
경주 여행,491,모두,MAG
경주 여행,491,거리,NNG
경주 여행,491,어서,EC
경주 여행,491,어디,NP
경주 여행,491,따라,VV+EC
경주 여행,491,대중,NNG
경주 여행,491,교통,NNG
경주 여행,491,종류,NNG
경주 여행,491,달라지,VV
경주 여행,491,는데,EC
경주 여행,491,서울,NNP
경주 여행,491,이나,JC
경주 여행,491,대전,NNP
경주 여행,491,까지,JX
경주 여행,491,시간,NNBC
경주 여행,491,이상,NNG
경주 여행,491,걸리,VV
경주 여행,491,코스,NNG
경주 여행,491,라고,VCP+EC
경주 여행,492,가을,NNG
경주 여행,492,도착,NNG
경주 여행,492,오늘,NNG
경주 여행,492,작년,NNG
경주 여행,492,여름,NNG
경주 여행,492,코스,NNG
경주 여행,492,서출지,NNG
경주 여행,492,통일전,NNP
경주 여행,492,그리고,MAJ
경주 여행,492,산림,NNG
경주 여행,492,연구원,NNG
경주 여행,492,둘러보,VV
경주 여행,492,핑크,NNG
경주 여행,492,예쁜,VA+ETM
경주 여행,492,첨성대,NNG
경주 여행,492,주변,NNG
경주 여행,492,황리,NNG
경주 여행,492,구경,NNG
경주 여행,492,헉헉,MAG
경주 여행,492,점심,NNG
경주 여행,492,커피,NNG
경주 여행,492,면서,EC
경주 여행,492,돌린다,VV+EC
경주 여행,492,조금,NNG
경주 여행,492,가을,NNG
경주 여행,492,찾아오,VV
경주 여행,493,알라딘,NNP
경주 여행,493,100,SN
경주 여행,493,자평,NNG
경주 여행,493,일상,NNG
경주 여행,493,고고학,NNG
경주 여행,493,혼자,MAG
경주 여행,493,2020,SN
경주 여행,493,10,SN
경주 여행,493,평점,NNG
경주 여행,493,매년,MAG
경주 여행,493,가을,NNG
경주 여행,493,꿈꾸,VV
경주 여행,493,지만,EC
경주 여행,493,아직,MAG
경주 여행,493,실천,NNG
경주 여행,493,사람,NNG
경주 여행,493,입니다,VCP+EF
경주 여행,493,알차,VA
경주 여행,493,느낄,VV+ETM
경주 여행,493,기대,NNG
경주 여행,493,열심히,MAG
경주 여행,493,습니다,EF
경주 여행,494,알라딘,NNP
경주 여행,494,100,SN
경주 여행,494,자평,NNG
경주 여행,494,일상,NNG
경주 여행,494,고고학,NNG
경주 여행,494,혼자,MAG
경주 여행,494,일상,NNG
경주 여행,494,고고학,NNG
경주 여행,494,혼자,MAG
경주 여행,494,개정,NNG
경주 여행,494,증보판,NNG
경주 여행,494,일상,NNG
경주 여행,494,고고학,NNG
경주 여행,494,시리즈,NNG
경주 여행,494,황윤,NNG
경주 여행,494,지음,NNG
경주 여행,494,고양이,NNG
경주 여행,494,2020,SN
경주 여행,494,10,SN
경주 여행,494,평점,NNG
경주 여행,494,수학,NNG
경주 여행,494,이후,NNG
경주 여행,494,못했,VX+EP
경주 여행,494,대해,VV+EC
경주 여행,494,다시,MAG
경주 여행,494,생각,NNG
경주 여행,494,네요,EC
경주 여행,495,나정,NNG
경주 여행,495,맛집,NNG
경주 여행,495,나정,NNG
경주 여행,495,라면,NNG
경주 여행,495,맛집,NNG
경주 여행,495,에도,NNP
경주 여행,495,바다,NNG
경주 여행,495,나정,NNG
경주 여행,495,스토리,NNG
경주 여행,495,올려,VV+EC
경주 여행,495,드릴께요,VX+EF
경주 여행,495,에도,NNP
경주 여행,495,바다,NNG
경주 여행,495,다는,ETM
경주 여행,495,사실,NNG
경주 여행,495,아시나,NNP
경주 여행,495,정하,VV
경주 여행,495,면서,EC
경주 여행,495,바다,NNG
경주 여행,495,남편,NNG
경주 여행,495,역사,NNG
경주 여행,495,좋아해서,VV+EC
경주 여행,495,유적지,NNG
경주 여행,495,어요,EF
경주 여행,495,그러,VV
경주 여행,496,파란,VA+ETM
경주 여행,496,하늘,NNG
경주 여행,496,구름,NNG
경주 여행,496,동동,MAG
경주 여행,496,아름다운,VA+ETM
경주 여행,496,신나,VV
경주 여행,496,고속도로,NNP
경주 여행,496,달려,VV+EC
경주 여행,496,간다,VV+EC
경주 여행,496,오늘,NNG
경주 여행,496,힐링,NNG
경주 여행,496,산송,NNG
경주 여행,496,한우구,NNP
경주 여행,496,언양,NNP
경주 여행,496,불고기,NNG
경주 여행,496,더덕구이,NNG
경주 여행,496,자알,MAG
경주 여행,496,이랑,JC
경주 여행,496,라떼,NNG
경주 여행,496,한잔,NNG
경주 여행,496,노천온천,NNP
경주 여행,496,으로,JKB
경주 여행,496,간다,VV+EC
경주 여행,496,파란,VA+ETM
경주 여행,496,하늘,NNG
경주 여행,497,알라딘,NNP
경주 여행,497,100,SN
경주 여행,497,자평,NNG
경주 여행,497,일상,NNG
경주 여행,497,고고학,NNG
경주 여행,497,혼자,MAG
경주 여행,497,지음,NNG
경주 여행,497,고양이,NNG
경주 여행,497,2020,SN
경주 여행,497,10,SN
경주 여행,497,평점,NNG
경주 여행,497,정말,MAG
경주 여행,497,도시,NNG
경주 여행,497,입니다,VCP+EF
경주 여행,497,시간,NNG
경주 여행,497,기분,NNG
경주 여행,497,어서,EC
경주 여행,497,행복,NNG
경주 여행,497,거든요,EF
경주 여행,497,코로나,NNP
경주 여행,497,때문,NNB
경주 여행,497,버렸,VX+EP
경주 여행,497,네요,EF
경주 여행,497,으로,JKB
경주 여행,497,혼자,MAG
경주 여행,497,네요,EC
경주 여행,498,알라딘,NNP
경주 여행,498,100,SN
경주 여행,498,자평,NNG
경주 여행,498,일상,NNG
경주 여행,498,고고학,NNG
경주 여행,498,혼자,MAG
경주 여행,498,일상,NNG
경주 여행,498,고고학,NNG
경주 여행,498,혼자,MAG
경주 여행,498,개정,NNG
경주 여행,498,증보판,NNG
경주 여행,498,일상,NNG
경주 여행,498,고고학,NNG
경주 여행,498,시리즈,NNG
경주 여행,498,황윤,NNG
경주 여행,498,지음,NNG
경주 여행,498,고양이,NNG
경주 여행,498,2020,SN
경주 여행,498,10,SN
경주 여행,498,평점,NNG
경주 여행,498,지만,EC
경주 여행,498,제대로,MAG
경주 여행,498,구경,NNG
경주 여행,498,네요,EF
경주 여행,498,코로나,NNP
경주 여행,499,알라딘,NNP
경주 여행,499,100,SN
경주 여행,499,자평,NNG
경주 여행,499,일상,NNG
경주 여행,499,고고학,NNG
경주 여행,499,혼자,MAG
경주 여행,499,일상,NNG
경주 여행,499,고고학,NNG
경주 여행,499,혼자,MAG
경주 여행,499,개정,NNG
경주 여행,499,증보판,NNG
경주 여행,499,일상,NNG
경주 여행,499,고고학,NNG
경주 여행,499,시리즈,NNG
경주 여행,499,황윤,NNG
경주 여행,499,지음,NNG
경주 여행,499,고양이,NNG
경주 여행,499,2020,SN
경주 여행,499,10,SN
경주 여행,499,평점,NNG
경주 여행,499,수학,NNG
경주 여행,499,역사,NNG
경주 여행,499,의미,NNG
경주 여행,499,모르,VV
경주 여행,499,지나쳤,VV+EP
경주 여행,499,지만,EC
경주 여행,499,이제,NNG
경주 여행,499,풍경,NNG
경주 여행,499,하나,NR
경주 여행,499,하나,NR
경주 여행,499,에서,JKB
경주 여행,500,알라딘,NNP
경주 여행,500,100,SN
경주 여행,500,자평,NNG
경주 여행,500,일상,NNG
경주 여행,500,고고학,NNG
경주 여행,500,혼자,MAG
경주 여행,500,앞서,MAG
경주 여행,500,출간,NNG
경주 여행,500,일상,NNG
경주 여행,500,고고학,NNG
경주 여행,500,혼자,NNG
경주 여행,500,백제,NNG
경주 여행,500,이어,MAG
경주 여행,500,이번,NNG
경주 여행,500,입니다,VCP+EF
경주 여행,500,전작,NNG
경주 여행,500,백제,NNG
경주 여행,500,만족,NNG
경주 여행,500,스러웠,XSA+EP
경주 여행,500,라면,EC
경주 여행,500,이번,NNG
경주 여행,500,무조건,MAG
경주 여행,500,탑승,NNG
경주 여행,500,바랍니다,VV+EC
전주 여행,1,알라딘,NNP
전주 여행,1,서재,NNP
전주 여행,1,당일,NNG
전주 여행,1,20120707,SN
전주 여행,1,버스,NNG
전주 여행,1,마음,NNG
전주 여행,1,두근두근,MAG
전주 여행,1,두근,MAG
전주 여행,1,음악,NNG
전주 여행,1,들으면서,VV+EC
전주 여행,1,핸드폰,NNG
전주 여행,1,바꾸,VV
전주 여행,1,버스,NNG
전주 여행,1,에서,JKB
전주 여행,1,내리,VV
전주 여행,1,날씨,NNG
전주 여행,1,너무,MAG
전주 여행,1,화창,NNG
전주 여행,1,버스,NNG
전주 여행,1,와서,VV+EC
전주 여행,1,한참,NNG
전주 여행,1,기다린,VV+ETM
전주 여행,1,버스,NNG
전주 여행,1,전동성당,NNP
전주 여행,1,으로,JKB
전주 여행,1,향했,VV+EP
전주 여행,1,어요,EF
전주 여행,2,한옥마을,NNP
전주 여행,2,아카,NNP
전주 여행,2,갤러리,NNG
전주 여행,2,카페,NNG
전주 여행,2,Jeonju,SL
전주 여행,2,Hanok,SL
전주 여행,2,Village,SL
전주 여행,2,AKA,SL
전주 여행,2,Galle,SL
전주 여행,2,한옥마을,NNP
전주 여행,2,아카,NNP
전주 여행,2,갤러리,NNG
전주 여행,2,카페,NNG
전주 여행,2,한옥마을,NNP
전주 여행,2,Jeonju,SL
전주 여행,2,Hanok,SL
전주 여행,2,Village,SL
전주 여행,2,AKA,SL
전주 여행,2,Gallery,SL
전주 여행,2,Cafe,SL
전주 여행,2,적당,XR
전주 여행,2,여유,NNG
전주 여행,2,로움,XSA+ETN
전주 여행,2,즐기,VV
전주 여행,2,아침,NNG
전주 여행,2,지만,EC
전주 여행,2,이제,NNG
전주 여행,2,사라진,VV+ETM
전주 여행,2,카페,NNG
전주 여행,2,햇살,NNG
전주 여행,2,따사,XR
전주 여행,2,로운,XSA+ETM
전주 여행,2,아침,NNG
전주 여행,2,적당히,MAG
전주 여행,2,허기,NNG
전주 여행,3,날씨,NNG
전주 여행,3,고속버스,NNG
전주 여행,3,공용,NNG
전주 여행,3,터미널,NNG
전주 여행,3,이번,NNG
전주 여행,3,수요일,NNG
전주 여행,3,휴강,NNG
전주 여행,3,라서,EC
전주 여행,3,갑자기,MAG
전주 여행,3,뽐뿌,NNP
전주 여행,3,와서,VV+EC
전주 여행,3,아침,NNG
전주 여행,3,헬스,NNG
전주 여행,3,고속버스,NNG
전주 여행,3,탑승,NNG
전주 여행,3,평일,NNG
전주 여행,3,라서,EC
전주 여행,3,사람,NNG
전주 여행,3,어서,EC
전주 여행,3,혼자,NNG
전주 여행,3,우등,NNG
전주 여행,3,고속,NNG
전주 여행,3,이용,NNG
전주 여행,3,듯이,EC
전주 여행,3,여유,NNG
전주 여행,3,넉넉,XR
전주 여행,3,자리,NNG
전주 여행,3,누리,VV
전주 여행,3,면서,EC
전주 여행,3,편하,VA
전주 여행,4,신나,VV
전주 여행,4,예술,NNG
전주 여행,4,평화,NNG
전주 여행,4,한국,NNP
전주 여행,4,전통,NNG
전주 여행,4,무용,NNG
전주 여행,4,블로그,NNG
전주 여행,4,신나,VV
전주 여행,4,예술,NNG
전주 여행,4,임대,NNG
전주 여행,4,주택,NNG
전주 여행,4,순회,NNG
전주 여행,4,사업,NNG
전주 여행,4,전국,NNG
전주 여행,4,임대,NNG
전주 여행,4,주택,NNG
전주 여행,4,단지,NNG
전주 여행,4,양질,NNG
전주 여행,4,주민,NNG
전주 여행,4,참여,NNG
전주 여행,4,문화,NNG
전주 여행,4,예술,NNG
전주 여행,4,프로그램,NNG
전주 여행,4,보급,NNG
전주 여행,4,사업,NNG
전주 여행,4,입니다,VCP+EF
전주 여행,4,김영아,NNP
전주 여행,4,전통,NNG
전주 여행,4,예술단,NNG
전주 여행,4,추억,NNG
전주 여행,4,품바,NNG
전주 여행,4,평화,NNG
전주 여행,4,주공,NNG
전주 여행,4,아파트,NNG
전주 여행,4,에서,JKB
전주 여행,4,공연,NNG
전주 여행,4,선무,NNG
전주 여행,5,사진,NNG
전주 여행,5,촬영,NNG
전주 여행,5,산책,NNG
전주 여행,5,데이트,NNG
전주 여행,5,코스,NNG
전주 여행,5,추천,NNG
전주 여행,5,기지,NNG
전주 여행,5,수변,NNG
전주 여행,5,공원,NNG
전주 여행,5,혁신,NNG
전주 여행,5,도시,NNG
전주 여행,5,기지,NNG
전주 여행,5,수변,NNG
전주 여행,5,공원,NNG
전주 여행,5,야심,NNG
전주 여행,5,계획,NNG
전주 여행,5,시간,NNG
전주 여행,5,아서,EC
전주 여행,5,어디,NP
전주 여행,5,갈까,VV+EC
전주 여행,5,다가,EC
전주 여행,5,수변,NNG
전주 여행,5,공원,NNG
전주 여행,5,어서,EC
전주 여행,5,방문,NNG
전주 여행,5,그냥,MAG
전주 여행,5,살짝,MAG
전주 여행,5,산책,NNG
전주 여행,5,려고,EC
전주 여행,5,는데,EC
전주 여행,5,생각,NNG
전주 여행,5,보다,JKB
전주 여행,5,규모,NNG
전주 여행,5,커서,VV+EC
전주 여행,5,방문,NNG
전주 여행,6,부산,NNP
전주 여행,6,에서,JKB
전주 여행,6,사상,NNG
전주 여행,6,시외버스,NNG
전주 여행,6,터미널,NNG
전주 여행,6,부산,NNP
전주 여행,6,쿠쿠,NNP
전주 여행,6,리도,NNP
전주 여행,6,작년,NNG
전주 여행,6,에서,JKB
전주 여행,6,여름,NNG
전주 여행,6,으로,JKB
전주 여행,6,넘어가,VV
전주 여행,6,시점,NNG
전주 여행,6,친구,NNG
전주 여행,6,이랑,JKB
전주 여행,6,다녀왔,VV+EP
전주 여행,6,는데,EC
전주 여행,6,너무,MAG
전주 여행,6,재밌,VA
전주 여행,6,어요,EF
전주 여행,6,사실,MAG
전주 여행,6,거의,MAG
전주 여행,6,거리,NNG
전주 여행,6,지만,EC
전주 여행,6,그냥,MAG
전주 여행,6,길거리,NNG
전주 여행,6,걸어다니,VV
전주 여행,6,면서,EC
전주 여행,7,당일치기,NNG
전주 여행,7,한옥마을,NNP
전주 여행,7,외할머니,NNG
전주 여행,7,솜씨,NNG
전주 여행,7,단팥죽,NNG
전주 여행,7,팥빙수,NNP
전주 여행,7,유명,XR
전주 여행,7,합니다,XSA+EC
전주 여행,7,한지,NNG
전주 여행,7,만든,VV+ETM
전주 여행,7,부채,NNG
전주 여행,7,꿀타래,NNP
전주 여행,7,간단,XR
전주 여행,7,먹거리,NNG
전주 여행,7,막걸리,NNG
전주 여행,7,즐거운,VA+ETM
전주 여행,7,게요,EC
전주 여행,8,다시,MAG
전주 여행,8,2017,SN
전주 여행,8,11,SN
전주 여행,8,결혼식,NNG
전주 여행,8,방문,NNG
전주 여행,8,위하,VV
전주 여행,8,울긋불긋,MAG
전주 여행,8,단풍,NNG
전주 여행,8,예쁜,VA+ETM
전주 여행,8,풍경,NNG
전주 여행,8,가득,MAG
전주 여행,8,다시,MAG
전주 여행,8,오랜만,NNG
전주 여행,8,얼굴,NNG
전주 여행,8,항상,MAG
전주 여행,8,얼굴,NNG
전주 여행,8,행복,NNG
전주 여행,9,낭만,NNG
전주 여행,9,cafe,SL
전주 여행,9,Dal,SL
전주 여행,9,STORY,SL
전주 여행,9,카페,NNG
전주 여행,9,이야기,NNG
전주 여행,9,낭만,NNG
전주 여행,9,cafe,SL
전주 여행,9,Dal,SL
전주 여행,9,STORY,SL
전주 여행,9,카페,NNG
전주 여행,9,한옥마을,NNP
전주 여행,9,Jeonju,SL
전주 여행,9,Hanok,SL
전주 여행,9,Village,SL
전주 여행,9,cafe,SL
전주 여행,9,Dal,SL
전주 여행,9,STORY,SL
전주 여행,9,카페,NNG
전주 여행,9,이야기,NNG
전주 여행,9,063,SN
전주 여행,9,288,SN
전주 여행,9,8886,SN
전주 여행,9,전북,NNP
전주 여행,9,완산구,NNP
전주 여행,9,최명희,NNP
전주 여행,9,20,SN
전주 여행,9,풍남동,NNP
전주 여행,9,47,SN
전주 여행,9,도착,NNG
전주 여행,9,저녁,NNG
전주 여행,10,에서,JKB
전주 여행,10,만난,VV+ETM
전주 여행,10,코파,NNP
전주 여행,10,에서,JKB
전주 여행,10,만단,NNG
전주 여행,10,코파,NNP
전주 여행,10,네요,EF
전주 여행,10,이쁘,VA
전주 여행,10,부드럽,VA
전주 여행,10,맛있,VA
전주 여행,10,네요,EF
전주 여행,10,선물,NNG
전주 여행,10,으로,JKB
전주 여행,10,괜찬하요,UNKNOWN
전주 여행,11,전북,NNP
전주 여행,11,김제,NNP
전주 여행,11,김제,NNP
전주 여행,11,아래,NNG
전주 여행,11,예전,NNG
전주 여행,11,다녀온,VV+ETM
전주 여행,11,코스,NNG
전주 여행,11,입니다,VCP+EF
전주 여행,11,사실,MAG
전주 여행,11,이때,NNG
전주 여행,11,다녀온,VV+ETM
전주 여행,11,계획,NNG
전주 여행,11,도움,NNG
전주 여행,11,습니다,EF
전주 여행,11,한옥마을,NNP
전주 여행,11,비롯,XR
전주 여행,11,해서,XSA+EC
전주 여행,11,다양,XR
전주 여행,11,관광지,NNG
전주 여행,11,으니,EC
전주 여행,11,참고,NNG
전주 여행,11,습니다,EF
전주 여행,12,알라딘,NNP
전주 여행,12,즐거워지,VV
전주 여행,12,레시피,NNG
전주 여행,12,Happy,SL
전주 여행,12,Travel,SL
전주 여행,12,김주미,NNP
전주 여행,12,지음,NNG
전주 여행,12,즐거운,VA+ETM
전주 여행,12,상상,NNG
전주 여행,12,2013,SN
전주 여행,12,평점,NNG
전주 여행,12,구판,NNG
전주 여행,12,절판,NNG
전주 여행,12,지난,VV+ETM
전주 여행,12,주말,NNG
전주 여행,12,다녀온,VV+ETM
전주 여행,12,더욱,MAG
전주 여행,12,즐겁,VA
전주 여행,12,만들,VV
전주 여행,12,바로,MAG
전주 여행,12,레시피,NNG
전주 여행,12,나온,VV+ETM
전주 여행,12,명소,NNG
전주 여행,13,10,SN
전주 여행,13,한옥마을,NNP
전주 여행,13,그리고,MAJ
전주 여행,13,경기전,NNG
전주 여행,13,10,SN
전주 여행,13,한옥마을,NNP
전주 여행,13,그리고,MAJ
전주 여행,13,경기전,NNG
전주 여행,13,2011,SN
전주 여행,13,02,SN
전주 여행,13,17,SN
전주 여행,13,06,SN
전주 여행,13,48,SN
전주 여행,13,Hobby,SL
전주 여행,13,Journey,SL
전주 여행,13,작성자,NNG
전주 여행,13,니아,EC
전주 여행,13,https,SL
전주 여행,13,www,SL
전주 여행,13,chamchamtrip,SL
전주 여행,13,com,SL
전주 여행,13,광고,NNG
전주 여행,13,누구,NP
전주 여행,13,즐거운,VA+ETM
전주 여행,13,농촌,NNG
전주 여행,13,참참,NNG
전주 여행,13,단체,NNG
전주 여행,13,숙박,NNG
전주 여행,13,부터,JX
전주 여행,13,이색,NNG
전주 여행,13,체험,NNG
전주 여행,13,까지,JX
전주 여행,13,완비,NNG
전주 여행,14,광장,NNG
전주 여행,14,식당,NNG
전주 여행,14,오래,MAG
전주 여행,14,맛집,NNG
전주 여행,14,거리,NNG
전주 여행,14,백반,NNG
전주 여행,14,오래,MAG
전주 여행,14,맛집,NNG
전주 여행,14,거리,NNG
전주 여행,14,반집,NNG
전주 여행,14,추천,NNG
전주 여행,14,광장,NNG
전주 여행,14,식당,NNG
전주 여행,14,이번,NNG
전주 여행,14,에서,JKB
전주 여행,14,마지막,NNG
전주 여행,14,으로,JKB
전주 여행,14,방문,NNG
전주 여행,14,광장,NNG
전주 여행,14,식당,NNG
전주 여행,14,입니다,VCP+EF
전주 여행,14,이곳,NP
전주 여행,14,광장,NNG
전주 여행,14,식당,NNG
전주 여행,14,시청,NNG
전주 여행,14,근처,NNG
전주 여행,14,백반,NNG
전주 여행,14,으로,JKB
전주 여행,14,오랫동안,NNG
전주 여행,14,사랑,NNG
전주 여행,14,맛집,NNG
전주 여행,15,전라북도,NNP
전주 여행,15,남부,NNG
전주 여행,15,시장,NNG
전주 여행,15,남부,NNG
전주 여행,15,시장,NNG
전주 여행,15,야시장,NNG
전주 여행,15,먹거리,NNG
전주 여행,15,남부,NNG
전주 여행,15,시장,NNG
전주 여행,15,한옥마을,NNP
전주 여행,15,가까이,MAG
전주 여행,15,어서,EC
전주 여행,15,한옥마을,NNP
전주 여행,15,들리,VV
전주 여행,15,주말,NNG
전주 여행,15,야간,NNG
전주 여행,15,사람,NNG
전주 여행,15,명소,NNG
전주 여행,15,하나,NR
전주 여행,15,특히,MAG
전주 여행,15,토요일,NNG
전주 여행,15,열리,VV
전주 여행,15,남부,NNG
전주 여행,15,시장,NNG
전주 여행,15,야시장,NNG
전주 여행,15,삼겹살,NNG
전주 여행,15,김밥,NNG
전주 여행,15,소고기,NNG
전주 여행,16,바람짝,NNG
전주 여행,16,맛집,NNG
전주 여행,16,백반,NNG
전주 여행,16,한정식,NNG
전주 여행,16,전문,NNG
전주 여행,16,한국,NNP
전주 여행,16,식당,NNG
전주 여행,16,바람짝,NNG
전주 여행,16,맛집,NNG
전주 여행,16,백반,NNG
전주 여행,16,한정식,NNG
전주 여행,16,전문,NNG
전주 여행,16,한국,NNP
전주 여행,16,식당,NNG
전주 여행,16,일시,NNG
전주 여행,16,2012,SN
전주 여행,16,03,SN
전주 여행,16,04,SN
전주 여행,16,작성자,NNG
전주 여행,16,바람짝,NNG
전주 여행,16,요리사,NNG
전주 여행,16,지역,NNG
전주 여행,16,맛집,NNG
전주 여행,16,탐방,NNG
전주 여행,16,습니다,EF
전주 여행,16,착한,VA+ETM
전주 여행,16,가격,NNG
전주 여행,16,지인,NNG
전주 여행,16,입소문,NNG
전주 여행,16,통하,VV
전주 여행,17,서울,NNP
전주 여행,17,오리,NNG
전주 여행,17,과자점,NNG
전주 여행,17,객사,NNG
전주 여행,17,한옥마을,NNP
전주 여행,17,서울,NNP
전주 여행,17,오리,NNG
전주 여행,17,과자점,NNG
전주 여행,17,객사,NNG
전주 여행,17,한옥마을,NNP
전주 여행,17,일몽,NNG
전주 여행,17,남노,NNG
전주 여행,17,갈비,NNG
전주 여행,17,고자,NNG
전주 여행,17,퇴근,NNG
전주 여행,17,바로,MAG
전주 여행,17,광주,NNP
전주 여행,17,에서,JKB
전주 여행,17,까지,JX
전주 여행,17,시간,NNG
전주 여행,17,락말락,EC
전주 여행,17,한데,VX+EC
전주 여행,17,우산,NNG
전주 여행,17,어서,EC
전주 여행,17,불안,NNG
전주 여행,17,불안,NNG
전주 여행,17,친구,NNG
전주 여행,17,만나,VV
전주 여행,17,숙소,NNG
전주 여행,18,전북,NNP
전주 여행,18,천리,NNG
전주 여행,18,한옥마을,NNP
전주 여행,18,둘레길,NNP
전주 여행,18,포함,NNG
전주 여행,18,해서,XSV+EC
전주 여행,18,전라북도,NNP
전주 여행,18,각지,NNG
전주 여행,18,볼거리,NNG
전주 여행,18,먹거리,NNG
전주 여행,18,동안,NNG
전주 여행,18,체험,NNG
전주 여행,18,어서,EC
전주 여행,18,혹은,MAJ
전주 여행,18,전북,NNP
전주 여행,18,계획,NNG
전주 여행,18,라면,EC
전주 여행,18,도움,NNG
전주 여행,18,후기,NNG
전주 여행,18,입니다,VCP+EF
전주 여행,18,전라북도,NNP
전주 여행,18,후기,NNG
전주 여행,18,전북,NNP
전주 여행,18,30,SN
전주 여행,18,요약,NNG
전주 여행,18,정리,NNG
전주 여행,19,여름,NNG
전주 여행,19,떠난,VV+ETM
전주 여행,19,With,SL
전주 여행,19,Mom,SL
전주 여행,19,한옥,NNG
전주 여행,19,마을,NNG
전주 여행,19,주차장,NNG
전주 여행,19,정보,NNG
전주 여행,19,상세,NNG
전주 여행,19,한옥마을,NNP
전주 여행,19,한옥마을,NNP
전주 여행,19,소개,NNG
전주 여행,19,체험,NNG
전주 여행,19,콘텐츠,NNG
전주 여행,19,문화,NNG
전주 여행,19,공연,NNG
전주 여행,19,행사,NNG
전주 여행,19,한옥마을,NNP
전주 여행,19,사진,NNG
전주 여행,19,문화,NNG
전주 여행,19,시설,NNG
전주 여행,19,문화,NNG
전주 여행,19,시설,NNG
전주 여행,19,유적지,NNG
전주 여행,19,이색,NNG
전주 여행,19,공간,NNG
전주 여행,19,전통,NNG
전주 여행,19,공예,NNG
전주 여행,19,생활,NNG
전주 여행,19,공예,NNG
전주 여행,19,액세서리,NNG
전주 여행,19,예술,NNG
전주 여행,19,공예,NNG
전주 여행,19,그리고,MAJ
전주 여행,19,체험,NNG
전주 여행,20,생선,NNG
전주 여행,20,구이,NNG
전주 여행,20,본가,NNG
전주 여행,20,조기,NNG
전주 여행,20,매운탕,NNG
전주 여행,20,겸사겸사,MAG
전주 여행,20,도착,NNG
전주 여행,20,해서,XSV+EC
전주 여행,20,조기,NNG
전주 여행,20,매운탕,NNG
전주 여행,20,너무,MAG
전주 여행,20,어서,EC
전주 여행,20,검색,NNG
전주 여행,20,해서,XSV+EC
전주 여행,20,찾아간,VV+ETM
전주 여행,20,생선,NNG
전주 여행,20,바로,MAG
전주 여행,20,주차장,NNG
전주 여행,20,아주,MAG
전주 여행,20,식사,NNG
전주 여행,20,아니,VCN
전주 여행,20,널널,XR
전주 여행,20,실내,NNG
전주 여행,20,단정,XR
전주 여행,20,깨끗,XR
전주 여행,21,봐야,VX+EC
전주 여행,21,비빔밥,NNG
전주 여행,21,맛집,NNG
전주 여행,21,가족,NNG
전주 여행,21,회관,NNG
전주 여행,21,봐야,VX+EC
전주 여행,21,비빔밥,NNG
전주 여행,21,맛집,NNG
전주 여행,21,가족,NNG
전주 여행,21,회관,NNG
전주 여행,21,상담,NNG
전주 여행,21,다가,EC
전주 여행,21,계신,VV+ETM
전주 여행,21,팀원,NNG
전주 여행,21,합류,NNG
전주 여행,21,해서,XSV+EC
전주 여행,21,저녁,NNG
전주 여행,21,으러,EC
전주 여행,21,비빔밥,NNG
전주 여행,21,는데,EC
전주 여행,21,맛집,NNG
전주 여행,21,추천,NNG
전주 여행,21,셔서,EP+EC
전주 여행,21,고고씽,NNP
전주 여행,22,2020,SN
전주 여행,22,08,SN
전주 여행,22,22,SN
전주 여행,22,23,SN
전주 여행,22,다녀왔,VV+EP
전주 여행,22,마이산,NNP
전주 여행,22,휴게소,NNG
전주 여행,22,에서,JKB
전주 여행,22,마이산,NNP
전주 여행,22,배경,NNG
전주 여행,22,으로,JKB
전주 여행,22,덕진,NNP
전주 여행,22,공원,NNG
전주 여행,22,에서,JKB
전주 여행,22,연꽃,NNG
전주 여행,22,텐데,NNB+VCP+EC
전주 여행,22,연꽃,NNG
전주 여행,22,다져서,VV+EC
전주 여행,22,아쉬웠,VV+EP
전주 여행,22,약한,VA+ETM
전주 여행,22,영화,NNG
전주 여행,22,호텔,NNG
전주 여행,22,체크인,NNG
전주 여행,22,맛집,NNG
전주 여행,22,한국,NNP
전주 여행,22,에서,JKB
전주 여행,23,브런치,NNP
전주 여행,23,찾아간,VV+ETM
전주 여행,23,예쁜,VA+ETM
전주 여행,23,카페,NNG
전주 여행,23,투리,NNG
전주 여행,23,스타,NNG
전주 여행,23,turista,SL
전주 여행,23,마지막,NNG
전주 여행,23,오전,NNG
전주 여행,23,부터,JX
전주 여행,23,브런치,NNP
전주 여행,23,너무,MAG
전주 여행,23,아쉽,VA
전주 여행,23,브런치,NNP
전주 여행,23,카페,NNP
전주 여행,23,거의,MAG
전주 여행,23,으나,EC
전주 여행,23,폭풍,NNG
전주 여행,23,검색,NNG
전주 여행,23,으로,JKB
전주 여행,23,찾아낸,VV+ETM
전주 여행,23,브런치,NNP
전주 여행,23,카페,NNG
전주 여행,23,투리,NNG
전주 여행,23,스타,NNG
전주 여행,23,한옥,NNG
전주 여행,23,마을,NNG
전주 여행,23,근처,NNG
전주 여행,23,호텔,NNG
전주 여행,23,아래,NNG
전주 여행,23,한적,XR
전주 여행,23,카페,NNG
전주 여행,24,한잔,NNG
전주 여행,24,분위기,NNG
전주 여행,24,구일집,NNP
전주 여행,24,맛집,NNG
전주 여행,24,한옥,NNG
전주 여행,24,한잔,NNG
전주 여행,24,분위기,NNG
전주 여행,24,구일집,NNP
전주 여행,24,Jeonju,SL
전주 여행,24,Hanok,SL
전주 여행,24,Village,SL
전주 여행,24,밥집,NNG
전주 여행,24,술집,NNG
전주 여행,24,일단,MAG
전주 여행,24,맛있,VA
전주 여행,24,으면,EC
전주 여행,24,그걸로,NP+JKB
전주 여행,24,충분,XR
전주 여행,24,한옥마을,NNP
전주 여행,24,맛집,NNG
전주 여행,24,목대,NNG
전주 여행,24,에서,JKB
전주 여행,24,내려와,VV+EC
전주 여행,24,점심,NNG
전주 여행,24,고자,EC
전주 여행,24,이곳저곳,NNG
전주 여행,24,돌아다니,VV
전주 여행,24,발견,NNG
전주 여행,25,전동성당,NNP
전주 여행,25,입장,NNG
전주 여행,25,시간,NNG
전주 여행,25,오늘,NNG
전주 여행,25,소개,NNG
전주 여행,25,한옥마을,NNP
전주 여행,25,빼놓,VV
전주 여행,25,명소,NNG
전주 여행,25,전동성당,NNP
전주 여행,25,입니다,VCP+EF
전주 여행,25,너무,MAG
전주 여행,25,아름다운,VA+ETM
전주 여행,25,모습,NNG
전주 여행,25,구요,EF
전주 여행,25,288,SN
전주 여행,25,지정,NNG
전주 여행,25,다고,EC
전주 여행,25,합니다,VV+EF
전주 여행,25,그리고,MAJ
전주 여행,25,입장,NNG
전주 여행,25,시간,NNG
전주 여행,25,다녀와야,VV+EC
전주 여행,26,맛집,NNG
전주 여행,26,교동,NNP
전주 여행,26,시래,NNP
전주 여행,26,시래기,NNG
전주 여행,26,국밥,NNG
전주 여행,26,전문점,NNG
전주 여행,26,옥마,NNP
전주 여행,26,맛집,NNG
전주 여행,26,교동,NNP
전주 여행,26,시래,NNP
전주 여행,26,시래기,NNG
전주 여행,26,국밥,NNG
전주 여행,26,전문점,NNG
전주 여행,26,한옥마을,NNP
전주 여행,26,맛집,NNG
전주 여행,26,한옥마을,NNP
전주 여행,26,아침,NNG
전주 여행,26,식사,NNG
전주 여행,26,시래기,NNG
전주 여행,26,국밥,NNG
전주 여행,26,한옥,NNG
전주 여행,26,마을,NNG
전주 여행,26,에서,JKB
전주 여행,26,아침,NNG
전주 여행,26,11,SN
전주 여행,26,시각,NNG
전주 여행,26,인데,VCP+EC
전주 여행,26,아침,NNG
전주 여행,26,식사,NNG
전주 여행,26,가능,NNG
전주 여행,26,식당,NNG
전주 여행,27,풍년제,NNP
전주 여행,27,수제,NNG
전주 여행,27,초코파이,NNP
전주 여행,27,Poongnyun,SL
전주 여행,27,Bakery,SL
전주 여행,27,PNB,SL
전주 여행,27,Bakery,SL
전주 여행,27,Choco,SL
전주 여행,27,Pie,SL
전주 여행,27,에서,JKB
전주 여행,27,봐야,VX+EC
전주 여행,27,초코파이,NNP
전주 여행,27,풍년제,NNP
전주 여행,27,Jeonju,SL
전주 여행,27,Hanok,SL
전주 여행,27,Village,SL
전주 여행,27,PNB,SL
전주 여행,27,Bakery,SL
전주 여행,27,Poongnyun,SL
전주 여행,27,Bakery,SL
전주 여행,27,in,SL
전주 여행,27,Jeonju,SL
전주 여행,27,si,SL
전주 여행,27,우리,NP
전주 여행,27,만든,VV+ETM
전주 여행,27,달달,MAG
전주 여행,27,초코파이,NNP
전주 여행,27,어머,IC
전주 여행,27,이건,NP+JX
전주 여행,27,어야,EC
전주 여행,27,한옥,NNG
전주 여행,27,마을,NNG
전주 여행,27,에서,JKB
전주 여행,27,여럿,NNG
전주 여행,27,보이,VV
전주 여행,28,171216,SN
전주 여행,28,17,SN
전주 여행,28,국내,NNG
전주 여행,28,171216,SN
전주 여행,28,17,SN
전주 여행,28,네오,NNP
전주 여행,28,2018,SN
전주 여행,28,10,SN
전주 여행,28,11,SN
전주 여행,28,간식,NNG
전주 여행,28,추억,NNG
전주 여행,28,가게,NNG
전주 여행,28,구경,NNG
전주 여행,28,카카오,NNG
전주 여행,28,캐릭터,NNG
전주 여행,28,달고나,NNP
전주 여행,28,불량,NNG
전주 여행,28,식품,NNG
전주 여행,28,가지,VX
전주 여행,28,나왔,VV+EP
전주 여행,28,여기,NP
전주 여행,28,완자,NNG
전주 여행,28,꼬치,NNG
전주 여행,28,체다,NNP
전주 여행,28,치즈,NNG
전주 여행,28,완자,NNG
전주 여행,28,꼬치,NNG
전주 여행,28,사고,NNG
전주 여행,29,알라딘,NNP
전주 여행,29,100,SN
전주 여행,29,자평,NNG
전주 여행,29,레시피,NNG
전주 여행,29,레시피,NNG
전주 여행,29,Happy,SL
전주 여행,29,Travel,SL
전주 여행,29,김주미,NNP
전주 여행,29,지음,NNG
전주 여행,29,즐거운,VA+ETM
전주 여행,29,상상,NNG
전주 여행,29,2013,SN
전주 여행,29,평점,NNG
전주 여행,29,구판,NNG
전주 여행,29,절판,NNG
전주 여행,29,처음,NNG
전주 여행,29,되게,MAG
전주 여행,29,아기자기,MAG
전주 여행,29,해서,VV+EC
전주 여행,29,기대,NNG
전주 여행,29,는데,EC
전주 여행,29,직접,MAG
전주 여행,29,되게,MAG
전주 여행,29,편집,NNG
전주 여행,29,너무,MAG
전주 여행,29,조잡,XR
전주 여행,30,짜장,MAG
전주 여행,30,맛집,NNG
전주 여행,30,수정관,NNG
전주 여행,30,짜장,MAG
전주 여행,30,강추,NNG
전주 여행,30,먹여,VV+EC
전주 여행,30,줄께,VX+EC
전주 여행,30,중화요리,NNG
전주 여행,30,입니다,VCP+EF
전주 여행,30,인터넷,NNG
전주 여행,30,데프콘,NNP
전주 여행,30,짜장,MAG
전주 여행,30,으로,JKB
전주 여행,30,유명,XR
전주 여행,30,더라고요,EF
전주 여행,30,솔직히,MAG
전주 여행,30,짜장,MAG
전주 여행,30,어디,NP
전주 여행,30,어도,EC
전주 여행,30,배신,NNG
전주 여행,30,없이,MAG
전주 여행,30,맛있,VA
전주 여행,30,습니다,EF
전주 여행,30,여긴,NP+JX
전주 여행,31,한옥마을,NNP
전주 여행,31,에서,JKB
전주 여행,31,들려,VV+EC
전주 여행,31,아야,EC
전주 여행,31,산책,NNG
전주 여행,31,코스,NNG
전주 여행,31,일차,NNG
전주 여행,31,다가,EC
전주 여행,31,팔자,NNG
전주 여행,31,보너스,NNG
전주 여행,31,시간,NNG
전주 여행,31,이투,NNG
전주 여행,31,케이,NNG
전주 여행,31,에게,JKB
전주 여행,31,주어지,VV
전주 여행,31,이투,NNG
전주 여행,31,케이,NNG
전주 여행,31,에게,JKB
전주 여행,31,주어진,VV+ETM
전주 여행,31,시간,NNG
전주 여행,31,달랑,MAG
전주 여행,31,시간,NNG
전주 여행,31,30,SN
전주 여행,31,산책,NNG
전주 여행,31,시간,NNG
전주 여행,31,투자,NNG
전주 여행,31,백화점,NNG
전주 여행,31,부근,NNG
전주 여행,31,에서,JKB
전주 여행,31,으로,JKB
전주 여행,32,친구,NNG
전주 여행,32,와서,VV+EC
전주 여행,32,한옥마을,NNP
전주 여행,32,텐가,NNB+VCP+EC
전주 여행,32,한옥,NNP
전주 여행,32,일바,NNP
전주 여행,32,새로운,VA+ETM
전주 여행,32,길거리,NNG
전주 여행,32,한옥,NNP
전주 여행,32,레일바이크,NNP
전주 여행,32,사랑,NNG
전주 여행,32,연인,NNG
전주 여행,32,한옥,NNG
전주 여행,32,마을,NNG
전주 여행,32,에서,JKB
전주 여행,32,한복,NNG
전주 여행,32,데이트,NNG
전주 여행,32,즐기,VV
전주 여행,32,다시,MAG
전주 여행,32,아중역,NNP
전주 여행,32,에서,JKB
전주 여행,32,한옥,NNP
전주 여행,32,레일바이크,NNP
전주 여행,32,같이,MAG
전주 여행,32,본다면,VX+EC
전주 여행,32,영원,NNG
전주 여행,32,추억,NNG
전주 여행,32,대한,VV+ETM
전주 여행,33,마전,NNG
전주 여행,33,고분군,NNP
전주 여행,33,서부,NNG
전주 여행,33,신시가지,NNG
전주 여행,33,문학,NNG
전주 여행,33,문화,NNG
전주 여행,33,공간,NNG
전주 여행,33,으로,JKB
전주 여행,33,조성,NNG
전주 여행,33,고분군,NNP
전주 여행,33,모여,VV+EC
전주 여행,33,에서,JKB
전주 여행,33,들려,VV+EC
전주 여행,33,봐야,VX+EC
전주 여행,33,공원,NNG
전주 여행,33,으로,JKB
전주 여행,33,오르,VV
전주 여행,33,오른쪽,NNG
전주 여행,33,계단,NNG
전주 여행,33,으로,JKB
전주 여행,33,입구,NNG
전주 여행,33,바로,MAG
전주 여행,33,이씨,IC
전주 여행,33,조선,NNP
전주 여행,33,이씨,IC
전주 여행,33,문종,NNG
전주 여행,34,알라딘,NNP
전주 여행,34,100,SN
전주 여행,34,자평,NNG
전주 여행,34,레시피,NNG
전주 여행,34,레시피,NNG
전주 여행,34,Happy,SL
전주 여행,34,Travel,SL
전주 여행,34,김주미,NNP
전주 여행,34,지음,NNG
전주 여행,34,즐거운,VA+ETM
전주 여행,34,상상,NNG
전주 여행,34,2013,SN
전주 여행,34,평점,NNG
전주 여행,34,구판,NNG
전주 여행,34,절판,NNG
전주 여행,34,다녀오,VV
전주 여행,34,구입,NNG
전주 여행,34,편집,NNG
전주 여행,34,깔끔,XR
전주 여행,35,후백제,NNG
전주 여행,35,견훤,NNP
전주 여행,35,숨결,NNG
전주 여행,35,느낄,VV+ETM
전주 여행,35,승암,NNG
전주 여행,35,조선,NNP
전주 여행,35,왕조,NNG
전주 여행,35,본향,NNG
전주 여행,35,후백제,NNG
전주 여행,35,도읍지,NNG
전주 여행,35,후백제,NNG
전주 여행,35,견훤,NNP
전주 여행,35,숨결,NNG
전주 여행,35,느낄,VV+ETM
전주 여행,35,동고,NNG
전주 여행,35,동고,NNG
전주 여행,35,완산,NNP
전주 여행,35,그립,NNG
전주 여행,35,군아,NNG
전주 여행,35,유언,NNG
전주 여행,35,남기,VV
전주 여행,35,다는,ETM
전주 여행,35,견훤,NNP
전주 여행,35,도읍,NNG
전주 여행,35,정하,VV
전주 여행,35,사고사,NNG
전주 여행,36,일제,NNG
전주 여행,36,강점기,NNG
전주 여행,36,아픈,VA+ETM
전주 여행,36,역사,NNG
전주 여행,36,흔적,NNG
전주 여행,36,역사,NNG
전주 여행,36,공원,NNG
전주 여행,36,다가,EC
전주 여행,36,공원,NNG
전주 여행,36,완산,NNP
전주 여행,36,오래,NNG
전주 여행,36,역사,NNG
전주 여행,36,공원,NNG
전주 여행,36,그러나,MAJ
전주 여행,36,슬픈,VA+ETM
전주 여행,36,아픈,VA+ETM
전주 여행,36,역사,NNG
전주 여행,36,지니,VV
전주 여행,36,공원,NNG
전주 여행,36,우뚝,MAG
전주 여행,36,다가산,NNG
전주 여행,36,정상,NNG
전주 여행,36,훤히,MAG
전주 여행,36,내려다,VV+EC
전주 여행,36,보이,VV
전주 여행,36,명단,NNG
전주 여행,36,명당,NNG
전주 여행,37,아중,NNG
전주 여행,37,호숫가,NNG
전주 여행,37,소공원,NNG
전주 여행,37,호동,NNG
전주 여행,37,어린이,NNG
전주 여행,37,공원,NNG
전주 여행,37,호동,NNG
전주 여행,37,시민,NNG
전주 여행,37,누구,NP
전주 여행,37,이름,NNG
전주 여행,37,예전,NNG
전주 여행,37,쓰래,NNG
전주 여행,37,매립장,NNG
전주 여행,37,지금,MAG
전주 여행,37,호공,NNP
전주 여행,37,들렸,VV+EP
전주 여행,37,다가,EC
전주 여행,37,오후,NNG
전주 여행,37,시간,NNG
전주 여행,37,시간,NNG
전주 여행,37,들려,VV+EC
전주 여행,37,아중,NNG
전주 여행,37,호수,NNG
전주 여행,37,중리,NNG
전주 여행,37,레일바이크,NNP
전주 여행,37,그리고,MAJ
전주 여행,38,조선,NNP
전주 여행,38,시대,NNG
전주 여행,38,별장,NNG
전주 여행,38,한옥마을,NNP
전주 여행,38,임실,NNP
전주 여행,38,슬치,NNP
전주 여행,38,고개,NNG
전주 여행,38,에서,JKB
전주 여행,38,발원,NNG
전주 여행,38,당과,NNG
전주 여행,38,만나,VV+EC
전주 여행,38,아름다운,VA+ETM
전주 여행,38,경관,NNG
전주 여행,38,만들,VV
전주 여행,38,하나,NR
전주 여행,38,조선,NNP
전주 여행,38,개국,NNG
전주 여행,38,도운,VV+ETM
전주 여행,38,공신,NNG
전주 여행,38,집현전,NNG
전주 여행,38,직제학,NNG
전주 여행,38,지낸,VV+ETM
전주 여행,38,월당,NNG
전주 여행,38,선생,NNG
전주 여행,38,태조,NNG
전주 여행,39,조선왕조실록,NNP
전주 여행,39,피난,NNG
전주 여행,39,수난사,NNG
전주 여행,39,사고,NNG
전주 여행,39,사고,NNG
전주 여행,39,국보,NNG
전주 여행,39,151,SN
전주 여행,39,조선왕조실록,NNP
전주 여행,39,전하,VV
전주 여행,39,보관,NNG
전주 여행,39,위해,VV+EC
전주 여행,39,만들,VV
전주 여행,39,경기,NNG
전주 여행,39,전안,NNG
전주 여행,39,건물,NNG
전주 여행,39,사고,NNG
전주 여행,39,임진왜란,NNG
전주 여행,39,당시,NNG
전주 여행,39,조성,NNG
전주 여행,39,왕조,NNG
전주 여행,39,실록,NNG
전주 여행,39,피신,NNG
전주 여행,39,수난사,NNG
전주 여행,39,한눈,NNG
전주 여행,39,사고,NNG
전주 여행,40,이씨,IC
전주 여행,40,조선,NNP
전주 여행,40,본향,NNG
전주 여행,40,한옥,NNG
전주 여행,40,마을,NNG
전주 여행,40,경기전,NNG
전주 여행,40,진박,NNG
전주 여행,40,이씨,IC
전주 여행,40,조선,NNP
전주 여행,40,본향,NNG
전주 여행,40,한옥마을,NNP
전주 여행,40,한옥마을,NNP
전주 여행,40,전국,NNG
전주 여행,40,에서,JKB
전주 여행,40,제일,MAG
전주 여행,40,유명,XR
전주 여행,40,한옥마을,NNP
전주 여행,40,한옥,NNG
전주 여행,40,마을,NNG
전주 여행,40,경기전,NNG
전주 여행,40,경기,NNG
전주 여행,40,전안,NNG
전주 여행,40,태조,NNP
전주 여행,40,이성계,NNP
전주 여행,40,어진,NNG
전주 여행,40,모시,VV
전주 여행,40,어진,NNG
전주 여행,41,에서,JKB
전주 여행,41,달랑,MAG
전주 여행,41,20,SN
전주 여행,41,산책,NNG
전주 여행,41,추억,NNG
전주 여행,41,일요일,NNG
전주 여행,41,오후,NNG
전주 여행,41,일차,NNG
전주 여행,41,다가,EC
전주 여행,41,팔자,NNG
전주 여행,41,보너스,NNG
전주 여행,41,시간,NNG
전주 여행,41,30,SN
전주 여행,41,이투,NNG
전주 여행,41,케이,NNG
전주 여행,41,에게,JKB
전주 여행,41,주어지,VV
전주 여행,41,트리,NNG
전주 여행,41,시간,NNG
전주 여행,41,보내,VV
전주 여행,41,안성맞춤,NNG
전주 여행,41,산책,NNG
전주 여행,41,시간,NNG
전주 여행,41,투자,NNG
전주 여행,42,180812,SN
전주 여행,42,아이,NNG
전주 여행,42,한옥,NNG
전주 여행,42,마을,NNG
전주 여행,42,으로,JKB
전주 여행,42,산책,NNG
전주 여행,42,군것질,NNG
전주 여행,42,함께,MAG
전주 여행,42,개인,NNG
전주 여행,42,으로,JKB
전주 여행,42,가장,MAG
전주 여행,42,만족,NNG
전주 여행,42,스러웠,XSA+EP
전주 여행,42,마약,NNG
전주 여행,42,육전,NNG
전주 여행,42,추억,NNG
전주 여행,42,남겨줄,VV+EC+VX+ETM
전주 여행,42,사진,NNG
전주 여행,42,조미료,NNG
전주 여행,42,위해,VV+EC
전주 여행,42,한복,NNG
전주 여행,42,대여,NNG
전주 여행,42,헤어,NNG
전주 여행,42,사진,NNG
전주 여행,42,세트,NNG
전주 여행,42,라고,VCP+EC
전주 여행,42,가족,NNG
전주 여행,42,한복,NNG
전주 여행,42,체험,NNG
전주 여행,42,시작,NNG
전주 여행,42,사진관,NNG
전주 여행,42,에서,JKB
전주 여행,42,사진,NNG
전주 여행,42,촬영,NNG
전주 여행,42,마을,NNG
전주 여행,42,투어,NNG
전주 여행,43,친환경,NNG
전주 여행,43,생태,NNG
전주 여행,43,도시,NNG
전주 여행,43,에코,NNP
전주 여행,43,시티,NNG
전주 여행,43,자랑거리,NNG
전주 여행,43,병호,NNP
전주 여행,43,병공,NNG
전주 여행,43,에코,NNP
전주 여행,43,시티,NNG
전주 여행,43,조성,NNG
전주 여행,43,공원,NNG
전주 여행,43,한옥마을,NNP
전주 여행,43,에서,JKB
전주 여행,43,나아가,VV+EC
전주 여행,43,에서,JKB
전주 여행,43,들려,VV+EC
전주 여행,43,코스,NNG
전주 여행,43,이투,NNG
전주 여행,43,케이,NNG
전주 여행,43,손자,NNG
전주 여행,43,에코,NNP
전주 여행,43,시티,NNG
전주 여행,43,자주,MAG
전주 여행,43,들리,VV
전주 여행,43,세병,NNG
전주 여행,43,공원,NNG
전주 여행,44,연꽃,NNG
전주 여행,44,대한민국,NNP
전주 여행,44,연꽃,NNG
전주 여행,44,대표,NNG
전주 여행,44,관광지,NNG
전주 여행,44,덕진,NNP
전주 여행,44,공원,NNG
전주 여행,44,진연,NNG
전주 여행,44,201,SN
전주 여행,44,덕진,NNP
전주 여행,44,공원,NNG
전주 여행,44,코스,NNG
전주 여행,44,에서,JKB
전주 여행,44,빠트릴,VV+ETM
전주 여행,44,필수,NNG
전주 여행,44,코스,NNG
전주 여행,44,덕진,NNP
전주 여행,44,연못,NNG
전주 여행,44,연꽃,NNG
전주 여행,44,덕진,NNP
전주 여행,44,호수,NNG
전주 여행,44,가운데,NNG
전주 여행,44,가로지르,VV
전주 여행,44,현수교,NNG
전주 여행,44,연지,NNG
전주 여행,44,교등,NNG
전주 여행,44,주변,NNG
전주 여행,44,경관,NNG
전주 여행,44,무척,MAG
전주 여행,44,아름다워,VA+EC
전주 여행,44,사진,NNG
전주 여행,44,으면,EC
전주 여행,44,무척,MAG
전주 여행,44,아름답,VA
전주 여행,44,연꽃,NNG
전주 여행,45,완산,NNP
전주 여행,45,칠봉,NNG
전주 여행,45,도심,NNG
전주 여행,45,하늘,NNG
전주 여행,45,정원,NNG
전주 여행,45,완산,NNP
전주 여행,45,공원,NNG
전주 여행,45,완산,NNP
전주 여행,45,공원,NNG
전주 여행,45,완산,NNP
전주 여행,45,공원,NNG
전주 여행,45,꽃동산,NNG
전주 여행,45,완산,NNP
전주 여행,45,칠봉,NNG
전주 여행,45,도심,NNG
전주 여행,45,공원,NNG
전주 여행,45,후백제,NNG
전주 여행,45,도읍지,NNG
전주 여행,45,조선,NNP
전주 여행,45,왕조,NNG
전주 여행,45,본향,NNG
전주 여행,45,대표,NNG
전주 여행,45,완산,NNP
전주 여행,45,칠봉,NNG
전주 여행,45,완산,NNP
전주 여행,45,고원,NNP
전주 여행,45,꽃동산,NNG
전주 여행,45,시립,NNG
전주 여행,45,도서관,NNG
전주 여행,45,에서,JKB
전주 여행,45,하늘,NNG
전주 여행,46,후백제,NNG
전주 여행,46,숨결,NNG
전주 여행,46,방산,NNG
전주 여행,46,고사,EC
전주 여행,46,후백제,NNG
전주 여행,46,도읍지,NNG
전주 여행,46,후백제,NNG
전주 여행,46,견훤,NNP
전주 여행,46,숨결,NNG
전주 여행,46,느낄,VV+ETM
전주 여행,46,효자동,NNG
전주 여행,46,서곡,NNG
전주 여행,46,지구,NNG
전주 여행,46,방산,NNG
전주 여행,46,서고,NNG
전주 여행,46,완산,NNP
전주 여행,46,그립,NNG
전주 여행,46,군아,NNG
전주 여행,46,유언,NNG
전주 여행,46,남기,VV
전주 여행,46,다는,ETM
전주 여행,46,견훤,NNP
전주 여행,46,도읍,NNG
전주 여행,46,정하,VV
전주 여행,47,알라딘,NNP
전주 여행,47,언제,NNG
전주 여행,47,라도,VCP+EC
전주 여행,47,다음,NNG
전주 여행,47,어요,EF
전주 여행,47,가장,MAG
전주 여행,47,북카페,NNP
전주 여행,47,카프카,NNP
전주 여행,47,다음,NNG
전주 여행,47,다니,VV
전주 여행,47,면서,EC
전주 여행,47,해봐야,XSV+EC+VX+EC+VX
전주 여행,47,어요,EF
전주 여행,47,요즘,NNG
전주 여행,47,다아,EC
전주 여행,48,한옥마을,NNP
전주 여행,48,분위기,NNG
전주 여행,48,어울리,VV
전주 여행,48,한옥마을,NNP
전주 여행,48,부채,NNG
전주 여행,48,박물,NNG
전주 여행,48,한옥마을,NNP
전주 여행,48,부채,NNG
전주 여행,48,박물관,NNG
전주 여행,48,선조,NNG
전주 여행,48,지혜,NNG
전주 여행,48,담긴,VV+ETM
전주 여행,48,부채,NNG
전주 여행,48,모든,MM
전주 여행,48,한옥,NNG
전주 여행,48,마을,NNG
전주 여행,48,글자,NNG
전주 여행,48,그대로,MAG
전주 여행,48,조선,NNP
전주 여행,48,시대,NNG
전주 여행,48,부채,NNG
전주 여행,48,부터,JX
전주 여행,48,중국,NNP
전주 여행,48,일본,NNP
전주 여행,48,부채,NNG
전주 여행,48,까지,JX
전주 여행,48,모든,MM
전주 여행,48,부채,NNG
전주 여행,48,전시,NNG
전주 여행,48,부채,NNG
전주 여행,48,박물관,NNG
전주 여행,48,한옥마을,NNP
전주 여행,49,국내,NNG
전주 여행,49,최고,NNG
전주 여행,49,수준,NNG
전주 여행,49,복합,NNG
전주 여행,49,문화,NNG
전주 여행,49,예술,NNG
전주 여행,49,공간,NNG
전주 여행,49,한국,NNP
전주 여행,49,소리,NNG
전주 여행,49,문화,NNG
전주 여행,49,전북,NNP
전주 여행,49,에서,JKB
전주 여행,49,매년,MAG
전주 여행,49,개최,NNG
전주 여행,49,세계,NNG
전주 여행,49,소리,NNG
전주 여행,49,축제,NNG
전주 여행,49,열리,VV
전주 여행,49,한국,NNP
전주 여행,49,소리,NNG
전주 여행,49,문화,NNG
전주 여행,49,2001,SN
전주 여행,49,이다,NNP
전주 여행,49,자랑,NNG
전주 여행,49,전북,NNP
전주 여행,49,자랑,NNG
전주 여행,49,면적,NNG
전주 여행,49,30,SN
전주 여행,49,184,SN
전주 여행,49,건물,NNG
전주 여행,49,면적,NNG
전주 여행,49,11,SN
전주 여행,49,064,SN
전주 여행,49,이나,JX
전주 여행,49,대형,NNG
전주 여행,49,아트,NNG
전주 여행,49,센터,NNG
전주 여행,50,완산,NNP
전주 여행,50,칠봉,NNG
전주 여행,50,생태,NNG
전주 여행,50,공원,NNG
전주 여행,50,완산,NNP
전주 여행,50,칠봉,NNG
전주 여행,50,생태,NNG
전주 여행,50,지원,NNG
전주 여행,50,완산,NNP
전주 여행,50,칠봉,NNG
전주 여행,50,생태,NNG
전주 여행,50,지원,NNG
전주 여행,50,완산,NNP
전주 여행,50,지명,NNG
전주 여행,50,이싸,NNP
전주 여행,50,조선,NNP
전주 여행,50,본향,NNG
전주 여행,50,후백제,NNG
전주 여행,50,도읍지,NNG
전주 여행,50,실제로,MAG
전주 여행,50,따라,VV+EC
전주 여행,50,산책,NNG
전주 여행,50,천변,NNG
전주 여행,50,산세,NNG
전주 여행,50,비경,NNG
전주 여행,50,완산,NNP
전주 여행,50,완산,NNP
전주 여행,50,칠봉,NNG
전주 여행,51,에코,NNP
전주 여행,51,시티,NNG
전주 여행,51,친환경,NNG
전주 여행,51,생태,NNG
전주 여행,51,공원,NNG
전주 여행,51,세병,NNG
전주 여행,51,공원,NNG
전주 여행,51,세병,NNG
전주 여행,51,한다는,VV+ETM
전주 여행,51,한다,VX+EC
전주 여행,51,공원,NNG
전주 여행,51,한옥마을,NNP
전주 여행,51,에서,JKB
전주 여행,51,나아가,VV+EC
전주 여행,51,에서,JKB
전주 여행,51,들려,VV+EC
전주 여행,51,코스,NNG
전주 여행,51,이투,NNG
전주 여행,51,케이,NNG
전주 여행,51,에코,NNP
전주 여행,51,시티,NNG
전주 여행,51,손자,NNG
전주 여행,51,자주,MAG
전주 여행,51,에코,NNP
전주 여행,51,시티,NNG
전주 여행,51,인데,VCP+EC
전주 여행,51,처음,NNG
전주 여행,51,으로,JKB
전주 여행,51,포스팅,NNP
전주 여행,51,한다,VV+EC
전주 여행,52,예향,NNG
전주 여행,52,도시,NNG
전주 여행,52,자랑거리,NNG
전주 여행,52,국립,NNG
전주 여행,52,무형,NNG
전주 여행,52,유산,NNG
전주 여행,52,박물관,NNG
전주 여행,52,예향,NNG
전주 여행,52,도시,NNG
전주 여행,52,무형,NNG
전주 여행,52,유산,NNG
전주 여행,52,박물관,NNG
전주 여행,52,자랑,NNG
전주 여행,52,스럽,XSA
전주 여행,52,어렴풋이,MAG
전주 여행,52,2013,SN
전주 여행,52,개관,NNG
전주 여행,52,자랑거리,NNG
전주 여행,52,시민,NNG
전주 여행,52,신나,VV
전주 여행,52,각종,NNG
전주 여행,52,무료,NNG
전주 여행,52,공연,NNG
전주 여행,52,계속,NNG
전주 여행,53,전동성당,NNP
전주 여행,53,초순,NNG
전주 여행,53,교지,NNG
전주 여행,53,한옥마을,NNP
전주 여행,53,필수,NNG
전주 여행,53,코스,NNG
전주 여행,53,함께,MAG
전주 여행,53,에서,JKB
전주 여행,53,들려,VV+EC
전주 여행,53,봐야,VX+EC
전주 여행,53,필수,NNG
전주 여행,53,코스,NNG
전주 여행,53,자주,MAG
전주 여행,53,그리고,MAJ
전주 여행,53,한옥마을,NNP
전주 여행,53,아내,NNG
전주 여행,53,남문,NNG
전주 여행,53,시장,NNG
전주 여행,53,에서,JKB
전주 여행,53,대국,NNG
전주 여행,53,그릇,NNG
전주 여행,53,한옥,NNG
전주 여행,53,마을,NNG
전주 여행,53,들린,VV+ETM
전주 여행,53,전동성당,NNP
전주 여행,53,자세히,MAG
전주 여행,53,둘러보,VV
전주 여행,54,2014,SN
전주 여행,54,12,SN
전주 여행,54,14,SN
전주 여행,54,요일,NNG
전주 여행,54,코스,NNG
전주 여행,54,한옥마을,NNP
전주 여행,54,둘러보,VV
전주 여행,54,전통,NNG
전주 여행,54,비빔밥,NNG
전주 여행,54,시식,NNP
전주 여행,54,덕진,NNP
전주 여행,54,공원,NNG
전주 여행,54,유적지,NNG
전주 여행,54,저녁,NNG
전주 여행,54,으로,JKB
전주 여행,54,떡갈비,NNG
전주 여행,54,시식,NNG
전주 여행,55,덕진,NNP
전주 여행,55,호수,NNG
전주 여행,55,연화교,NNG
전주 여행,55,변신,NNG
전주 여행,55,덕진,NNP
전주 여행,55,공원,NNG
전주 여행,55,210425,SN
전주 여행,55,에서,JKB
전주 여행,55,홀로,MAG
전주 여행,55,덕진,NNP
전주 여행,55,공원,NNG
전주 여행,55,들려,VV+EC
전주 여행,55,연화교,NNG
전주 여행,55,덕진,NNP
전주 여행,55,공원,NNG
전주 여행,55,모습,NNG
전주 여행,55,어떤,MM
전주 여행,55,모습,NNG
전주 여행,55,일까,VCP+EC
전주 여행,55,연화교,NNG
전주 여행,55,어떤,MM
전주 여행,55,모습,NNG
전주 여행,55,으로,JKB
전주 여행,55,변신,NNG
전주 여행,55,을까,EC
전주 여행,55,궁금,XR
전주 여행,55,마음,NNG
전주 여행,55,으로,JKB
전주 여행,55,시간,NNG
전주 여행,55,자투리,NNG
전주 여행,56,2015,SN
전주 여행,56,01,SN
전주 여행,56,30,SN
전주 여행,56,한옥마을,NNP
전주 여행,56,야시장,NNG
전주 여행,56,남부,NNG
전주 여행,56,시장,NNG
전주 여행,56,청년,NNG
전주 여행,56,구경,NNG
전주 여행,56,2015,SN
전주 여행,56,01,SN
전주 여행,56,30,SN
전주 여행,56,한옥,NNP
전주 여행,56,스테이,NNP
전주 여행,56,태조,NNP
전주 여행,56,마루,NNP
전주 여행,56,한옥마을,NNP
전주 여행,56,먹거리,NNG
전주 여행,56,구경,NNG
전주 여행,56,http,SL
전주 여행,56,sweetcity,SL
전주 여행,56,tistory,SL
전주 여행,56,com,SL
전주 여행,56,1725,SN
전주 여행,56,사장,NNG
전주 여행,56,알려,VV+EC
전주 여행,56,야시장,NNG
전주 여행,56,구경,NNG
전주 여행,56,광화문,NNG
전주 여행,56,처럼,JKB
전주 여행,56,세월,NNG
전주 여행,56,천막,NNG
전주 여행,56,울컥,MAG
전주 여행,56,조명,NNG
전주 여행,56,멋진,VA+ETM
전주 여행,56,풍남문,NNG
전주 여행,57,대사습놀이,NNG
전주 여행,57,한옥마을,NNP
전주 여행,57,구경,NNG
전주 여행,57,맞추,VV
전주 여행,57,매년,MAG
전주 여행,57,열리,VV
전주 여행,57,전국,NNG
전주 여행,57,대회,NNG
전주 여행,57,판소리,NNG
전주 여행,57,명창,NNG
전주 여행,57,일반,NNG
전주 여행,57,농악,NNG
전주 여행,57,무용,NNG
전주 여행,57,기악,NNG
전주 여행,57,시조,NNG
전주 여행,57,민요,NNG
전주 여행,57,가야금,NNG
전주 여행,57,명창,NNG
전주 여행,57,궁도,NNG
전주 여행,57,명고,NNG
전주 여행,57,까지,JX
전주 여행,57,10,SN
전주 여행,57,부분,NNG
전주 여행,57,으로,JKB
전주 여행,57,치러,VV+EC
전주 여행,57,전국,NNG
전주 여행,57,경연,NNG
전주 여행,57,대회,NNG
전주 여행,57,대사습놀이,NNG
전주 여행,57,전국,NNG
전주 여행,57,대회,NNG
전주 여행,57,로서,JKB
전주 여행,57,무척,MAG
전주 여행,58,옛날,NNG
전주 여행,58,물건,NNG
전주 여행,58,모두,MAG
전주 여행,58,이곳,NP
전주 여행,58,전시,NNG
전주 여행,58,한옥마을,NNP
전주 여행,58,한옥마을,NNP
전주 여행,58,루이,NNP
전주 여행,58,엘모,NNG
전주 여행,58,자박,NNG
전주 여행,58,물관,NNG
전주 여행,58,바로,MAG
전주 여행,58,추억,NNG
전주 여행,58,박물관,NNG
전주 여행,58,건물,NNG
전주 여행,58,입장료,NNG
전주 여행,58,000,SN
전주 여행,58,전시,NNG
전주 여행,58,공간,NNG
전주 여행,58,전라북도,NNP
전주 여행,58,문화,NNG
전주 여행,58,예술,NNG
전주 여행,58,재단,NNG
전주 여행,58,어느,MM
전주 여행,58,지원,NNG
전주 여행,58,된다면,VV+EC
전주 여행,58,얼마나,MAG
전주 여행,58,을까,EC
전주 여행,58,생각,NNG
전주 여행,58,본다,VV+EC
전주 여행,59,한옥마을,NNP
전주 여행,59,에서,JKB
전주 여행,59,봐야,VX+EC
전주 여행,59,풍남문,NNG
전주 여행,59,이씨,IC
전주 여행,59,조선,NNP
전주 여행,59,본향,NNG
전주 여행,59,한옥마을,NNP
전주 여행,59,에서,JKB
전주 여행,59,들려,VV+EC
전주 여행,59,아야,EC
전주 여행,59,경기전,NNG
전주 여행,59,진박,NNG
전주 여행,59,물관,NNG
전주 여행,59,아야,EC
전주 여행,59,지만,EC
전주 여행,59,풍남문,NNG
전주 여행,59,봐야,VX+EC
전주 여행,59,한다,VX+EC
전주 여행,59,보물,NNG
전주 여행,59,308,SN
전주 여행,59,풍남문,NNG
전주 여행,59,대표,NNG
전주 여행,60,가즈,NNP
전주 여행,60,젊음,NNG
전주 여행,60,넘치,VV
전주 여행,60,거리,NNG
전주 여행,60,객사,NNG
전주 여행,60,에서,JKB
전주 여행,60,아야,EC
전주 여행,60,필수,NNG
전주 여행,60,코스,NNG
전주 여행,60,결혼식,NNG
전주 여행,60,참석,NNG
전주 여행,60,벚꽃,NNG
전주 여행,60,명소,NNG
전주 여행,60,이자,NNG
전주 여행,60,데이트,NNG
전주 여행,60,코스,NNG
전주 여행,60,유명,XR
전주 여행,60,아중,NNG
전주 여행,60,리저,NNP
전주 여행,60,수지,NNG
전주 여행,60,들린,VV+ETM
전주 여행,60,영화,NNG
전주 여행,60,거리,NNG
전주 여행,60,객사,NNG
전주 여행,60,까지,JX
전주 여행,60,돌아보,VV
전주 여행,61,필수,NNG
전주 여행,61,코스,NNG
전주 여행,61,천상,NNG
전주 여행,61,정원,NNG
전주 여행,61,한국도로공사,NNP
전주 여행,61,고도,NNG
전주 여행,61,그리고,MAJ
전주 여행,61,이씨,IC
전주 여행,61,조선,NNP
전주 여행,61,본향,NNG
전주 여행,61,들려,VV+EC
전주 여행,61,아야,EC
전주 여행,61,필수,NNG
전주 여행,61,코스,NNG
전주 여행,61,한국도로공사,NNP
전주 여행,61,수목원,NNG
전주 여행,61,월드컵,NNG
전주 여행,61,경기장,NNG
전주 여행,61,부근,NNG
전주 여행,61,고속도,NNG
전주 여행,61,도로변,NNG
전주 여행,62,한옥마을,NNP
전주 여행,62,한국,NNP
전주 여행,62,관광,NNG
전주 여행,62,100,SN
전주 여행,62,빛나,VV
전주 여행,62,우리나라,NNG
전주 여행,62,대표,NNG
전주 여행,62,이외,NNG
전주 여행,62,향교,NNG
전주 여행,62,목대,NNG
전주 여행,62,그리고,MAJ
전주 여행,62,벽화,NNG
전주 여행,62,마을,NNG
전주 여행,62,전통주,NNG
전주 여행,62,박물관,NNG
전주 여행,62,승광,NNP
전주 여행,62,들려,VV+EC
전주 여행,62,한옥마을,NNP
전주 여행,62,에서,JKB
전주 여행,62,은퇴,NNG
전주 여행,62,사진,NNG
전주 여행,62,작가,NNG
전주 여행,62,왕성,XR
전주 여행,62,활동,NNG
전주 여행,62,절친,NNG
전주 여행,62,우연히,MAG
전주 여행,62,만나,VV+EC
전주 여행,62,사진,NNG
전주 여행,62,서로,MAG
전주 여행,63,한옥마을,NNP
전주 여행,63,전망대,NNG
전주 여행,63,이성계,NNP
전주 여행,63,장군,NNG
전주 여행,63,승전,NNG
전주 여행,63,연회,NNG
전주 여행,63,장소,NNG
전주 여행,63,목대,NNG
전주 여행,63,한옥마을,NNP
전주 여행,63,다녀왔,VV+EP
전주 여행,63,한옥마을,NNP
전주 여행,63,경기,NNG
전주 여행,63,어진,VA+ETM
전주 여행,63,박물관,NNG
전주 여행,63,풍남문,NNG
전주 여행,63,남문,NNG
전주 여행,63,시장,NNG
전주 여행,63,그리고,MAJ
전주 여행,63,최근,NNG
전주 여행,63,개장,NNG
전주 여행,63,전라,NNP
전주 여행,63,감영,NNG
전주 여행,63,까지,JX
전주 여행,63,돌아보,VV
전주 여행,63,목대,NNG
전주 여행,63,올랐,VV+EP
전주 여행,63,가까이,MAG
전주 여행,63,자주,MAG
전주 여행,63,들리,VV
전주 여행,63,이나,JC
전주 여행,63,마다,JX
전주 여행,63,새롭,VA
전주 여행,63,다시,MAG
전주 여행,64,SK,SL
전주 여행,64,LTE,SL
전주 여행,64,어디,NP
전주 여행,64,까지,JX
전주 여행,64,맛있,VA
전주 여행,64,맛있,VA
전주 여행,64,2012,SN
전주 여행,64,08,SN
전주 여행,64,27,SN
전주 여행,64,06,SN
전주 여행,64,30,SN
전주 여행,64,IT,SL
전주 여행,64,서비스,NNG
전주 여행,64,Web,SL
전주 여행,64,Service,SL
전주 여행,64,작성자,NNG
전주 여행,64,니아,EC
전주 여행,64,https,SL
전주 여행,64,map,SL
전주 여행,64,naver,SL
전주 여행,64,com,SL
전주 여행,64,entry,SL
전주 여행,64,place,SL
전주 여행,64,1589368656,SN
전주 여행,64,광고,NNG
전주 여행,64,제주,NNP
전주 여행,64,유럽,NNP
전주 여행,64,코티지,NNP
전주 여행,64,감성,NNG
전주 여행,64,지독,NNG
전주 여행,64,프라이빗,NNG
전주 여행,64,제주,NNP
전주 여행,64,유럽,NNP
전주 여행,64,감성,NNG
전주 여행,65,인상,NNG
전주 여행,65,마중,NNG
전주 여행,65,도로공원,NNG
전주 여행,65,2011,SN
전주 여행,65,마중,NNG
전주 여행,65,기차,NNG
전주 여행,65,에서,JKB
전주 여행,65,내리,VV
전주 여행,65,처음,NNG
전주 여행,65,으로,JKB
전주 여행,65,만나,VV
전주 여행,65,마중,NNG
전주 여행,65,첫인상,NNG
전주 여행,65,마중,NNG
전주 여행,65,여름,NNG
전주 여행,65,마중,NNG
전주 여행,65,여름,NNG
전주 여행,65,무더위,NNG
전주 여행,65,피할,VV+ETM
전주 여행,65,어린이,NNG
전주 여행,66,아중,NNG
전주 여행,66,호수,NNG
전주 여행,66,나무,NNG
전주 여행,66,데크,NNP
전주 여행,66,산책로,NNG
전주 여행,66,따라,VV+EC
전주 여행,66,산책,NNG
전주 여행,66,220403,SN
전주 여행,66,예전,NNG
전주 여행,66,오래,MAG
전주 여행,66,부터,JX
전주 여행,66,중리,NNG
전주 여행,66,아중,NNG
전주 여행,66,호수,NNG
전주 여행,66,야성,NNG
전주 여행,66,이루,VV
전주 여행,66,유명,XR
전주 여행,66,벚꽃,NNG
전주 여행,66,구경,NNG
전주 여행,66,갈까,VX+EF
전주 여행,66,또는,MAJ
전주 여행,66,민물,NNG
전주 여행,66,매운탕,NNG
전주 여행,66,으러,EC
전주 여행,66,갈까,VV+EC
전주 여행,66,기린,NNG
전주 여행,66,등산,NNG
전주 여행,66,등등,NNB
전주 여행,66,여러,MM
전주 여행,66,가지,NNBC
전주 여행,66,목적,NNG
전주 여행,66,여러,MM
전주 여행,66,들리,VV
전주 여행,67,한국,NNP
전주 여행,67,도로공사,NNP
전주 여행,67,수목원,NNG
전주 여행,67,코앞,NNG
전주 여행,67,시민,NNG
전주 여행,67,쉼터,NNG
전주 여행,67,총화,NNG
전주 여행,67,그리고,MAJ
전주 여행,67,기독교,NNG
전주 여행,67,방송국,NNG
전주 여행,67,예전,NNG
전주 여행,67,고속도,NNG
전주 여행,67,나들목,NNG
전주 여행,67,자리,NNG
전주 여행,67,그곳,NP
전주 여행,67,지금,MAG
전주 여행,67,시민,NNG
전주 여행,67,위한,VV+ETM
전주 여행,67,쉼터,NNG
전주 여행,67,조성,NNG
전주 여행,67,나들목,NNG
전주 여행,67,가족,NNG
전주 여행,67,공원,NNG
전주 여행,67,인터체인지,NNG
전주 여행,67,월드컵,NNG
전주 여행,67,경기장,NNG
전주 여행,67,에서,JKB
전주 여행,68,이씨,IC
전주 여행,68,조선,NNP
전주 여행,68,본향,NNG
전주 여행,68,자랑거리,NNG
전주 여행,68,덕진,NNP
전주 여행,68,연못,NNG
전주 여행,68,연꽃,NNG
전주 여행,68,덕진,NNP
전주 여행,68,공원,NNG
전주 여행,68,이씨,IC
전주 여행,68,조선,NNP
전주 여행,68,본향,NNG
전주 여행,68,명물,NNG
전주 여행,68,상징,NNG
전주 여행,68,덕진,NNP
전주 여행,68,공원,NNG
전주 여행,68,필수,NNG
전주 여행,68,코스,NNG
전주 여행,68,덕진,NNP
전주 여행,68,호수,NNG
전주 여행,68,가운데,NNG
전주 여행,68,현수교,NNG
전주 여행,68,연꽃,NNG
전주 여행,68,양분,NNG
전주 여행,68,아름다운,VA+ETM
전주 여행,68,덕진,NNP
전주 여행,68,연못,NNG
전주 여행,69,광주,NNP
전주 여행,69,출발,MAG
전주 여행,69,당신,NP
전주 여행,69,놓치,VV
전주 여행,69,아야,EC
전주 여행,69,지역,NNG
전주 여행,69,특색,NNG
전주 여행,69,함께,MAG
전주 여행,69,살펴보,VV
전주 여행,69,세요,EP+EF
전주 여행,69,한옥마을,NNP
전주 여행,69,매력,NNG
전주 여행,69,광주,NNP
전주 여행,69,에서,JKB
전주 여행,69,시간,NNBC
전주 여행,69,거리,NNG
전주 여행,69,위치,NNG
전주 여행,69,습니다,EF
전주 여행,69,한옥마을,NNP
전주 여행,69,한국,NNP
전주 여행,69,전통,NNG
전주 여행,69,가옥,NNG
전주 여행,69,아름다움,VA+ETN
전주 여행,69,느낄,VV+ETM
전주 여행,69,장소,NNG
전주 여행,70,한옥마을,NNP
전주 여행,70,대한민국,NNP
전주 여행,70,대표,NNG
전주 여행,70,com,SL
전주 여행,70,15815131,SN
전주 여행,70,난장,NNG
전주 여행,70,박물관,NNG
전주 여행,70,한옥마을,NNP
전주 여행,70,이색,NNG
전주 여행,70,옛날,NNG
전주 여행,70,볼거리,NNG
전주 여행,70,생일,NNG
전주 여행,70,손자,NNG
전주 여행,70,한옥,NNG
전주 여행,70,마을,NNG
전주 여행,70,에서,JKB
전주 여행,70,신나,VV
전주 여행,70,하루,NNG
전주 여행,70,보냈,VV+EP
전주 여행,70,점심,NNG
전주 여행,70,한옥,NNG
전주 여행,70,마을,NNG
전주 여행,70,에서,JKB
전주 여행,70,제일,MAG
전주 여행,70,유명,XR
전주 여행,70,먹거리,NNG
전주 여행,70,갈비,NNG
전주 여행,71,홈페이지,NNG
전주 여행,71,제작,NNG
전주 여행,71,해외,NNG
전주 여행,71,골프,NNG
전주 여행,71,투어,NNG
전주 여행,71,전문,NNG
전주 여행,71,온라인,NNG
전주 여행,71,견적,NNG
전주 여행,71,com,SL
전주 여행,71,하나,NR
전주 여행,71,단독,NNG
전주 여행,71,투어,NNG
전주 여행,71,하나,NR
전주 여행,71,투어,NNG
전주 여행,71,공식,NNG
전주 여행,71,인증,NNG
전주 여행,71,예약,NNG
전주 여행,71,센터,NNG
전주 여행,71,해외,NNG
전주 여행,71,단체,NNG
전주 여행,71,하나,NR
전주 여행,71,투어,NNG
전주 여행,71,하나,NR
전주 여행,71,단독,NNG
전주 여행,71,투어,NNG
전주 여행,71,글로벌,NNG
전주 여행,71,투어,NNG
전주 여행,71,하나,NR
전주 여행,71,투어,NNG
전주 여행,71,공식,NNG
전주 여행,71,인증,NNG
전주 여행,71,예약,NNG
전주 여행,71,센터,NNG
전주 여행,71,해외,NNG
전주 여행,71,단체,NNG
전주 여행,71,하나,NR
전주 여행,71,투어,NNG
전주 여행,72,정월,NNG
전주 여행,72,보름,NNG
전주 여행,72,공연,NNG
전주 여행,72,전북,NNP
전주 여행,72,달맞이,NNG
전주 여행,72,good,SL
전주 여행,72,가세,NNG
전주 여행,72,음식,NNG
전주 여행,72,고장,NNG
전주 여행,72,이자,NNG
전주 여행,72,한옥마을,NNP
전주 여행,72,고장,NNG
전주 여행,72,복판,NNG
전주 여행,72,흐르,VV
전주 여행,72,광장,NNG
전주 여행,72,net,SL
전주 여행,72,2041,SN
전주 여행,72,15812600,SN
전주 여행,72,임실,NNP
전주 여행,72,가장,MAG
전주 여행,72,한국,NNP
전주 여행,72,신명,NNG
전주 여행,72,축제,NNG
전주 여행,72,필봉,NNG
전주 여행,72,마을,NNG
전주 여행,72,정월,NNG
전주 여행,72,보름,NNG
전주 여행,72,정월,NNG
전주 여행,72,보름날,NNG
전주 여행,73,지구촌,NNG
전주 여행,73,모자,NNG
전주 여행,73,모두,MAG
전주 여행,73,이곳,NP
전주 여행,73,이색,NNG
전주 여행,73,박물관,NNG
전주 여행,73,루이,NNP
전주 여행,73,모자,NNG
전주 여행,73,한옥마을,NNP
전주 여행,73,에서,JKB
전주 여행,73,모자,NNG
전주 여행,73,박물관,NNG
전주 여행,73,구경,NNG
전주 여행,73,한옥마을,NNP
전주 여행,73,서쪽,NNG
전주 여행,73,끝자락,NNG
전주 여행,73,루이,NNP
전주 여행,73,엘모,NNG
전주 여행,73,자박,NNG
전주 여행,73,물관,NNG
전주 여행,73,추억,NNG
전주 여행,73,박물관,NNG
전주 여행,73,별별,MM
전주 여행,73,박물관,NNG
전주 여행,73,박물관,NNG
전주 여행,73,구경거리,NNG
전주 여행,73,입장료,NNG
전주 여행,73,000,SN
전주 여행,73,박물관,NNG
전주 여행,74,전동,NNG
전주 여행,74,성당,NNG
전주 여행,74,에서,JKB
전주 여행,74,지란지교,NNG
전주 여행,74,꿈꾸,VV
전주 여행,74,달려간,VV+ETM
전주 여행,74,친구,NNG
전주 여행,74,약속,NNG
전주 여행,74,시간,NNG
전주 여행,74,오후,NNG
전주 여행,74,시간,NNG
전주 여행,74,틈새,NNG
전주 여행,74,전동,NNG
전주 여행,74,성당,NNG
전주 여행,74,으로,JKB
전주 여행,74,향하,VV
전주 여행,74,31,SN
전주 여행,74,수요일,NNG
전주 여행,74,오후,NNG
전주 여행,74,성당,NNG
전주 여행,74,행사,NNG
전주 여행,74,관계자,NNG
전주 여행,74,차량,NNG
전주 여행,74,임도,NNG
전주 여행,74,금하,VV
전주 여행,74,지만,EC
전주 여행,74,꼬까,NNG
전주 여행,74,한복,NNG
전주 여행,75,https,SL
전주 여행,75,blog,SL
전주 여행,75,naver,SL
전주 여행,75,com,SL
전주 여행,75,allga,SL
전주 여행,75,79,SN
전주 여행,75,전화,NNG
전주 여행,75,번호,NNG
전주 여행,75,063,SN
전주 여행,75,231,SN
전주 여행,75,3040,SN
전주 여행,75,도로,NNG
전주 여행,75,완산구,NNP
전주 여행,75,은행,NNG
전주 여행,75,74,SN
전주 여행,75,11,SN
전주 여행,75,지번,NNG
전주 여행,75,완산구,NNP
전주 여행,75,교동,NNP
전주 여행,75,91,SN
전주 여행,75,장점,NNG
전주 여행,75,숙박업,NNG
전주 여행,75,에서,JKB
전주 여행,75,샤워,NNG
전주 여행,75,타월,NNG
전주 여행,75,화장,NNG
전주 여행,75,거울,NNG
전주 여행,75,비누,NNG
전주 여행,75,클렌징,NNG
전주 여행,76,아야,EC
전주 여행,76,아시아,NNP
전주 여행,76,명소,NNG
전주 여행,76,KTX,SL
전주 여행,76,한옥마을,NNP
전주 여행,76,에서,JKB
전주 여행,76,시작,NNG
전주 여행,76,된다,XSV+EC
전주 여행,76,역사,NNG
전주 여행,76,한옥마을,NNP
전주 여행,76,이다,NNP
전주 여행,76,광장,NNG
전주 여행,76,나오,VV
전주 여행,76,한복,NNG
전주 여행,76,부채,NNG
전주 여행,76,예쁜,VA+ETM
전주 여행,76,아가씨,NNG
전주 여행,76,관광객,NNG
전주 여행,76,반겨,VV+EC
전주 여행,76,준다,VX+EC
전주 여행,77,난장,NNG
전주 여행,77,테마,NNG
전주 여행,77,박물관,NNG
전주 여행,77,7080,SN
전주 여행,77,감수,NNG
전주 여행,77,06,SN
전주 여행,77,00,SN
전주 여행,77,에서,JKB
전주 여행,77,이번,NNG
전주 여행,77,들린,VV+ETM
전주 여행,77,전북,NNP
전주 여행,77,유일,NNG
전주 여행,77,테마,NNG
전주 여행,77,박물관,NNG
전주 여행,77,7080,SN
전주 여행,77,감수,NNG
전주 여행,77,그대로,MAG
전주 여행,77,재현,NNG
전주 여행,77,입니다,VCP+EF
전주 여행,77,요즘,MAG
전주 여행,77,어딜,NP+JKO
전주 여행,77,7080,SN
전주 여행,77,내세우,VV
전주 여행,77,장소,NNG
전주 여행,77,많이,MAG
전주 여행,77,지만,EC
전주 여행,77,특히,MAG
전주 여행,77,이곳,NP
전주 여행,77,난장,NNG
전주 여행,77,그대,NP
전주 여행,77,감성,NNG
전주 여행,78,한옥마을,NNP
전주 여행,78,한울,NNP
전주 여행,78,밥상,NNG
전주 여행,78,맛집,NNG
전주 여행,78,터널,NNG
전주 여행,78,한울,NNP
전주 여행,78,밥상,NNG
전주 여행,78,터널,NNG
전주 여행,78,공존,NNG
전주 여행,78,도시,NNG
전주 여행,78,기대,NNG
전주 여행,78,됩니다,VV+EF
전주 여행,78,이번,NNG
전주 여행,78,조금,MAG
전주 여행,78,특별,NNG
전주 여행,78,는데,EC
전주 여행,78,원래,NNG
전주 여행,78,한옥,NNG
전주 여행,78,마을,NNG
전주 여행,78,안쪽,NNG
전주 여행,78,맛집,NNG
전주 여행,78,계획,NNG
전주 여행,78,지만,EC
전주 여행,78,우연히,MAG
전주 여행,78,들른,VV+ETM
전주 여행,78,가게,NNG
전주 여행,78,사장,NNG
전주 여행,79,숙영,NNG
전주 여행,79,가마솥,NNG
전주 여행,79,비빔밥,NNG
전주 여행,79,된장찌개,NNG
전주 여행,79,비빔밥,NNG
전주 여행,79,어울리,VV
전주 여행,79,조합,NNG
전주 여행,79,맛집,NNG
전주 여행,79,투어,NNG
전주 여행,79,숙영,NNG
전주 여행,79,비빔밥,NNG
전주 여행,79,방문,NNG
전주 여행,79,오래전,NNG
전주 여행,79,다녀온,VV+ETM
전주 여행,79,에서,JKB
전주 여행,79,음식,NNG
전주 여행,79,다면,EC
전주 여행,79,비빔밥,NNG
전주 여행,79,이번,NNG
전주 여행,79,와야,VX+EC+VX
전주 여행,79,생각,NNG
전주 여행,79,수많,VA
전주 여행,79,비빔밥,NNG
전주 여행,79,가게,NNG
전주 여행,79,검색,NNG
전주 여행,80,예정,NNG
전주 여행,80,럴럴럴,UNKNOWN
전주 여행,80,월드,NNG
전주 여행,80,티스토리,NNP
전주 여행,80,Diary,SL
전주 여행,80,예정,NNG
전주 여행,80,랄랄라,IC
전주 여행,80,lalalabro,SL
전주 여행,80,2018,SN
전주 여행,80,03,SN
전주 여행,80,27,SN
전주 여행,80,11,SN
전주 여행,80,36,SN
전주 여행,80,Let,SL
전주 여행,80,Go,SL
전주 여행,80,2018,SN
전주 여행,80,30,SN
전주 여행,80,막걸리,NNG
전주 여행,80,안주,NNG
전주 여행,80,한옥마을,NNP
전주 여행,80,막걸리,NNG
전주 여행,80,골목,NNG
전주 여행,80,얼마,NNG
전주 여행,80,생생,MAG
전주 여행,80,정보,NNG
전주 여행,80,다가,EC
전주 여행,80,막걸리,NNG
전주 여행,81,맛집,NNG
전주 여행,81,추천,NNG
전주 여행,81,리스트,NNG
전주 여행,81,엊그제,MAG
전주 여행,81,은데,EC
전주 여행,81,벌써,MAG
전주 여행,81,지났,VV+EP
전주 여행,81,네요,EF
전주 여행,81,지인,NNG
전주 여행,81,함께,MAG
전주 여행,81,먹방,NNG
전주 여행,81,다녀왔,VV+EP
전주 여행,81,습니다,EF
전주 여행,81,맛집,NNG
전주 여행,81,조점,NNG
전주 여행,81,남문,NNG
전주 여행,81,피순대,NNG
전주 여행,81,에서,JKB
전주 여행,81,남부,NNG
전주 여행,81,시장,NNG
전주 여행,81,까지,JX
전주 여행,81,30,SN
전주 여행,81,정도,NNG
전주 여행,81,시장,NNG
전주 여행,81,도착,NNG
전주 여행,81,시장,NNG
전주 여행,82,알라딘,NNP
전주 여행,82,서재,NNP
전주 여행,82,오렌지캬라멜,NNP
전주 여행,82,청춘,NNG
전주 여행,82,그런,MM
전주 여행,82,생각,NNG
전주 여행,82,떠나,VV
전주 여행,82,서울,NNP
전주 여행,82,언제,NP
전주 여행,82,든지,VCP+EC
전주 여행,82,기에,EC
전주 여행,82,한옥마을,NNP
전주 여행,82,갔다왔,VV+EP
전주 여행,82,오렌지,NNP
전주 여행,82,카라멜,NNP
전주 여행,82,경로,NNG
전주 여행,82,따라,VV+EC
전주 여행,82,옥도,NNG
전주 여행,82,구경,NNG
전주 여행,82,한복,NNG
전주 여행,82,전통,NNG
전주 여행,82,체험,NNG
전주 여행,83,알라딘,NNP
전주 여행,83,언제,NNG
전주 여행,83,라도,VCP+EC
전주 여행,83,계획,NNG
전주 여행,83,계신,VX+ETM
전주 여행,83,따듯,XR
전주 여행,83,위로,NNG
전주 여행,83,에서,JKB
전주 여행,83,다면,EC
전주 여행,83,권유,NNG
전주 여행,83,해본다,XSV+EC+VX+EC
전주 여행,83,그저,MAG
전주 여행,83,그런,MM
전주 여행,83,아니,VCN
전주 여행,83,가슴,NNG
전주 여행,83,따뜻,XR
전주 여행,83,에세이,NNG
전주 여행,83,서다,NNG
전주 여행,83,핵심,NNG
전주 여행,83,포인트,NNG
전주 여행,83,목차,NNG
전주 여행,84,알라딘,NNP
전주 여행,84,서재,NNP
전주 여행,84,시집,NNG
전주 여행,84,계획,NNG
전주 여행,84,고는,EC
전주 여행,84,지만,EC
전주 여행,84,도대체,MAG
전주 여행,84,그곳,NP
전주 여행,84,무엇,NP
전주 여행,84,무엇,NP
전주 여행,84,해야,VV+EC
전주 여행,84,했다,XSV+EP
전주 여행,84,생각,NNG
전주 여행,84,몰랐,VV+EP
전주 여행,84,는데,EC
전주 여행,84,보다,JKB
전주 여행,84,구나,EC
전주 여행,84,진짜,MAG
전주 여행,84,한국,NNP
전주 여행,84,느낄,VV+ETM
전주 여행,85,알라딘,NNP
전주 여행,85,생생,XR
전주 여행,85,리뷰,NNP
전주 여행,85,동네,NNG
전주 여행,85,그리고,MAJ
전주 여행,85,친구,NNG
전주 여행,85,에서,JKB
전주 여행,85,그럼,MAJ
전주 여행,85,라는,ETM
전주 여행,85,회신,NNG
전주 여행,85,동네,NNG
전주 여행,85,플레이,NNG
전주 여행,85,urbanplay,SL
전주 여행,85,동네,NNG
전주 여행,85,동네,NNG
전주 여행,85,매거진,NNG
전주 여행,85,그럼,MAJ
전주 여행,86,알라딘,NNP
전주 여행,86,조용,XR
전주 여행,86,면서,EC
전주 여행,86,다양,XR
전주 여행,86,매력,NNG
전주 여행,86,로컬,NNG
전주 여행,86,가이드,NNG
전주 여행,86,소도시,NNG
전주 여행,86,소도시,NNG
전주 여행,86,트래블,NNG
전주 여행,86,완주,NNG
전주 여행,86,소도시,NNG
전주 여행,86,트래블,NNG
전주 여행,86,조이,NNG
전주 여행,86,코리아,NNP
전주 여행,86,편집부,NNG
전주 여행,86,지음,NNG
전주 여행,86,조이,NNG
전주 여행,86,코리아,NNP
전주 여행,86,2022,SN
전주 여행,86,11,SN
전주 여행,86,평점,NNG
전주 여행,86,품절,NNG
전주 여행,86,얼마,NNG
전주 여행,86,다녀왔,VV+EP
전주 여행,86,는데,EC
전주 여행,86,소도시,NNG
전주 여행,86,트래블,NNG
전주 여행,86,주편,NNG
전주 여행,86,조금,MAG
전주 여행,86,빨리,MAG
전주 여행,86,으면,EC
전주 여행,86,정말,MAG
전주 여행,86,다는,ETM
전주 여행,87,콩나물국,NNG
전주 여행,87,명가,NNG
전주 여행,87,160,SN
전주 여행,87,점포,NNG
전주 여행,87,차이,NNG
전주 여행,87,맛집,NNG
전주 여행,87,콩나물국,NNG
전주 여행,87,명가,NNG
전주 여행,87,160,SN
전주 여행,87,점포,NNG
전주 여행,87,차이,NNG
전주 여행,87,맛집,NNG
전주 여행,87,현대,NNG
전주 여행,87,전라북도,NNP
전주 여행,87,콩나물국,NNG
전주 여행,87,발생지,NNG
전주 여행,87,유명,XR
전주 여행,87,콩나물국,NNG
전주 여행,87,밥집,NNG
전주 여행,87,발길,NNG
전주 여행,87,끊이,VV
전주 여행,87,특히,MAG
전주 여행,87,현대,NNG
전주 여행,87,세대,NNG
전주 여행,88,오감,NNG
전주 여행,88,만족,NNG
전주 여행,88,완주,NNG
전주 여행,88,대한민국,NNP
전주 여행,88,테마,NNG
전주 여행,88,박물관,NNG
전주 여행,88,연꽃,NNG
전주 여행,88,명소,NNG
전주 여행,88,진공,NNG
전주 여행,88,완주,NNG
전주 여행,88,그리고,MAJ
전주 여행,88,전북,NNP
전주 여행,88,에서,JKB
전주 여행,88,들려,VV+EC
전주 여행,88,아야,EC
전주 여행,88,필수,NNG
전주 여행,88,코스,NNG
전주 여행,88,바로,MAG
전주 여행,88,완주군,NNG
전주 여행,88,구이면,NNP
전주 여행,88,대한민국,NNP
전주 여행,88,테마,NNG
전주 여행,88,박물관,NNG
전주 여행,88,2015,SN
전주 여행,88,10,SN
전주 여행,88,개관,NNG
전주 여행,88,대한민국,NNP
전주 여행,88,테미,NNP
전주 여행,88,박물관,NNG
전주 여행,88,만족,NNG
전주 여행,88,완주,NNG
전주 여행,88,테마,NNG
전주 여행,88,박물관,NNG
전주 여행,89,퇴근,NNG
전주 여행,89,객리,NNG
전주 여행,89,한옥마을,NNP
전주 여행,89,완주,NNP
전주 여행,89,소양,NNP
전주 여행,89,라고,EC
전주 여행,89,하지만,MAJ
전주 여행,89,퇴근,NNG
전주 여행,89,저녁,NNG
전주 여행,89,출발,NNG
전주 여행,89,하루,NNG
전주 여행,89,연차,NNG
전주 여행,89,스케줄,NNG
전주 여행,89,굉장히,MAG
전주 여행,89,일정,NNG
전주 여행,89,사실,MAG
전주 여행,89,아니,VCN
전주 여행,89,개인,NNG
전주 여행,89,면서,EC
전주 여행,89,당일,NNG
전주 여행,90,맛집,NNG
전주 여행,90,조점,NNG
전주 여행,90,남문,NNG
전주 여행,90,피순대,NNG
전주 여행,90,들려,VV+EC
전주 여행,90,으로,JKB
전주 여행,90,추천,NNG
전주 여행,90,11,SN
전주 여행,90,가을,NNG
전주 여행,90,에서,JKB
전주 여행,90,만난,VV+ETM
전주 여행,90,음식,NNG
전주 여행,90,피순대,NNG
전주 여행,90,국밥,NNG
전주 여행,90,가을,NNG
전주 여행,90,아쉬워,VA+EC
전주 여행,90,떠난,VV+ETM
전주 여행,90,에서,JKB
전주 여행,90,가을,NNG
전주 여행,90,풍경,NNG
전주 여행,90,기대,NNG
전주 여행,90,지만,EC
전주 여행,90,보다,MAG
전주 여행,90,기대,NNG
전주 여행,90,예전,NNG
전주 여행,90,맛있,VA
전주 여행,90,음식,NNG
전주 여행,90,오랜만,NNG
전주 여행,90,맛볼,VV+ETM
전주 여행,91,군산,NNP
전주 여행,91,한옥마을,NNP
전주 여행,91,낭만,NNG
전주 여행,91,흘렀,VV+EP
전주 여행,91,군산,NNP
전주 여행,91,에서,JKB
전주 여행,91,마치,VV
전주 여행,91,된다,VV+EF
전주 여행,91,물론,MAG
전주 여행,91,군산,NNG
전주 여행,91,볼거리,NNG
전주 여행,91,모두,MAG
전주 여행,91,아니,VCN
전주 여행,91,그러나,MAJ
전주 여행,91,일정,NNG
전주 여행,91,기에,EC
전주 여행,91,우선,MAG
전주 여행,91,숙소,NNG
전주 여행,91,호텔,NNG
전주 여행,91,르윈,NNP
전주 여행,91,LE,SL
전주 여행,91,WIN,SL
전주 여행,91,바로,MAG
전주 여행,91,호텔,NNG
전주 여행,92,군산,NNP
전주 여행,92,국내,NNG
전주 여행,92,유일,NNG
전주 여행,92,일본식,NNG
전주 여행,92,사찰,NNG
전주 여행,92,동국,NNG
전주 여행,92,탐방,NNG
전주 여행,92,동국,NNG
전주 여행,92,웅전,NNG
전주 여행,92,울창,XR
전주 여행,92,대나무,NNG
전주 여행,92,으로,JKB
전주 여행,92,이뤄져,VV+EC
전주 여행,92,싱그럽,VA
전주 여행,92,이를,VV+ETM
전주 여행,92,대나무,NNG
전주 여행,92,일본식,NNG
전주 여행,92,동국,NNG
전주 여행,92,관람,NNG
전주 여행,92,다음,NNG
전주 여행,92,군산,NNG
전주 여행,92,근대,NNG
전주 여행,92,역사,NNG
전주 여행,92,박물관,NNG
전주 여행,92,으로,JKB
전주 여행,92,향하,VV
전주 여행,93,퇴근,NNG
전주 여행,93,포함,NNG
전주 여행,93,부담,NNG
전주 여행,93,스러울,XSA+ETM
전주 여행,93,지만,EC
전주 여행,93,만족,NNG
전주 여행,93,사람,NNG
전주 여행,93,승률,NNG
전주 여행,93,100,SN
전주 여행,93,장소,NNG
전주 여행,93,방문,NNG
전주 여행,93,진심,NNG
전주 여행,93,으로,JKB
전주 여행,93,추천,NNG
전주 여행,93,한다,XSV+EC
전주 여행,93,보다,MAG
전주 여행,93,위쪽,NNG
전주 여행,93,올라가,VV
전주 여행,93,니까,EC
전주 여행,93,제발,MAG
전주 여행,93,지만,EC
전주 여행,93,알찬,VA+ETM
전주 여행,94,도서관,NNG
전주 여행,94,이색,NNG
전주 여행,94,프로그램,NNG
전주 여행,94,Moon,SL
전주 여행,94,도서관,NNG
전주 여행,94,기록,NNG
전주 여행,94,문화,NNG
전주 여행,94,뿌리,NNG
전주 여행,94,한지,NNG
전주 여행,94,체험,NNG
전주 여행,94,다가,NNG
전주 여행,94,도서관,NNG
전주 여행,94,10,SN
전주 여행,94,00,SN
전주 여행,94,11,SN
전주 여행,94,00,SN
전주 여행,94,한옥마을,NNP
전주 여행,94,도서관,NNG
전주 여행,94,11,SN
전주 여행,94,20,SN
전주 여행,94,14,SN
전주 여행,94,00,SN
전주 여행,94,중식,NNG
전주 여행,94,동문,NNG
전주 여행,94,도서관,NNG
전주 여행,94,14,SN
전주 여행,94,20,SN
전주 여행,94,15,SN
전주 여행,94,20,SN
전주 여행,94,도보,NNG
전주 여행,94,지관,NNG
전주 여행,94,지체,NNG
전주 여행,95,비빔밥,NNG
전주 여행,95,전문점,NNG
전주 여행,95,가족,NNG
전주 여행,95,회관,NNG
전주 여행,95,비빔밥,NNG
전주 여행,95,체험,NNG
전주 여행,95,비빔밥,NNG
전주 여행,95,전문점,NNG
전주 여행,95,가족,NNG
전주 여행,95,회관,NNG
전주 여행,95,비빔밥,NNG
전주 여행,95,체험,NNG
전주 여행,95,맛집,NNG
전주 여행,95,도시,NNG
전주 여행,95,빠트릴,VV+ETM
전주 여행,95,가지,NNBC
전주 여행,95,비빔밥,NNG
전주 여행,95,체험,NNG
전주 여행,95,아닐,VCN+ETM
전주 여행,95,비빔밥,NNG
전주 여행,95,축제,NNG
전주 여행,95,열릴,VV+ETM
전주 여행,95,만큼,NNB
전주 여행,96,시외버스,NNG
전주 여행,96,터미널,NNG
전주 여행,96,시간표,NNG
전주 여행,96,01,SN
전주 여행,96,00,SN
전주 여행,96,시외버스,NNG
전주 여행,96,터미널,NNG
전주 여행,96,시간표,NNG
전주 여행,96,시작,NNG
전주 여행,96,시외버스,NNG
전주 여행,96,터미널,NNG
전주 여행,96,시간표,NNG
전주 여행,96,시외버스,NNG
전주 여행,96,공용,NNG
전주 여행,96,터미널,NNG
전주 여행,96,전화,NNG
전주 여행,96,번호,NNG
전주 여행,96,1688,SN
전주 여행,96,1745,SN
전주 여행,96,전북,NNP
전주 여행,96,덕진구,NNP
전주 여행,96,금암동,NNP
전주 여행,96,705,SN
전주 여행,96,10,SN
전주 여행,96,에서,JKB
전주 여행,96,서울,NNP
전주 여행,96,남부,NNG
전주 여행,96,터미널,NNG
전주 여행,96,에서,NNG
전주 여행,97,알라딘,NNP
전주 여행,97,서재,NNP
전주 여행,97,예찬,NNG
전주 여행,97,이유,NNG
전주 여행,97,하나,NR
전주 여행,97,때문,NNB
전주 여행,97,음식,NNG
전주 여행,97,역시,MAJ
전주 여행,97,라도,VCP+EC
전주 여행,97,저렴,XR
전주 여행,97,가격,NNG
전주 여행,97,비빔밥,NNG
전주 여행,97,지만,EC
전주 여행,97,우리,NP
전주 여행,97,한옥,NNG
전주 여행,97,마을,NNG
전주 여행,97,근처,NNG
전주 여행,97,반야,NNG
전주 여행,97,돌솥,NNG
전주 여행,97,간다,VV+EC
전주 여행,97,돌솥,NNG
전주 여행,97,간장,NNG
전주 여행,98,이번,NNG
전주 여행,98,주말,NNG
전주 여행,98,명물,NNG
전주 여행,98,덕진,NNP
전주 여행,98,공원,NNG
전주 여행,98,연꽃,NNG
전주 여행,98,축제,NNG
전주 여행,98,연꽃,NNG
전주 여행,98,촬영,NNG
전주 여행,98,함께,MAG
전주 여행,98,코스,NNG
전주 여행,98,에서,JKB
전주 여행,98,빠트릴,VV+ETM
전주 여행,98,필수,NNG
전주 여행,98,코스,NNG
전주 여행,98,모처럼,MAG
전주 여행,98,휴가,NNG
전주 여행,98,들린,VV+ETM
전주 여행,98,아들,NNG
전주 여행,98,그래도,VV+EC
전주 여행,98,명색,NNG
전주 여행,98,여름휴가,NNG
전주 여행,98,인데,VCP+EC
전주 여행,98,서울,NNP
전주 여행,98,엄마,NNG
전주 여행,98,누나,NNG
전주 여행,98,조카,NNG
전주 여행,98,누나,NNG
전주 여행,98,조카,NNG
전주 여행,98,만나,VV+EC
전주 여행,98,강원도,NNP
전주 여행,98,다시,MAG
전주 여행,98,훌쩍,MAG
전주 여행,98,떠나,VV
전주 여행,99,혼불,NNG
전주 여행,99,저자,NNG
전주 여행,99,최명희,NNP
전주 여행,99,선생,NNG
전주 여행,99,가터,NNG
전주 여행,99,전국,NNG
전주 여행,99,면서,EC
전주 여행,99,문필가,NNG
전주 여행,99,생가,NNG
전주 여행,99,방문,NNG
전주 여행,99,그냥,MAG
전주 여행,99,지나치,VV
전주 여행,99,오늘,NNG
전주 여행,99,여전히,MAG
전주 여행,99,발길,NNG
전주 여행,99,멈춘다,VV+EC
전주 여행,99,혼불,NNG
전주 여행,99,저자,NNG
전주 여행,99,최명희,NNP
전주 여행,99,선생,NNG
전주 여행,99,가터,NNG
전주 여행,99,완산구,NNP
전주 여행,99,풍남동,NNP
전주 여행,99,76,SN
전주 여행,99,26,SN
전주 여행,99,번지,NNG
전주 여행,99,위치,NNG
전주 여행,100,남문,NNG
전주 여행,100,시장,NNG
전주 여행,100,카페,NNG
전주 여행,100,로앤,NNP
전주 여행,100,onsemiro,SL
전주 여행,100,남문,NNG
전주 여행,100,시장,NNG
전주 여행,100,청년,NNG
전주 여행,100,려고,EC
전주 여행,100,숙소,NNG
전주 여행,100,에서부터,JKB
전주 여행,100,남문,NNG
전주 여행,100,시장,NNG
전주 여행,100,까지,JX
전주 여행,100,걸어갔,VV+EP
전주 여행,100,다가,EC
전주 여행,100,더위,NNG
전주 여행,100,너무,MAG
전주 여행,100,지쳐,VV+EC
전주 여행,100,버려서,VX+EC
전주 여행,100,일단,MAG
전주 여행,100,시원,XR
전주 여행,100,마시,VV
전주 여행,100,면서,EC
전주 여행,100,어서,EC
전주 여행,100,근처,NNG
전주 여행,100,카페,NNG
전주 여행,100,다가,EC
전주 여행,100,들어간,VV+ETM
전주 여행,100,로앤,NNP
전주 여행,100,카페,NNP
전주 여행,100,사진,NNG
전주 여행,100,으로,JKB
전주 여행,100,못했,VX+EP
전주 여행,100,지만,EC
전주 여행,101,코스,NNG
전주 여행,101,전동성당,NNP
전주 여행,101,고풍,NNG
전주 여행,101,스러운,XSA+ETM
전주 여행,101,아요,EF
전주 여행,101,코스,NNG
전주 여행,101,전동성당,NNP
전주 여행,101,고풍,NNG
전주 여행,101,스러운,XSA+ETM
전주 여행,101,아요,EF
전주 여행,101,당일,NNG
전주 여행,101,다녀왔,VV+EP
전주 여행,101,예전,NNG
전주 여행,101,못한,VX+ETM
전주 여행,101,까지,JX
전주 여행,101,둘러보,VV
전주 여행,101,습니다,EF
전주 여행,101,이렇게,MAG
전주 여행,101,봄날,NNG
전주 여행,101,다니,VV
전주 여행,101,얼마나,MAG
전주 여행,101,을까,EF
전주 여행,101,라는,ETM
전주 여행,101,철없,VA
전주 여행,101,생각,NNG
전주 여행,102,한옥마을,NNP
전주 여행,102,힐링,NNG
전주 여행,102,공간,NNG
전주 여행,102,으로,JKB
전주 여행,102,추천,NNG
전주 여행,102,경기전,NNG
전주 여행,102,한옥마을,NNP
전주 여행,102,힐링,NNG
전주 여행,102,공간,NNG
전주 여행,102,으로,JKB
전주 여행,102,추천,NNG
전주 여행,102,경기전,NNG
전주 여행,102,볼거리,NNG
전주 여행,102,한옥마을,NNP
전주 여행,102,인근,NNG
전주 여행,102,나무숲,NNG
전주 여행,102,경기전,NNG
전주 여행,102,라는,ETM
전주 여행,102,습니다,EF
전주 여행,102,나무숲,NNG
전주 여행,102,함께,MAG
전주 여행,102,한옥,NNG
전주 여행,102,멀리,MAG
전주 여행,102,보이,VV
전주 여행,102,정동,NNG
전주 여행,102,성당,NNG
전주 여행,103,퇴근,NNG
전주 여행,103,객리,NNG
전주 여행,103,한옥마을,NNP
전주 여행,103,완주,NNP
전주 여행,103,소양,NNP
전주 여행,103,Day,SL
전주 여행,103,점심,NNG
전주 여행,103,객사,NNG
전주 여행,103,또순이,NNG
전주 여행,103,오전,NNG
전주 여행,103,근처,NNG
전주 여행,103,에서,JKB
전주 여행,103,점심,NNG
전주 여행,103,으로,JKB
전주 여행,103,무엇,NP
전주 여행,103,을까,EC
전주 여행,103,고민,NNG
전주 여행,103,다가,EC
전주 여행,103,숙소,NNG
전주 여행,103,가까운,VA+ETM
전주 여행,103,객사,NNG
전주 여행,103,맛집,NNG
전주 여행,103,방문,NNG
전주 여행,104,누리,NNP
전주 여행,104,게스트,NNP
전주 여행,104,하우스,NNP
전주 여행,104,한옥마을,NNP
전주 여행,104,숙소,NNG
전주 여행,104,민박,NNG
전주 여행,104,숙소,NNG
전주 여행,104,리뷰,NNP
전주 여행,104,누리,NNP
전주 여행,104,게스트,NNP
전주 여행,104,하우스,NNP
전주 여행,104,Jeollabukdo,SL
전주 여행,104,Jeonju,SL
전주 여행,104,Hanok,SL
전주 여행,104,Village,SL
전주 여행,104,Guest,SL
전주 여행,104,house,SL
전주 여행,104,뜨끈뜨끈,XR
전주 여행,104,온돌방,NNG
전주 여행,104,에서,JKB
전주 여행,104,피로,NNG
전주 여행,104,녹이,VV
전주 여행,104,한옥마을,NNP
전주 여행,104,진주,NNG
전주 여행,104,마치,VV
전주 여행,104,으로,JKB
전주 여행,104,돌아오,VV
전주 여행,104,남해,NNP
전주 여행,104,에서,JKB
전주 여행,104,오후,NNG
전주 여행,105,알라딘,NNP
전주 여행,105,서재,NNP
전주 여행,105,당일,NNG
전주 여행,105,20120707,SN
전주 여행,105,버스,NNG
전주 여행,105,마음,NNG
전주 여행,105,두근두근,MAG
전주 여행,105,두근,MAG
전주 여행,105,음악,NNG
전주 여행,105,들으면서,VV+EC
전주 여행,105,핸드폰,NNG
전주 여행,105,바꾸,VV
전주 여행,105,버스,NNG
전주 여행,105,에서,JKB
전주 여행,105,내리,VV
전주 여행,105,날씨,NNG
전주 여행,105,너무,MAG
전주 여행,105,화창,NNG
전주 여행,105,버스,NNG
전주 여행,105,와서,VV+EC
전주 여행,105,한참,NNG
전주 여행,105,기다린,VV+ETM
전주 여행,105,버스,NNG
전주 여행,105,전동성당,NNP
전주 여행,105,으로,JKB
전주 여행,105,향했,VV+EP
전주 여행,105,어요,EF
전주 여행,106,한옥마을,NNP
전주 여행,106,아카,NNP
전주 여행,106,갤러리,NNG
전주 여행,106,카페,NNG
전주 여행,106,Jeonju,SL
전주 여행,106,Hanok,SL
전주 여행,106,Village,SL
전주 여행,106,AKA,SL
전주 여행,106,Galle,SL
전주 여행,106,한옥마을,NNP
전주 여행,106,아카,NNP
전주 여행,106,갤러리,NNG
전주 여행,106,카페,NNG
전주 여행,106,한옥마을,NNP
전주 여행,106,Jeonju,SL
전주 여행,106,Hanok,SL
전주 여행,106,Village,SL
전주 여행,106,AKA,SL
전주 여행,106,Gallery,SL
전주 여행,106,Cafe,SL
전주 여행,106,적당,XR
전주 여행,106,여유,NNG
전주 여행,106,로움,XSA+ETN
전주 여행,106,즐기,VV
전주 여행,106,아침,NNG
전주 여행,106,지만,EC
전주 여행,106,이제,NNG
전주 여행,106,사라진,VV+ETM
전주 여행,106,카페,NNG
전주 여행,106,햇살,NNG
전주 여행,106,따사,XR
전주 여행,106,로운,XSA+ETM
전주 여행,106,아침,NNG
전주 여행,106,적당히,MAG
전주 여행,106,허기,NNG
전주 여행,107,다시,MAG
전주 여행,107,2017,SN
전주 여행,107,11,SN
전주 여행,107,결혼식,NNG
전주 여행,107,방문,NNG
전주 여행,107,위하,VV
전주 여행,107,울긋불긋,MAG
전주 여행,107,단풍,NNG
전주 여행,107,예쁜,VA+ETM
전주 여행,107,풍경,NNG
전주 여행,107,가득,MAG
전주 여행,107,다시,MAG
전주 여행,107,오랜만,NNG
전주 여행,107,얼굴,NNG
전주 여행,107,항상,MAG
전주 여행,107,얼굴,NNG
전주 여행,107,행복,NNG
전주 여행,108,낭만,NNG
전주 여행,108,cafe,SL
전주 여행,108,Dal,SL
전주 여행,108,STORY,SL
전주 여행,108,카페,NNG
전주 여행,108,이야기,NNG
전주 여행,108,낭만,NNG
전주 여행,108,cafe,SL
전주 여행,108,Dal,SL
전주 여행,108,STORY,SL
전주 여행,108,카페,NNG
전주 여행,108,한옥마을,NNP
전주 여행,108,Jeonju,SL
전주 여행,108,Hanok,SL
전주 여행,108,Village,SL
전주 여행,108,cafe,SL
전주 여행,108,Dal,SL
전주 여행,108,STORY,SL
전주 여행,108,카페,NNG
전주 여행,108,이야기,NNG
전주 여행,108,063,SN
전주 여행,108,288,SN
전주 여행,108,8886,SN
전주 여행,108,전북,NNP
전주 여행,108,완산구,NNP
전주 여행,108,최명희,NNP
전주 여행,108,20,SN
전주 여행,108,풍남동,NNP
전주 여행,108,47,SN
전주 여행,108,도착,NNG
전주 여행,108,저녁,NNG
전주 여행,109,에서,JKB
전주 여행,109,만난,VV+ETM
전주 여행,109,코파,NNP
전주 여행,109,에서,JKB
전주 여행,109,만단,NNG
전주 여행,109,코파,NNP
전주 여행,109,네요,EF
전주 여행,109,이쁘,VA
전주 여행,109,부드럽,VA
전주 여행,109,맛있,VA
전주 여행,109,네요,EF
전주 여행,109,선물,NNG
전주 여행,109,으로,JKB
전주 여행,109,괜찬하요,UNKNOWN
전주 여행,110,전북,NNP
전주 여행,110,김제,NNP
전주 여행,110,김제,NNP
전주 여행,110,아래,NNG
전주 여행,110,예전,NNG
전주 여행,110,다녀온,VV+ETM
전주 여행,110,코스,NNG
전주 여행,110,입니다,VCP+EF
전주 여행,110,사실,MAG
전주 여행,110,이때,NNG
전주 여행,110,다녀온,VV+ETM
전주 여행,110,계획,NNG
전주 여행,110,도움,NNG
전주 여행,110,습니다,EF
전주 여행,110,한옥마을,NNP
전주 여행,110,비롯,XR
전주 여행,110,해서,XSA+EC
전주 여행,110,다양,XR
전주 여행,110,관광지,NNG
전주 여행,110,으니,EC
전주 여행,110,참고,NNG
전주 여행,110,습니다,EF
전주 여행,111,알라딘,NNP
전주 여행,111,즐거워지,VV
전주 여행,111,레시피,NNG
전주 여행,111,Happy,SL
전주 여행,111,Travel,SL
전주 여행,111,김주미,NNP
전주 여행,111,지음,NNG
전주 여행,111,즐거운,VA+ETM
전주 여행,111,상상,NNG
전주 여행,111,2013,SN
전주 여행,111,평점,NNG
전주 여행,111,구판,NNG
전주 여행,111,절판,NNG
전주 여행,111,지난,VV+ETM
전주 여행,111,주말,NNG
전주 여행,111,다녀온,VV+ETM
전주 여행,111,더욱,MAG
전주 여행,111,즐겁,VA
전주 여행,111,만들,VV
전주 여행,111,바로,MAG
전주 여행,111,레시피,NNG
전주 여행,111,나온,VV+ETM
전주 여행,111,명소,NNG
전주 여행,112,10,SN
전주 여행,112,한옥마을,NNP
전주 여행,112,그리고,MAJ
전주 여행,112,경기전,NNG
전주 여행,112,10,SN
전주 여행,112,한옥마을,NNP
전주 여행,112,그리고,MAJ
전주 여행,112,경기전,NNG
전주 여행,112,2011,SN
전주 여행,112,02,SN
전주 여행,112,17,SN
전주 여행,112,06,SN
전주 여행,112,48,SN
전주 여행,112,Hobby,SL
전주 여행,112,Journey,SL
전주 여행,112,작성자,NNG
전주 여행,112,니아,EC
전주 여행,112,https,SL
전주 여행,112,www,SL
전주 여행,112,chamchamtrip,SL
전주 여행,112,com,SL
전주 여행,112,광고,NNG
전주 여행,112,누구,NP
전주 여행,112,즐거운,VA+ETM
전주 여행,112,농촌,NNG
전주 여행,112,참참,NNG
전주 여행,112,단체,NNG
전주 여행,112,숙박,NNG
전주 여행,112,부터,JX
전주 여행,112,이색,NNG
전주 여행,112,체험,NNG
전주 여행,112,까지,JX
전주 여행,112,완비,NNG
전주 여행,113,광장,NNG
전주 여행,113,식당,NNG
전주 여행,113,오래,MAG
전주 여행,113,맛집,NNG
전주 여행,113,거리,NNG
전주 여행,113,백반,NNG
전주 여행,113,오래,MAG
전주 여행,113,맛집,NNG
전주 여행,113,거리,NNG
전주 여행,113,반집,NNG
전주 여행,113,추천,NNG
전주 여행,113,광장,NNG
전주 여행,113,식당,NNG
전주 여행,113,이번,NNG
전주 여행,113,에서,JKB
전주 여행,113,마지막,NNG
전주 여행,113,으로,JKB
전주 여행,113,방문,NNG
전주 여행,113,광장,NNG
전주 여행,113,식당,NNG
전주 여행,113,입니다,VCP+EF
전주 여행,113,이곳,NP
전주 여행,113,광장,NNG
전주 여행,113,식당,NNG
전주 여행,113,시청,NNG
전주 여행,113,근처,NNG
전주 여행,113,백반,NNG
전주 여행,113,으로,JKB
전주 여행,113,오랫동안,NNG
전주 여행,113,사랑,NNG
전주 여행,113,맛집,NNG
전주 여행,114,전라북도,NNP
전주 여행,114,남부,NNG
전주 여행,114,시장,NNG
전주 여행,114,남부,NNG
전주 여행,114,시장,NNG
전주 여행,114,야시장,NNG
전주 여행,114,먹거리,NNG
전주 여행,114,남부,NNG
전주 여행,114,시장,NNG
전주 여행,114,한옥마을,NNP
전주 여행,114,가까이,MAG
전주 여행,114,어서,EC
전주 여행,114,한옥마을,NNP
전주 여행,114,들리,VV
전주 여행,114,주말,NNG
전주 여행,114,야간,NNG
전주 여행,114,사람,NNG
전주 여행,114,명소,NNG
전주 여행,114,하나,NR
전주 여행,114,특히,MAG
전주 여행,114,토요일,NNG
전주 여행,114,열리,VV
전주 여행,114,남부,NNG
전주 여행,114,시장,NNG
전주 여행,114,야시장,NNG
전주 여행,114,삼겹살,NNG
전주 여행,114,김밥,NNG
전주 여행,114,소고기,NNG
전주 여행,115,바람짝,NNG
전주 여행,115,맛집,NNG
전주 여행,115,백반,NNG
전주 여행,115,한정식,NNG
전주 여행,115,전문,NNG
전주 여행,115,한국,NNP
전주 여행,115,식당,NNG
전주 여행,115,바람짝,NNG
전주 여행,115,맛집,NNG
전주 여행,115,백반,NNG
전주 여행,115,한정식,NNG
전주 여행,115,전문,NNG
전주 여행,115,한국,NNP
전주 여행,115,식당,NNG
전주 여행,115,일시,NNG
전주 여행,115,2012,SN
전주 여행,115,03,SN
전주 여행,115,04,SN
전주 여행,115,작성자,NNG
전주 여행,115,바람짝,NNG
전주 여행,115,요리사,NNG
전주 여행,115,지역,NNG
전주 여행,115,맛집,NNG
전주 여행,115,탐방,NNG
전주 여행,115,습니다,EF
전주 여행,115,착한,VA+ETM
전주 여행,115,가격,NNG
전주 여행,115,지인,NNG
전주 여행,115,입소문,NNG
전주 여행,115,통하,VV
전주 여행,116,서울,NNP
전주 여행,116,오리,NNG
전주 여행,116,과자점,NNG
전주 여행,116,객사,NNG
전주 여행,116,한옥마을,NNP
전주 여행,116,서울,NNP
전주 여행,116,오리,NNG
전주 여행,116,과자점,NNG
전주 여행,116,객사,NNG
전주 여행,116,한옥마을,NNP
전주 여행,116,일몽,NNG
전주 여행,116,남노,NNG
전주 여행,116,갈비,NNG
전주 여행,116,고자,NNG
전주 여행,116,퇴근,NNG
전주 여행,116,바로,MAG
전주 여행,116,광주,NNP
전주 여행,116,에서,JKB
전주 여행,116,까지,JX
전주 여행,116,시간,NNG
전주 여행,116,락말락,EC
전주 여행,116,한데,VX+EC
전주 여행,116,우산,NNG
전주 여행,116,어서,EC
전주 여행,116,불안,NNG
전주 여행,116,불안,NNG
전주 여행,116,친구,NNG
전주 여행,116,만나,VV
전주 여행,116,숙소,NNG
전주 여행,117,전북,NNP
전주 여행,117,천리,NNG
전주 여행,117,한옥마을,NNP
전주 여행,117,둘레길,NNP
전주 여행,117,포함,NNG
전주 여행,117,해서,XSV+EC
전주 여행,117,전라북도,NNP
전주 여행,117,각지,NNG
전주 여행,117,볼거리,NNG
전주 여행,117,먹거리,NNG
전주 여행,117,동안,NNG
전주 여행,117,체험,NNG
전주 여행,117,어서,EC
전주 여행,117,혹은,MAJ
전주 여행,117,전북,NNP
전주 여행,117,계획,NNG
전주 여행,117,라면,EC
전주 여행,117,도움,NNG
전주 여행,117,후기,NNG
전주 여행,117,입니다,VCP+EF
전주 여행,117,전라북도,NNP
전주 여행,117,후기,NNG
전주 여행,117,전북,NNP
전주 여행,117,30,SN
전주 여행,117,요약,NNG
전주 여행,117,정리,NNG
전주 여행,118,여름,NNG
전주 여행,118,떠난,VV+ETM
전주 여행,118,With,SL
전주 여행,118,Mom,SL
전주 여행,118,한옥,NNG
전주 여행,118,마을,NNG
전주 여행,118,주차장,NNG
전주 여행,118,정보,NNG
전주 여행,118,상세,NNG
전주 여행,118,한옥마을,NNP
전주 여행,118,한옥마을,NNP
전주 여행,118,소개,NNG
전주 여행,118,체험,NNG
전주 여행,118,콘텐츠,NNG
전주 여행,118,문화,NNG
전주 여행,118,공연,NNG
전주 여행,118,행사,NNG
전주 여행,118,한옥마을,NNP
전주 여행,118,사진,NNG
전주 여행,118,문화,NNG
전주 여행,118,시설,NNG
전주 여행,118,문화,NNG
전주 여행,118,시설,NNG
전주 여행,118,유적지,NNG
전주 여행,118,이색,NNG
전주 여행,118,공간,NNG
전주 여행,118,전통,NNG
전주 여행,118,공예,NNG
전주 여행,118,생활,NNG
전주 여행,118,공예,NNG
전주 여행,118,액세서리,NNG
전주 여행,118,예술,NNG
전주 여행,118,공예,NNG
전주 여행,118,그리고,MAJ
전주 여행,118,체험,NNG
전주 여행,119,맛집,NNG
전주 여행,119,교동,NNP
전주 여행,119,시래,NNP
전주 여행,119,시래기,NNG
전주 여행,119,국밥,NNG
전주 여행,119,전문점,NNG
전주 여행,119,옥마,NNP
전주 여행,119,맛집,NNG
전주 여행,119,교동,NNP
전주 여행,119,시래,NNP
전주 여행,119,시래기,NNG
전주 여행,119,국밥,NNG
전주 여행,119,전문점,NNG
전주 여행,119,한옥마을,NNP
전주 여행,119,맛집,NNG
전주 여행,119,한옥마을,NNP
전주 여행,119,아침,NNG
전주 여행,119,식사,NNG
전주 여행,119,시래기,NNG
전주 여행,119,국밥,NNG
전주 여행,119,한옥,NNG
전주 여행,119,마을,NNG
전주 여행,119,에서,JKB
전주 여행,119,아침,NNG
전주 여행,119,11,SN
전주 여행,119,시각,NNG
전주 여행,119,인데,VCP+EC
전주 여행,119,아침,NNG
전주 여행,119,식사,NNG
전주 여행,119,가능,NNG
전주 여행,119,식당,NNG
전주 여행,120,전동성당,NNP
전주 여행,120,입장,NNG
전주 여행,120,시간,NNG
전주 여행,120,오늘,NNG
전주 여행,120,소개,NNG
전주 여행,120,한옥마을,NNP
전주 여행,120,빼놓,VV
전주 여행,120,명소,NNG
전주 여행,120,전동성당,NNP
전주 여행,120,입니다,VCP+EF
전주 여행,120,너무,MAG
전주 여행,120,아름다운,VA+ETM
전주 여행,120,모습,NNG
전주 여행,120,구요,EF
전주 여행,120,288,SN
전주 여행,120,지정,NNG
전주 여행,120,다고,EC
전주 여행,120,합니다,VV+EF
전주 여행,120,그리고,MAJ
전주 여행,120,입장,NNG
전주 여행,120,시간,NNG
전주 여행,120,다녀와야,VV+EC
전주 여행,121,한잔,NNG
전주 여행,121,분위기,NNG
전주 여행,121,구일집,NNP
전주 여행,121,맛집,NNG
전주 여행,121,한옥,NNG
전주 여행,121,한잔,NNG
전주 여행,121,분위기,NNG
전주 여행,121,구일집,NNP
전주 여행,121,Jeonju,SL
전주 여행,121,Hanok,SL
전주 여행,121,Village,SL
전주 여행,121,밥집,NNG
전주 여행,121,술집,NNG
전주 여행,121,일단,MAG
전주 여행,121,맛있,VA
전주 여행,121,으면,EC
전주 여행,121,그걸로,NP+JKB
전주 여행,121,충분,XR
전주 여행,121,한옥마을,NNP
전주 여행,121,맛집,NNG
전주 여행,121,목대,NNG
전주 여행,121,에서,JKB
전주 여행,121,내려와,VV+EC
전주 여행,121,점심,NNG
전주 여행,121,고자,EC
전주 여행,121,이곳저곳,NNG
전주 여행,121,돌아다니,VV
전주 여행,121,발견,NNG
전주 여행,122,풍년제,NNP
전주 여행,122,수제,NNG
전주 여행,122,초코파이,NNP
전주 여행,122,Poongnyun,SL
전주 여행,122,Bakery,SL
전주 여행,122,PNB,SL
전주 여행,122,Bakery,SL
전주 여행,122,Choco,SL
전주 여행,122,Pie,SL
전주 여행,122,에서,JKB
전주 여행,122,봐야,VX+EC
전주 여행,122,초코파이,NNP
전주 여행,122,풍년제,NNP
전주 여행,122,Jeonju,SL
전주 여행,122,Hanok,SL
전주 여행,122,Village,SL
전주 여행,122,PNB,SL
전주 여행,122,Bakery,SL
전주 여행,122,Poongnyun,SL
전주 여행,122,Bakery,SL
전주 여행,122,in,SL
전주 여행,122,Jeonju,SL
전주 여행,122,si,SL
전주 여행,122,우리,NP
전주 여행,122,만든,VV+ETM
전주 여행,122,달달,MAG
전주 여행,122,초코파이,NNP
전주 여행,122,어머,IC
전주 여행,122,이건,NP+JX
전주 여행,122,어야,EC
전주 여행,122,한옥,NNG
전주 여행,122,마을,NNG
전주 여행,122,에서,JKB
전주 여행,122,여럿,NNG
전주 여행,122,보이,VV
전주 여행,123,짜장,MAG
전주 여행,123,맛집,NNG
전주 여행,123,수정관,NNG
전주 여행,123,짜장,MAG
전주 여행,123,강추,NNG
전주 여행,123,먹여,VV+EC
전주 여행,123,줄께,VX+EC
전주 여행,123,중화요리,NNG
전주 여행,123,입니다,VCP+EF
전주 여행,123,인터넷,NNG
전주 여행,123,데프콘,NNP
전주 여행,123,짜장,MAG
전주 여행,123,으로,JKB
전주 여행,123,유명,XR
전주 여행,123,더라고요,EF
전주 여행,123,솔직히,MAG
전주 여행,123,짜장,MAG
전주 여행,123,어디,NP
전주 여행,123,어도,EC
전주 여행,123,배신,NNG
전주 여행,123,없이,MAG
전주 여행,123,맛있,VA
전주 여행,123,습니다,EF
전주 여행,123,여긴,NP+JX
전주 여행,124,171216,SN
전주 여행,124,17,SN
전주 여행,124,국내,NNG
전주 여행,124,171216,SN
전주 여행,124,17,SN
전주 여행,124,네오,NNP
전주 여행,124,2018,SN
전주 여행,124,10,SN
전주 여행,124,11,SN
전주 여행,124,간식,NNG
전주 여행,124,추억,NNG
전주 여행,124,가게,NNG
전주 여행,124,구경,NNG
전주 여행,124,카카오,NNG
전주 여행,124,캐릭터,NNG
전주 여행,124,달고나,NNP
전주 여행,124,불량,NNG
전주 여행,124,식품,NNG
전주 여행,124,가지,VX
전주 여행,124,나왔,VV+EP
전주 여행,124,여기,NP
전주 여행,124,완자,NNG
전주 여행,124,꼬치,NNG
전주 여행,124,체다,NNP
전주 여행,124,치즈,NNG
전주 여행,124,완자,NNG
전주 여행,124,꼬치,NNG
전주 여행,124,사고,NNG
전주 여행,125,알라딘,NNP
전주 여행,125,100,SN
전주 여행,125,자평,NNG
전주 여행,125,레시피,NNG
전주 여행,125,레시피,NNG
전주 여행,125,Happy,SL
전주 여행,125,Travel,SL
전주 여행,125,김주미,NNP
전주 여행,125,지음,NNG
전주 여행,125,즐거운,VA+ETM
전주 여행,125,상상,NNG
전주 여행,125,2013,SN
전주 여행,125,평점,NNG
전주 여행,125,구판,NNG
전주 여행,125,절판,NNG
전주 여행,125,처음,NNG
전주 여행,125,되게,MAG
전주 여행,125,아기자기,MAG
전주 여행,125,해서,VV+EC
전주 여행,125,기대,NNG
전주 여행,125,는데,EC
전주 여행,125,직접,MAG
전주 여행,125,되게,MAG
전주 여행,125,편집,NNG
전주 여행,125,너무,MAG
전주 여행,125,조잡,XR
전주 여행,126,생선,NNG
전주 여행,126,구이,NNG
전주 여행,126,본가,NNG
전주 여행,126,조기,NNG
전주 여행,126,매운탕,NNG
전주 여행,126,겸사겸사,MAG
전주 여행,126,도착,NNG
전주 여행,126,해서,XSV+EC
전주 여행,126,조기,NNG
전주 여행,126,매운탕,NNG
전주 여행,126,너무,MAG
전주 여행,126,어서,EC
전주 여행,126,검색,NNG
전주 여행,126,해서,XSV+EC
전주 여행,126,찾아간,VV+ETM
전주 여행,126,생선,NNG
전주 여행,126,바로,MAG
전주 여행,126,주차장,NNG
전주 여행,126,아주,MAG
전주 여행,126,식사,NNG
전주 여행,126,아니,VCN
전주 여행,126,널널,XR
전주 여행,126,실내,NNG
전주 여행,126,단정,XR
전주 여행,126,깨끗,XR
전주 여행,127,봐야,VX+EC
전주 여행,127,비빔밥,NNG
전주 여행,127,맛집,NNG
전주 여행,127,가족,NNG
전주 여행,127,회관,NNG
전주 여행,127,봐야,VX+EC
전주 여행,127,비빔밥,NNG
전주 여행,127,맛집,NNG
전주 여행,127,가족,NNG
전주 여행,127,회관,NNG
전주 여행,127,상담,NNG
전주 여행,127,다가,EC
전주 여행,127,계신,VV+ETM
전주 여행,127,팀원,NNG
전주 여행,127,합류,NNG
전주 여행,127,해서,XSV+EC
전주 여행,127,저녁,NNG
전주 여행,127,으러,EC
전주 여행,127,비빔밥,NNG
전주 여행,127,는데,EC
전주 여행,127,맛집,NNG
전주 여행,127,추천,NNG
전주 여행,127,셔서,EP+EC
전주 여행,127,고고씽,NNP
전주 여행,128,2020,SN
전주 여행,128,08,SN
전주 여행,128,22,SN
전주 여행,128,23,SN
전주 여행,128,다녀왔,VV+EP
전주 여행,128,마이산,NNP
전주 여행,128,휴게소,NNG
전주 여행,128,에서,JKB
전주 여행,128,마이산,NNP
전주 여행,128,배경,NNG
전주 여행,128,으로,JKB
전주 여행,128,덕진,NNP
전주 여행,128,공원,NNG
전주 여행,128,에서,JKB
전주 여행,128,연꽃,NNG
전주 여행,128,텐데,NNB+VCP+EC
전주 여행,128,연꽃,NNG
전주 여행,128,다져서,VV+EC
전주 여행,128,아쉬웠,VV+EP
전주 여행,128,약한,VA+ETM
전주 여행,128,영화,NNG
전주 여행,128,호텔,NNG
전주 여행,128,체크인,NNG
전주 여행,128,맛집,NNG
전주 여행,128,한국,NNP
전주 여행,128,에서,JKB
전주 여행,129,브런치,NNP
전주 여행,129,찾아간,VV+ETM
전주 여행,129,예쁜,VA+ETM
전주 여행,129,카페,NNG
전주 여행,129,투리,NNG
전주 여행,129,스타,NNG
전주 여행,129,turista,SL
전주 여행,129,마지막,NNG
전주 여행,129,오전,NNG
전주 여행,129,부터,JX
전주 여행,129,브런치,NNP
전주 여행,129,너무,MAG
전주 여행,129,아쉽,VA
전주 여행,129,브런치,NNP
전주 여행,129,카페,NNP
전주 여행,129,거의,MAG
전주 여행,129,으나,EC
전주 여행,129,폭풍,NNG
전주 여행,129,검색,NNG
전주 여행,129,으로,JKB
전주 여행,129,찾아낸,VV+ETM
전주 여행,129,브런치,NNP
전주 여행,129,카페,NNG
전주 여행,129,투리,NNG
전주 여행,129,스타,NNG
전주 여행,129,한옥,NNG
전주 여행,129,마을,NNG
전주 여행,129,근처,NNG
전주 여행,129,호텔,NNG
전주 여행,129,아래,NNG
전주 여행,129,한적,XR
전주 여행,129,카페,NNG
전주 여행,130,맛집,NNG
전주 여행,130,전북,NNP
전주 여행,130,도청,NNG
전주 여행,130,연남,NNG
전주 여행,130,갈비,NNG
전주 여행,130,추천,NNG
전주 여행,130,맛집,NNG
전주 여행,130,굉장히,MAG
전주 여행,130,은데,EC
전주 여행,130,면서,EC
전주 여행,130,연남,NNG
전주 여행,130,갈비,NNG
전주 여행,130,으러,EC
전주 여행,130,전북,NNP
전주 여행,130,도청,NNG
전주 여행,130,근처,NNG
전주 여행,130,처럼,JKB
전주 여행,130,쌓인,VV+ETM
전주 여행,130,갈비,NNG
전주 여행,130,태극기,NNG
전주 여행,130,꽂혀,VV+EC
전주 여행,130,너무,MAG
전주 여행,130,귀엽,VA
전주 여행,130,갈비,NNG
전주 여행,130,올라가,VV+EC
전주 여행,130,는데,EC
전주 여행,130,너무,MAG
전주 여행,130,부드럽,VA
전주 여행,131,한옥마을,NNP
전주 여행,131,에서,JKB
전주 여행,131,들려,VV+EC
전주 여행,131,아야,EC
전주 여행,131,산책,NNG
전주 여행,131,코스,NNG
전주 여행,131,일차,NNG
전주 여행,131,다가,EC
전주 여행,131,팔자,NNG
전주 여행,131,보너스,NNG
전주 여행,131,시간,NNG
전주 여행,131,이투,NNG
전주 여행,131,케이,NNG
전주 여행,131,에게,JKB
전주 여행,131,주어지,VV
전주 여행,131,이투,NNG
전주 여행,131,케이,NNG
전주 여행,131,에게,JKB
전주 여행,131,주어진,VV+ETM
전주 여행,131,시간,NNG
전주 여행,131,달랑,MAG
전주 여행,131,시간,NNG
전주 여행,131,30,SN
전주 여행,131,산책,NNG
전주 여행,131,시간,NNG
전주 여행,131,투자,NNG
전주 여행,131,백화점,NNG
전주 여행,131,부근,NNG
전주 여행,131,에서,JKB
전주 여행,131,으로,JKB
전주 여행,132,친구,NNG
전주 여행,132,와서,VV+EC
전주 여행,132,한옥마을,NNP
전주 여행,132,텐가,NNB+VCP+EC
전주 여행,132,한옥,NNP
전주 여행,132,일바,NNP
전주 여행,132,새로운,VA+ETM
전주 여행,132,길거리,NNG
전주 여행,132,한옥,NNP
전주 여행,132,레일바이크,NNP
전주 여행,132,사랑,NNG
전주 여행,132,연인,NNG
전주 여행,132,한옥,NNG
전주 여행,132,마을,NNG
전주 여행,132,에서,JKB
전주 여행,132,한복,NNG
전주 여행,132,데이트,NNG
전주 여행,132,즐기,VV
전주 여행,132,다시,MAG
전주 여행,132,아중역,NNP
전주 여행,132,에서,JKB
전주 여행,132,한옥,NNP
전주 여행,132,레일바이크,NNP
전주 여행,132,같이,MAG
전주 여행,132,본다면,VX+EC
전주 여행,132,영원,NNG
전주 여행,132,추억,NNG
전주 여행,132,대한,VV+ETM
전주 여행,133,마전,NNG
전주 여행,133,고분군,NNP
전주 여행,133,서부,NNG
전주 여행,133,신시가지,NNG
전주 여행,133,문학,NNG
전주 여행,133,문화,NNG
전주 여행,133,공간,NNG
전주 여행,133,으로,JKB
전주 여행,133,조성,NNG
전주 여행,133,고분군,NNP
전주 여행,133,모여,VV+EC
전주 여행,133,에서,JKB
전주 여행,133,들려,VV+EC
전주 여행,133,봐야,VX+EC
전주 여행,133,공원,NNG
전주 여행,133,으로,JKB
전주 여행,133,오르,VV
전주 여행,133,오른쪽,NNG
전주 여행,133,계단,NNG
전주 여행,133,으로,JKB
전주 여행,133,입구,NNG
전주 여행,133,바로,MAG
전주 여행,133,이씨,IC
전주 여행,133,조선,NNP
전주 여행,133,이씨,IC
전주 여행,133,문종,NNG
전주 여행,134,알라딘,NNP
전주 여행,134,100,SN
전주 여행,134,자평,NNG
전주 여행,134,레시피,NNG
전주 여행,134,레시피,NNG
전주 여행,134,Happy,SL
전주 여행,134,Travel,SL
전주 여행,134,김주미,NNP
전주 여행,134,지음,NNG
전주 여행,134,즐거운,VA+ETM
전주 여행,134,상상,NNG
전주 여행,134,2013,SN
전주 여행,134,평점,NNG
전주 여행,134,구판,NNG
전주 여행,134,절판,NNG
전주 여행,134,다녀오,VV
전주 여행,134,구입,NNG
전주 여행,134,편집,NNG
전주 여행,134,깔끔,XR
전주 여행,135,일제,NNG
전주 여행,135,강점기,NNG
전주 여행,135,아픈,VA+ETM
전주 여행,135,역사,NNG
전주 여행,135,흔적,NNG
전주 여행,135,역사,NNG
전주 여행,135,공원,NNG
전주 여행,135,다가,EC
전주 여행,135,공원,NNG
전주 여행,135,완산,NNP
전주 여행,135,오래,NNG
전주 여행,135,역사,NNG
전주 여행,135,공원,NNG
전주 여행,135,그러나,MAJ
전주 여행,135,슬픈,VA+ETM
전주 여행,135,아픈,VA+ETM
전주 여행,135,역사,NNG
전주 여행,135,지니,VV
전주 여행,135,공원,NNG
전주 여행,135,우뚝,MAG
전주 여행,135,다가산,NNG
전주 여행,135,정상,NNG
전주 여행,135,훤히,MAG
전주 여행,135,내려다,VV+EC
전주 여행,135,보이,VV
전주 여행,135,명단,NNG
전주 여행,135,명당,NNG
전주 여행,136,후백제,NNG
전주 여행,136,견훤,NNP
전주 여행,136,숨결,NNG
전주 여행,136,느낄,VV+ETM
전주 여행,136,승암,NNG
전주 여행,136,조선,NNP
전주 여행,136,왕조,NNG
전주 여행,136,본향,NNG
전주 여행,136,후백제,NNG
전주 여행,136,도읍지,NNG
전주 여행,136,후백제,NNG
전주 여행,136,견훤,NNP
전주 여행,136,숨결,NNG
전주 여행,136,느낄,VV+ETM
전주 여행,136,동고,NNG
전주 여행,136,동고,NNG
전주 여행,136,완산,NNP
전주 여행,136,그립,NNG
전주 여행,136,군아,NNG
전주 여행,136,유언,NNG
전주 여행,136,남기,VV
전주 여행,136,다는,ETM
전주 여행,136,견훤,NNP
전주 여행,136,도읍,NNG
전주 여행,136,정하,VV
전주 여행,136,사고사,NNG
전주 여행,137,아중,NNG
전주 여행,137,호숫가,NNG
전주 여행,137,소공원,NNG
전주 여행,137,호동,NNG
전주 여행,137,어린이,NNG
전주 여행,137,공원,NNG
전주 여행,137,호동,NNG
전주 여행,137,시민,NNG
전주 여행,137,누구,NP
전주 여행,137,이름,NNG
전주 여행,137,예전,NNG
전주 여행,137,쓰래,NNG
전주 여행,137,매립장,NNG
전주 여행,137,지금,MAG
전주 여행,137,호공,NNP
전주 여행,137,들렸,VV+EP
전주 여행,137,다가,EC
전주 여행,137,오후,NNG
전주 여행,137,시간,NNG
전주 여행,137,시간,NNG
전주 여행,137,들려,VV+EC
전주 여행,137,아중,NNG
전주 여행,137,호수,NNG
전주 여행,137,중리,NNG
전주 여행,137,레일바이크,NNP
전주 여행,137,그리고,MAJ
전주 여행,138,조선,NNP
전주 여행,138,시대,NNG
전주 여행,138,별장,NNG
전주 여행,138,한옥마을,NNP
전주 여행,138,임실,NNP
전주 여행,138,슬치,NNP
전주 여행,138,고개,NNG
전주 여행,138,에서,JKB
전주 여행,138,발원,NNG
전주 여행,138,당과,NNG
전주 여행,138,만나,VV+EC
전주 여행,138,아름다운,VA+ETM
전주 여행,138,경관,NNG
전주 여행,138,만들,VV
전주 여행,138,하나,NR
전주 여행,138,조선,NNP
전주 여행,138,개국,NNG
전주 여행,138,도운,VV+ETM
전주 여행,138,공신,NNG
전주 여행,138,집현전,NNG
전주 여행,138,직제학,NNG
전주 여행,138,지낸,VV+ETM
전주 여행,138,월당,NNG
전주 여행,138,선생,NNG
전주 여행,138,태조,NNG
전주 여행,139,완산,NNP
전주 여행,139,칠봉,NNG
전주 여행,139,도심,NNG
전주 여행,139,하늘,NNG
전주 여행,139,정원,NNG
전주 여행,139,완산,NNP
전주 여행,139,공원,NNG
전주 여행,139,완산,NNP
전주 여행,139,공원,NNG
전주 여행,139,완산,NNP
전주 여행,139,공원,NNG
전주 여행,139,꽃동산,NNG
전주 여행,139,완산,NNP
전주 여행,139,칠봉,NNG
전주 여행,139,도심,NNG
전주 여행,139,공원,NNG
전주 여행,139,후백제,NNG
전주 여행,139,도읍지,NNG
전주 여행,139,조선,NNP
전주 여행,139,왕조,NNG
전주 여행,139,본향,NNG
전주 여행,139,대표,NNG
전주 여행,139,완산,NNP
전주 여행,139,칠봉,NNG
전주 여행,139,완산,NNP
전주 여행,139,고원,NNP
전주 여행,139,꽃동산,NNG
전주 여행,139,시립,NNG
전주 여행,139,도서관,NNG
전주 여행,139,에서,JKB
전주 여행,139,하늘,NNG
전주 여행,140,180812,SN
전주 여행,140,아이,NNG
전주 여행,140,한옥,NNG
전주 여행,140,마을,NNG
전주 여행,140,으로,JKB
전주 여행,140,산책,NNG
전주 여행,140,군것질,NNG
전주 여행,140,함께,MAG
전주 여행,140,개인,NNG
전주 여행,140,으로,JKB
전주 여행,140,가장,MAG
전주 여행,140,만족,NNG
전주 여행,140,스러웠,XSA+EP
전주 여행,140,마약,NNG
전주 여행,140,육전,NNG
전주 여행,140,추억,NNG
전주 여행,140,남겨줄,VV+EC+VX+ETM
전주 여행,140,사진,NNG
전주 여행,140,조미료,NNG
전주 여행,140,위해,VV+EC
전주 여행,140,한복,NNG
전주 여행,140,대여,NNG
전주 여행,140,헤어,NNG
전주 여행,140,사진,NNG
전주 여행,140,세트,NNG
전주 여행,140,라고,VCP+EC
전주 여행,140,가족,NNG
전주 여행,140,한복,NNG
전주 여행,140,체험,NNG
전주 여행,140,시작,NNG
전주 여행,140,사진관,NNG
전주 여행,140,에서,JKB
전주 여행,140,사진,NNG
전주 여행,140,촬영,NNG
전주 여행,140,마을,NNG
전주 여행,140,투어,NNG
전주 여행,141,연꽃,NNG
전주 여행,141,대한민국,NNP
전주 여행,141,연꽃,NNG
전주 여행,141,대표,NNG
전주 여행,141,관광지,NNG
전주 여행,141,덕진,NNP
전주 여행,141,공원,NNG
전주 여행,141,진연,NNG
전주 여행,141,201,SN
전주 여행,141,덕진,NNP
전주 여행,141,공원,NNG
전주 여행,141,코스,NNG
전주 여행,141,에서,JKB
전주 여행,141,빠트릴,VV+ETM
전주 여행,141,필수,NNG
전주 여행,141,코스,NNG
전주 여행,141,덕진,NNP
전주 여행,141,연못,NNG
전주 여행,141,연꽃,NNG
전주 여행,141,덕진,NNP
전주 여행,141,호수,NNG
전주 여행,141,가운데,NNG
전주 여행,141,가로지르,VV
전주 여행,141,현수교,NNG
전주 여행,141,연지,NNG
전주 여행,141,교등,NNG
전주 여행,141,주변,NNG
전주 여행,141,경관,NNG
전주 여행,141,무척,MAG
전주 여행,141,아름다워,VA+EC
전주 여행,141,사진,NNG
전주 여행,141,으면,EC
전주 여행,141,무척,MAG
전주 여행,141,아름답,VA
전주 여행,141,연꽃,NNG
전주 여행,142,조선왕조실록,NNP
전주 여행,142,피난,NNG
전주 여행,142,수난사,NNG
전주 여행,142,사고,NNG
전주 여행,142,사고,NNG
전주 여행,142,국보,NNG
전주 여행,142,151,SN
전주 여행,142,조선왕조실록,NNP
전주 여행,142,전하,VV
전주 여행,142,보관,NNG
전주 여행,142,위해,VV+EC
전주 여행,142,만들,VV
전주 여행,142,경기,NNG
전주 여행,142,전안,NNG
전주 여행,142,건물,NNG
전주 여행,142,사고,NNG
전주 여행,142,임진왜란,NNG
전주 여행,142,당시,NNG
전주 여행,142,조성,NNG
전주 여행,142,왕조,NNG
전주 여행,142,실록,NNG
전주 여행,142,피신,NNG
전주 여행,142,수난사,NNG
전주 여행,142,한눈,NNG
전주 여행,142,사고,NNG
전주 여행,143,이씨,IC
전주 여행,143,조선,NNP
전주 여행,143,본향,NNG
전주 여행,143,한옥,NNG
전주 여행,143,마을,NNG
전주 여행,143,경기전,NNG
전주 여행,143,진박,NNG
전주 여행,143,이씨,IC
전주 여행,143,조선,NNP
전주 여행,143,본향,NNG
전주 여행,143,한옥마을,NNP
전주 여행,143,한옥마을,NNP
전주 여행,143,전국,NNG
전주 여행,143,에서,JKB
전주 여행,143,제일,MAG
전주 여행,143,유명,XR
전주 여행,143,한옥마을,NNP
전주 여행,143,한옥,NNG
전주 여행,143,마을,NNG
전주 여행,143,경기전,NNG
전주 여행,143,경기,NNG
전주 여행,143,전안,NNG
전주 여행,143,태조,NNP
전주 여행,143,이성계,NNP
전주 여행,143,어진,NNG
전주 여행,143,모시,VV
전주 여행,143,어진,NNG
전주 여행,144,에서,JKB
전주 여행,144,달랑,MAG
전주 여행,144,20,SN
전주 여행,144,산책,NNG
전주 여행,144,추억,NNG
전주 여행,144,일요일,NNG
전주 여행,144,오후,NNG
전주 여행,144,일차,NNG
전주 여행,144,다가,EC
전주 여행,144,팔자,NNG
전주 여행,144,보너스,NNG
전주 여행,144,시간,NNG
전주 여행,144,30,SN
전주 여행,144,이투,NNG
전주 여행,144,케이,NNG
전주 여행,144,에게,JKB
전주 여행,144,주어지,VV
전주 여행,144,트리,NNG
전주 여행,144,시간,NNG
전주 여행,144,보내,VV
전주 여행,144,안성맞춤,NNG
전주 여행,144,산책,NNG
전주 여행,144,시간,NNG
전주 여행,144,투자,NNG
전주 여행,145,친환경,NNG
전주 여행,145,생태,NNG
전주 여행,145,도시,NNG
전주 여행,145,에코,NNP
전주 여행,145,시티,NNG
전주 여행,145,자랑거리,NNG
전주 여행,145,병호,NNP
전주 여행,145,병공,NNG
전주 여행,145,에코,NNP
전주 여행,145,시티,NNG
전주 여행,145,조성,NNG
전주 여행,145,공원,NNG
전주 여행,145,한옥마을,NNP
전주 여행,145,에서,JKB
전주 여행,145,나아가,VV+EC
전주 여행,145,에서,JKB
전주 여행,145,들려,VV+EC
전주 여행,145,코스,NNG
전주 여행,145,이투,NNG
전주 여행,145,케이,NNG
전주 여행,145,손자,NNG
전주 여행,145,에코,NNP
전주 여행,145,시티,NNG
전주 여행,145,자주,MAG
전주 여행,145,들리,VV
전주 여행,145,세병,NNG
전주 여행,145,공원,NNG
전주 여행,146,후백제,NNG
전주 여행,146,숨결,NNG
전주 여행,146,방산,NNG
전주 여행,146,고사,EC
전주 여행,146,후백제,NNG
전주 여행,146,도읍지,NNG
전주 여행,146,후백제,NNG
전주 여행,146,견훤,NNP
전주 여행,146,숨결,NNG
전주 여행,146,느낄,VV+ETM
전주 여행,146,효자동,NNG
전주 여행,146,서곡,NNG
전주 여행,146,지구,NNG
전주 여행,146,방산,NNG
전주 여행,146,서고,NNG
전주 여행,146,완산,NNP
전주 여행,146,그립,NNG
전주 여행,146,군아,NNG
전주 여행,146,유언,NNG
전주 여행,146,남기,VV
전주 여행,146,다는,ETM
전주 여행,146,견훤,NNP
전주 여행,146,도읍,NNG
전주 여행,146,정하,VV
전주 여행,147,알라딘,NNP
전주 여행,147,언제,NNG
전주 여행,147,라도,VCP+EC
전주 여행,147,다음,NNG
전주 여행,147,어요,EF
전주 여행,147,가장,MAG
전주 여행,147,북카페,NNP
전주 여행,147,카프카,NNP
전주 여행,147,다음,NNG
전주 여행,147,다니,VV
전주 여행,147,면서,EC
전주 여행,147,해봐야,XSV+EC+VX+EC+VX
전주 여행,147,어요,EF
전주 여행,147,요즘,NNG
전주 여행,147,다아,EC
전주 여행,148,전동성당,NNP
전주 여행,148,초순,NNG
전주 여행,148,교지,NNG
전주 여행,148,한옥마을,NNP
전주 여행,148,필수,NNG
전주 여행,148,코스,NNG
전주 여행,148,함께,MAG
전주 여행,148,에서,JKB
전주 여행,148,들려,VV+EC
전주 여행,148,봐야,VX+EC
전주 여행,148,필수,NNG
전주 여행,148,코스,NNG
전주 여행,148,자주,MAG
전주 여행,148,그리고,MAJ
전주 여행,148,한옥마을,NNP
전주 여행,148,아내,NNG
전주 여행,148,남문,NNG
전주 여행,148,시장,NNG
전주 여행,148,에서,JKB
전주 여행,148,대국,NNG
전주 여행,148,그릇,NNG
전주 여행,148,한옥,NNG
전주 여행,148,마을,NNG
전주 여행,148,들린,VV+ETM
전주 여행,148,전동성당,NNP
전주 여행,148,자세히,MAG
전주 여행,148,둘러보,VV
전주 여행,149,완산,NNP
전주 여행,149,칠봉,NNG
전주 여행,149,생태,NNG
전주 여행,149,공원,NNG
전주 여행,149,완산,NNP
전주 여행,149,칠봉,NNG
전주 여행,149,생태,NNG
전주 여행,149,지원,NNG
전주 여행,149,완산,NNP
전주 여행,149,칠봉,NNG
전주 여행,149,생태,NNG
전주 여행,149,지원,NNG
전주 여행,149,완산,NNP
전주 여행,149,지명,NNG
전주 여행,149,이싸,NNP
전주 여행,149,조선,NNP
전주 여행,149,본향,NNG
전주 여행,149,후백제,NNG
전주 여행,149,도읍지,NNG
전주 여행,149,실제로,MAG
전주 여행,149,따라,VV+EC
전주 여행,149,산책,NNG
전주 여행,149,천변,NNG
전주 여행,149,산세,NNG
전주 여행,149,비경,NNG
전주 여행,149,완산,NNP
전주 여행,149,완산,NNP
전주 여행,149,칠봉,NNG
전주 여행,150,에코,NNP
전주 여행,150,시티,NNG
전주 여행,150,친환경,NNG
전주 여행,150,생태,NNG
전주 여행,150,공원,NNG
전주 여행,150,세병,NNG
전주 여행,150,공원,NNG
전주 여행,150,세병,NNG
전주 여행,150,한다는,VV+ETM
전주 여행,150,한다,VX+EC
전주 여행,150,공원,NNG
전주 여행,150,한옥마을,NNP
전주 여행,150,에서,JKB
전주 여행,150,나아가,VV+EC
전주 여행,150,에서,JKB
전주 여행,150,들려,VV+EC
전주 여행,150,코스,NNG
전주 여행,150,이투,NNG
전주 여행,150,케이,NNG
전주 여행,150,에코,NNP
전주 여행,150,시티,NNG
전주 여행,150,손자,NNG
전주 여행,150,자주,MAG
전주 여행,150,에코,NNP
전주 여행,150,시티,NNG
전주 여행,150,인데,VCP+EC
전주 여행,150,처음,NNG
전주 여행,150,으로,JKB
전주 여행,150,포스팅,NNP
전주 여행,150,한다,VV+EC
전주 여행,151,예향,NNG
전주 여행,151,도시,NNG
전주 여행,151,자랑거리,NNG
전주 여행,151,국립,NNG
전주 여행,151,무형,NNG
전주 여행,151,유산,NNG
전주 여행,151,박물관,NNG
전주 여행,151,예향,NNG
전주 여행,151,도시,NNG
전주 여행,151,무형,NNG
전주 여행,151,유산,NNG
전주 여행,151,박물관,NNG
전주 여행,151,자랑,NNG
전주 여행,151,스럽,XSA
전주 여행,151,어렴풋이,MAG
전주 여행,151,2013,SN
전주 여행,151,개관,NNG
전주 여행,151,자랑거리,NNG
전주 여행,151,시민,NNG
전주 여행,151,신나,VV
전주 여행,151,각종,NNG
전주 여행,151,무료,NNG
전주 여행,151,공연,NNG
전주 여행,151,계속,NNG
전주 여행,152,한옥마을,NNP
전주 여행,152,분위기,NNG
전주 여행,152,어울리,VV
전주 여행,152,한옥마을,NNP
전주 여행,152,부채,NNG
전주 여행,152,박물,NNG
전주 여행,152,한옥마을,NNP
전주 여행,152,부채,NNG
전주 여행,152,박물관,NNG
전주 여행,152,선조,NNG
전주 여행,152,지혜,NNG
전주 여행,152,담긴,VV+ETM
전주 여행,152,부채,NNG
전주 여행,152,모든,MM
전주 여행,152,한옥,NNG
전주 여행,152,마을,NNG
전주 여행,152,글자,NNG
전주 여행,152,그대로,MAG
전주 여행,152,조선,NNP
전주 여행,152,시대,NNG
전주 여행,152,부채,NNG
전주 여행,152,부터,JX
전주 여행,152,중국,NNP
전주 여행,152,일본,NNP
전주 여행,152,부채,NNG
전주 여행,152,까지,JX
전주 여행,152,모든,MM
전주 여행,152,부채,NNG
전주 여행,152,전시,NNG
전주 여행,152,부채,NNG
전주 여행,152,박물관,NNG
전주 여행,152,한옥마을,NNP
전주 여행,153,국내,NNG
전주 여행,153,최고,NNG
전주 여행,153,수준,NNG
전주 여행,153,복합,NNG
전주 여행,153,문화,NNG
전주 여행,153,예술,NNG
전주 여행,153,공간,NNG
전주 여행,153,한국,NNP
전주 여행,153,소리,NNG
전주 여행,153,문화,NNG
전주 여행,153,전북,NNP
전주 여행,153,에서,JKB
전주 여행,153,매년,MAG
전주 여행,153,개최,NNG
전주 여행,153,세계,NNG
전주 여행,153,소리,NNG
전주 여행,153,축제,NNG
전주 여행,153,열리,VV
전주 여행,153,한국,NNP
전주 여행,153,소리,NNG
전주 여행,153,문화,NNG
전주 여행,153,2001,SN
전주 여행,153,이다,NNP
전주 여행,153,자랑,NNG
전주 여행,153,전북,NNP
전주 여행,153,자랑,NNG
전주 여행,153,면적,NNG
전주 여행,153,30,SN
전주 여행,153,184,SN
전주 여행,153,건물,NNG
전주 여행,153,면적,NNG
전주 여행,153,11,SN
전주 여행,153,064,SN
전주 여행,153,이나,JX
전주 여행,153,대형,NNG
전주 여행,153,아트,NNG
전주 여행,153,센터,NNG
전주 여행,154,2014,SN
전주 여행,154,12,SN
전주 여행,154,14,SN
전주 여행,154,요일,NNG
전주 여행,154,코스,NNG
전주 여행,154,한옥마을,NNP
전주 여행,154,둘러보,VV
전주 여행,154,전통,NNG
전주 여행,154,비빔밥,NNG
전주 여행,154,시식,NNP
전주 여행,154,덕진,NNP
전주 여행,154,공원,NNG
전주 여행,154,유적지,NNG
전주 여행,154,저녁,NNG
전주 여행,154,으로,JKB
전주 여행,154,떡갈비,NNG
전주 여행,154,시식,NNG
전주 여행,155,덕진,NNP
전주 여행,155,호수,NNG
전주 여행,155,연화교,NNG
전주 여행,155,변신,NNG
전주 여행,155,덕진,NNP
전주 여행,155,공원,NNG
전주 여행,155,210425,SN
전주 여행,155,에서,JKB
전주 여행,155,홀로,MAG
전주 여행,155,덕진,NNP
전주 여행,155,공원,NNG
전주 여행,155,들려,VV+EC
전주 여행,155,연화교,NNG
전주 여행,155,덕진,NNP
전주 여행,155,공원,NNG
전주 여행,155,모습,NNG
전주 여행,155,어떤,MM
전주 여행,155,모습,NNG
전주 여행,155,일까,VCP+EC
전주 여행,155,연화교,NNG
전주 여행,155,어떤,MM
전주 여행,155,모습,NNG
전주 여행,155,으로,JKB
전주 여행,155,변신,NNG
전주 여행,155,을까,EC
전주 여행,155,궁금,XR
전주 여행,155,마음,NNG
전주 여행,155,으로,JKB
전주 여행,155,시간,NNG
전주 여행,155,자투리,NNG
전주 여행,156,2015,SN
전주 여행,156,01,SN
전주 여행,156,30,SN
전주 여행,156,한옥마을,NNP
전주 여행,156,야시장,NNG
전주 여행,156,남부,NNG
전주 여행,156,시장,NNG
전주 여행,156,청년,NNG
전주 여행,156,구경,NNG
전주 여행,156,2015,SN
전주 여행,156,01,SN
전주 여행,156,30,SN
전주 여행,156,한옥,NNP
전주 여행,156,스테이,NNP
전주 여행,156,태조,NNP
전주 여행,156,마루,NNP
전주 여행,156,한옥마을,NNP
전주 여행,156,먹거리,NNG
전주 여행,156,구경,NNG
전주 여행,156,http,SL
전주 여행,156,sweetcity,SL
전주 여행,156,tistory,SL
전주 여행,156,com,SL
전주 여행,156,1725,SN
전주 여행,156,사장,NNG
전주 여행,156,알려,VV+EC
전주 여행,156,야시장,NNG
전주 여행,156,구경,NNG
전주 여행,156,광화문,NNG
전주 여행,156,처럼,JKB
전주 여행,156,세월,NNG
전주 여행,156,천막,NNG
전주 여행,156,울컥,MAG
전주 여행,156,조명,NNG
전주 여행,156,멋진,VA+ETM
전주 여행,156,풍남문,NNG
전주 여행,157,대사습놀이,NNG
전주 여행,157,한옥마을,NNP
전주 여행,157,구경,NNG
전주 여행,157,맞추,VV
전주 여행,157,매년,MAG
전주 여행,157,열리,VV
전주 여행,157,전국,NNG
전주 여행,157,대회,NNG
전주 여행,157,판소리,NNG
전주 여행,157,명창,NNG
전주 여행,157,일반,NNG
전주 여행,157,농악,NNG
전주 여행,157,무용,NNG
전주 여행,157,기악,NNG
전주 여행,157,시조,NNG
전주 여행,157,민요,NNG
전주 여행,157,가야금,NNG
전주 여행,157,명창,NNG
전주 여행,157,궁도,NNG
전주 여행,157,명고,NNG
전주 여행,157,까지,JX
전주 여행,157,10,SN
전주 여행,157,부분,NNG
전주 여행,157,으로,JKB
전주 여행,157,치러,VV+EC
전주 여행,157,전국,NNG
전주 여행,157,경연,NNG
전주 여행,157,대회,NNG
전주 여행,157,대사습놀이,NNG
전주 여행,157,전국,NNG
전주 여행,157,대회,NNG
전주 여행,157,로서,JKB
전주 여행,157,무척,MAG
전주 여행,158,옛날,NNG
전주 여행,158,물건,NNG
전주 여행,158,모두,MAG
전주 여행,158,이곳,NP
전주 여행,158,전시,NNG
전주 여행,158,한옥마을,NNP
전주 여행,158,한옥마을,NNP
전주 여행,158,루이,NNP
전주 여행,158,엘모,NNG
전주 여행,158,자박,NNG
전주 여행,158,물관,NNG
전주 여행,158,바로,MAG
전주 여행,158,추억,NNG
전주 여행,158,박물관,NNG
전주 여행,158,건물,NNG
전주 여행,158,입장료,NNG
전주 여행,158,000,SN
전주 여행,158,전시,NNG
전주 여행,158,공간,NNG
전주 여행,158,전라북도,NNP
전주 여행,158,문화,NNG
전주 여행,158,예술,NNG
전주 여행,158,재단,NNG
전주 여행,158,어느,MM
전주 여행,158,지원,NNG
전주 여행,158,된다면,VV+EC
전주 여행,158,얼마나,MAG
전주 여행,158,을까,EC
전주 여행,158,생각,NNG
전주 여행,158,본다,VV+EC
전주 여행,159,한옥마을,NNP
전주 여행,159,에서,JKB
전주 여행,159,봐야,VX+EC
전주 여행,159,풍남문,NNG
전주 여행,159,이씨,IC
전주 여행,159,조선,NNP
전주 여행,159,본향,NNG
전주 여행,159,한옥마을,NNP
전주 여행,159,에서,JKB
전주 여행,159,들려,VV+EC
전주 여행,159,아야,EC
전주 여행,159,경기전,NNG
전주 여행,159,진박,NNG
전주 여행,159,물관,NNG
전주 여행,159,아야,EC
전주 여행,159,지만,EC
전주 여행,159,풍남문,NNG
전주 여행,159,봐야,VX+EC
전주 여행,159,한다,VX+EC
전주 여행,159,보물,NNG
전주 여행,159,308,SN
전주 여행,159,풍남문,NNG
전주 여행,159,대표,NNG
전주 여행,160,가즈,NNP
전주 여행,160,젊음,NNG
전주 여행,160,넘치,VV
전주 여행,160,거리,NNG
전주 여행,160,객사,NNG
전주 여행,160,에서,JKB
전주 여행,160,아야,EC
전주 여행,160,필수,NNG
전주 여행,160,코스,NNG
전주 여행,160,결혼식,NNG
전주 여행,160,참석,NNG
전주 여행,160,벚꽃,NNG
전주 여행,160,명소,NNG
전주 여행,160,이자,NNG
전주 여행,160,데이트,NNG
전주 여행,160,코스,NNG
전주 여행,160,유명,XR
전주 여행,160,아중,NNG
전주 여행,160,리저,NNP
전주 여행,160,수지,NNG
전주 여행,160,들린,VV+ETM
전주 여행,160,영화,NNG
전주 여행,160,거리,NNG
전주 여행,160,객사,NNG
전주 여행,160,까지,JX
전주 여행,160,돌아보,VV
전주 여행,161,한옥마을,NNP
전주 여행,161,한국,NNP
전주 여행,161,관광,NNG
전주 여행,161,100,SN
전주 여행,161,빛나,VV
전주 여행,161,우리나라,NNG
전주 여행,161,대표,NNG
전주 여행,161,이외,NNG
전주 여행,161,향교,NNG
전주 여행,161,목대,NNG
전주 여행,161,그리고,MAJ
전주 여행,161,벽화,NNG
전주 여행,161,마을,NNG
전주 여행,161,전통주,NNG
전주 여행,161,박물관,NNG
전주 여행,161,승광,NNP
전주 여행,161,들려,VV+EC
전주 여행,161,한옥마을,NNP
전주 여행,161,에서,JKB
전주 여행,161,은퇴,NNG
전주 여행,161,사진,NNG
전주 여행,161,작가,NNG
전주 여행,161,왕성,XR
전주 여행,161,활동,NNG
전주 여행,161,절친,NNG
전주 여행,161,우연히,MAG
전주 여행,161,만나,VV+EC
전주 여행,161,사진,NNG
전주 여행,161,서로,MAG
전주 여행,162,한옥마을,NNP
전주 여행,162,전망대,NNG
전주 여행,162,이성계,NNP
전주 여행,162,장군,NNG
전주 여행,162,승전,NNG
전주 여행,162,연회,NNG
전주 여행,162,장소,NNG
전주 여행,162,목대,NNG
전주 여행,162,한옥마을,NNP
전주 여행,162,다녀왔,VV+EP
전주 여행,162,한옥마을,NNP
전주 여행,162,경기,NNG
전주 여행,162,어진,VA+ETM
전주 여행,162,박물관,NNG
전주 여행,162,풍남문,NNG
전주 여행,162,남문,NNG
전주 여행,162,시장,NNG
전주 여행,162,그리고,MAJ
전주 여행,162,최근,NNG
전주 여행,162,개장,NNG
전주 여행,162,전라,NNP
전주 여행,162,감영,NNG
전주 여행,162,까지,JX
전주 여행,162,돌아보,VV
전주 여행,162,목대,NNG
전주 여행,162,올랐,VV+EP
전주 여행,162,가까이,MAG
전주 여행,162,자주,MAG
전주 여행,162,들리,VV
전주 여행,162,이나,JC
전주 여행,162,마다,JX
전주 여행,162,새롭,VA
전주 여행,162,다시,MAG
전주 여행,163,필수,NNG
전주 여행,163,코스,NNG
전주 여행,163,천상,NNG
전주 여행,163,정원,NNG
전주 여행,163,한국도로공사,NNP
전주 여행,163,고도,NNG
전주 여행,163,그리고,MAJ
전주 여행,163,이씨,IC
전주 여행,163,조선,NNP
전주 여행,163,본향,NNG
전주 여행,163,들려,VV+EC
전주 여행,163,아야,EC
전주 여행,163,필수,NNG
전주 여행,163,코스,NNG
전주 여행,163,한국도로공사,NNP
전주 여행,163,수목원,NNG
전주 여행,163,월드컵,NNG
전주 여행,163,경기장,NNG
전주 여행,163,부근,NNG
전주 여행,163,고속도,NNG
전주 여행,163,도로변,NNG
전주 여행,164,SK,SL
전주 여행,164,LTE,SL
전주 여행,164,어디,NP
전주 여행,164,까지,JX
전주 여행,164,맛있,VA
전주 여행,164,맛있,VA
전주 여행,164,2012,SN
전주 여행,164,08,SN
전주 여행,164,27,SN
전주 여행,164,06,SN
전주 여행,164,30,SN
전주 여행,164,IT,SL
전주 여행,164,서비스,NNG
전주 여행,164,Web,SL
전주 여행,164,Service,SL
전주 여행,164,작성자,NNG
전주 여행,164,니아,EC
전주 여행,164,https,SL
전주 여행,164,map,SL
전주 여행,164,naver,SL
전주 여행,164,com,SL
전주 여행,164,entry,SL
전주 여행,164,place,SL
전주 여행,164,1589368656,SN
전주 여행,164,광고,NNG
전주 여행,164,제주,NNP
전주 여행,164,유럽,NNP
전주 여행,164,코티지,NNP
전주 여행,164,감성,NNG
전주 여행,164,지독,NNG
전주 여행,164,프라이빗,NNG
전주 여행,164,제주,NNP
전주 여행,164,유럽,NNP
전주 여행,164,감성,NNG
전주 여행,165,인상,NNG
전주 여행,165,마중,NNG
전주 여행,165,도로공원,NNG
전주 여행,165,2011,SN
전주 여행,165,마중,NNG
전주 여행,165,기차,NNG
전주 여행,165,에서,JKB
전주 여행,165,내리,VV
전주 여행,165,처음,NNG
전주 여행,165,으로,JKB
전주 여행,165,만나,VV
전주 여행,165,마중,NNG
전주 여행,165,첫인상,NNG
전주 여행,165,마중,NNG
전주 여행,165,여름,NNG
전주 여행,165,마중,NNG
전주 여행,165,여름,NNG
전주 여행,165,무더위,NNG
전주 여행,165,피할,VV+ETM
전주 여행,165,어린이,NNG
전주 여행,166,아중,NNG
전주 여행,166,호수,NNG
전주 여행,166,나무,NNG
전주 여행,166,데크,NNP
전주 여행,166,산책로,NNG
전주 여행,166,따라,VV+EC
전주 여행,166,산책,NNG
전주 여행,166,220403,SN
전주 여행,166,예전,NNG
전주 여행,166,오래,MAG
전주 여행,166,부터,JX
전주 여행,166,중리,NNG
전주 여행,166,아중,NNG
전주 여행,166,호수,NNG
전주 여행,166,야성,NNG
전주 여행,166,이루,VV
전주 여행,166,유명,XR
전주 여행,166,벚꽃,NNG
전주 여행,166,구경,NNG
전주 여행,166,갈까,VX+EF
전주 여행,166,또는,MAJ
전주 여행,166,민물,NNG
전주 여행,166,매운탕,NNG
전주 여행,166,으러,EC
전주 여행,166,갈까,VV+EC
전주 여행,166,기린,NNG
전주 여행,166,등산,NNG
전주 여행,166,등등,NNB
전주 여행,166,여러,MM
전주 여행,166,가지,NNBC
전주 여행,166,목적,NNG
전주 여행,166,여러,MM
전주 여행,166,들리,VV
전주 여행,167,한국,NNP
전주 여행,167,도로공사,NNP
전주 여행,167,수목원,NNG
전주 여행,167,코앞,NNG
전주 여행,167,시민,NNG
전주 여행,167,쉼터,NNG
전주 여행,167,총화,NNG
전주 여행,167,그리고,MAJ
전주 여행,167,기독교,NNG
전주 여행,167,방송국,NNG
전주 여행,167,예전,NNG
전주 여행,167,고속도,NNG
전주 여행,167,나들목,NNG
전주 여행,167,자리,NNG
전주 여행,167,그곳,NP
전주 여행,167,지금,MAG
전주 여행,167,시민,NNG
전주 여행,167,위한,VV+ETM
전주 여행,167,쉼터,NNG
전주 여행,167,조성,NNG
전주 여행,167,나들목,NNG
전주 여행,167,가족,NNG
전주 여행,167,공원,NNG
전주 여행,167,인터체인지,NNG
전주 여행,167,월드컵,NNG
전주 여행,167,경기장,NNG
전주 여행,167,에서,JKB
전주 여행,168,이씨,IC
전주 여행,168,조선,NNP
전주 여행,168,본향,NNG
전주 여행,168,자랑거리,NNG
전주 여행,168,덕진,NNP
전주 여행,168,연못,NNG
전주 여행,168,연꽃,NNG
전주 여행,168,덕진,NNP
전주 여행,168,공원,NNG
전주 여행,168,이씨,IC
전주 여행,168,조선,NNP
전주 여행,168,본향,NNG
전주 여행,168,명물,NNG
전주 여행,168,상징,NNG
전주 여행,168,덕진,NNP
전주 여행,168,공원,NNG
전주 여행,168,필수,NNG
전주 여행,168,코스,NNG
전주 여행,168,덕진,NNP
전주 여행,168,호수,NNG
전주 여행,168,가운데,NNG
전주 여행,168,현수교,NNG
전주 여행,168,연꽃,NNG
전주 여행,168,양분,NNG
전주 여행,168,아름다운,VA+ETM
전주 여행,168,덕진,NNP
전주 여행,168,연못,NNG
전주 여행,169,광주,NNP
전주 여행,169,출발,MAG
전주 여행,169,당신,NP
전주 여행,169,놓치,VV
전주 여행,169,아야,EC
전주 여행,169,지역,NNG
전주 여행,169,특색,NNG
전주 여행,169,함께,MAG
전주 여행,169,살펴보,VV
전주 여행,169,세요,EP+EF
전주 여행,169,한옥마을,NNP
전주 여행,169,매력,NNG
전주 여행,169,광주,NNP
전주 여행,169,에서,JKB
전주 여행,169,시간,NNBC
전주 여행,169,거리,NNG
전주 여행,169,위치,NNG
전주 여행,169,습니다,EF
전주 여행,169,한옥마을,NNP
전주 여행,169,한국,NNP
전주 여행,169,전통,NNG
전주 여행,169,가옥,NNG
전주 여행,169,아름다움,VA+ETN
전주 여행,169,느낄,VV+ETM
전주 여행,169,장소,NNG
전주 여행,170,한옥마을,NNP
전주 여행,170,대한민국,NNP
전주 여행,170,대표,NNG
전주 여행,170,com,SL
전주 여행,170,15815131,SN
전주 여행,170,난장,NNG
전주 여행,170,박물관,NNG
전주 여행,170,한옥마을,NNP
전주 여행,170,이색,NNG
전주 여행,170,옛날,NNG
전주 여행,170,볼거리,NNG
전주 여행,170,생일,NNG
전주 여행,170,손자,NNG
전주 여행,170,한옥,NNG
전주 여행,170,마을,NNG
전주 여행,170,에서,JKB
전주 여행,170,신나,VV
전주 여행,170,하루,NNG
전주 여행,170,보냈,VV+EP
전주 여행,170,점심,NNG
전주 여행,170,한옥,NNG
전주 여행,170,마을,NNG
전주 여행,170,에서,JKB
전주 여행,170,제일,MAG
전주 여행,170,유명,XR
전주 여행,170,먹거리,NNG
전주 여행,170,갈비,NNG
전주 여행,171,홈페이지,NNG
전주 여행,171,제작,NNG
전주 여행,171,해외,NNG
전주 여행,171,골프,NNG
전주 여행,171,투어,NNG
전주 여행,171,전문,NNG
전주 여행,171,온라인,NNG
전주 여행,171,견적,NNG
전주 여행,171,com,SL
전주 여행,171,하나,NR
전주 여행,171,단독,NNG
전주 여행,171,투어,NNG
전주 여행,171,하나,NR
전주 여행,171,투어,NNG
전주 여행,171,공식,NNG
전주 여행,171,인증,NNG
전주 여행,171,예약,NNG
전주 여행,171,센터,NNG
전주 여행,171,해외,NNG
전주 여행,171,단체,NNG
전주 여행,171,하나,NR
전주 여행,171,투어,NNG
전주 여행,171,하나,NR
전주 여행,171,단독,NNG
전주 여행,171,투어,NNG
전주 여행,171,글로벌,NNG
전주 여행,171,투어,NNG
전주 여행,171,하나,NR
전주 여행,171,투어,NNG
전주 여행,171,공식,NNG
전주 여행,171,인증,NNG
전주 여행,171,예약,NNG
전주 여행,171,센터,NNG
전주 여행,171,해외,NNG
전주 여행,171,단체,NNG
전주 여행,171,하나,NR
전주 여행,171,투어,NNG
전주 여행,172,정월,NNG
전주 여행,172,보름,NNG
전주 여행,172,공연,NNG
전주 여행,172,전북,NNP
전주 여행,172,달맞이,NNG
전주 여행,172,good,SL
전주 여행,172,가세,NNG
전주 여행,172,음식,NNG
전주 여행,172,고장,NNG
전주 여행,172,이자,NNG
전주 여행,172,한옥마을,NNP
전주 여행,172,고장,NNG
전주 여행,172,복판,NNG
전주 여행,172,흐르,VV
전주 여행,172,광장,NNG
전주 여행,172,net,SL
전주 여행,172,2041,SN
전주 여행,172,15812600,SN
전주 여행,172,임실,NNP
전주 여행,172,가장,MAG
전주 여행,172,한국,NNP
전주 여행,172,신명,NNG
전주 여행,172,축제,NNG
전주 여행,172,필봉,NNG
전주 여행,172,마을,NNG
전주 여행,172,정월,NNG
전주 여행,172,보름,NNG
전주 여행,172,정월,NNG
전주 여행,172,보름날,NNG
전주 여행,173,지구촌,NNG
전주 여행,173,모자,NNG
전주 여행,173,모두,MAG
전주 여행,173,이곳,NP
전주 여행,173,이색,NNG
전주 여행,173,박물관,NNG
전주 여행,173,루이,NNP
전주 여행,173,모자,NNG
전주 여행,173,한옥마을,NNP
전주 여행,173,에서,JKB
전주 여행,173,모자,NNG
전주 여행,173,박물관,NNG
전주 여행,173,구경,NNG
전주 여행,173,한옥마을,NNP
전주 여행,173,서쪽,NNG
전주 여행,173,끝자락,NNG
전주 여행,173,루이,NNP
전주 여행,173,엘모,NNG
전주 여행,173,자박,NNG
전주 여행,173,물관,NNG
전주 여행,173,추억,NNG
전주 여행,173,박물관,NNG
전주 여행,173,별별,MM
전주 여행,173,박물관,NNG
전주 여행,173,박물관,NNG
전주 여행,173,구경거리,NNG
전주 여행,173,입장료,NNG
전주 여행,173,000,SN
전주 여행,173,박물관,NNG
전주 여행,174,https,SL
전주 여행,174,blog,SL
전주 여행,174,naver,SL
전주 여행,174,com,SL
전주 여행,174,allga,SL
전주 여행,174,79,SN
전주 여행,174,전화,NNG
전주 여행,174,번호,NNG
전주 여행,174,063,SN
전주 여행,174,231,SN
전주 여행,174,3040,SN
전주 여행,174,도로,NNG
전주 여행,174,완산구,NNP
전주 여행,174,은행,NNG
전주 여행,174,74,SN
전주 여행,174,11,SN
전주 여행,174,지번,NNG
전주 여행,174,완산구,NNP
전주 여행,174,교동,NNP
전주 여행,174,91,SN
전주 여행,174,장점,NNG
전주 여행,174,숙박업,NNG
전주 여행,174,에서,JKB
전주 여행,174,샤워,NNG
전주 여행,174,타월,NNG
전주 여행,174,화장,NNG
전주 여행,174,거울,NNG
전주 여행,174,비누,NNG
전주 여행,174,클렌징,NNG
전주 여행,175,전동,NNG
전주 여행,175,성당,NNG
전주 여행,175,에서,JKB
전주 여행,175,지란지교,NNG
전주 여행,175,꿈꾸,VV
전주 여행,175,달려간,VV+ETM
전주 여행,175,친구,NNG
전주 여행,175,약속,NNG
전주 여행,175,시간,NNG
전주 여행,175,오후,NNG
전주 여행,175,시간,NNG
전주 여행,175,틈새,NNG
전주 여행,175,전동,NNG
전주 여행,175,성당,NNG
전주 여행,175,으로,JKB
전주 여행,175,향하,VV
전주 여행,175,31,SN
전주 여행,175,수요일,NNG
전주 여행,175,오후,NNG
전주 여행,175,성당,NNG
전주 여행,175,행사,NNG
전주 여행,175,관계자,NNG
전주 여행,175,차량,NNG
전주 여행,175,임도,NNG
전주 여행,175,금하,VV
전주 여행,175,지만,EC
전주 여행,175,꼬까,NNG
전주 여행,175,한복,NNG
전주 여행,176,아야,EC
전주 여행,176,아시아,NNP
전주 여행,176,명소,NNG
전주 여행,176,KTX,SL
전주 여행,176,한옥마을,NNP
전주 여행,176,에서,JKB
전주 여행,176,시작,NNG
전주 여행,176,된다,XSV+EC
전주 여행,176,역사,NNG
전주 여행,176,한옥마을,NNP
전주 여행,176,이다,NNP
전주 여행,176,광장,NNG
전주 여행,176,나오,VV
전주 여행,176,한복,NNG
전주 여행,176,부채,NNG
전주 여행,176,예쁜,VA+ETM
전주 여행,176,아가씨,NNG
전주 여행,176,관광객,NNG
전주 여행,176,반겨,VV+EC
전주 여행,176,준다,VX+EC
전주 여행,177,난장,NNG
전주 여행,177,테마,NNG
전주 여행,177,박물관,NNG
전주 여행,177,7080,SN
전주 여행,177,감수,NNG
전주 여행,177,06,SN
전주 여행,177,00,SN
전주 여행,177,에서,JKB
전주 여행,177,이번,NNG
전주 여행,177,들린,VV+ETM
전주 여행,177,전북,NNP
전주 여행,177,유일,NNG
전주 여행,177,테마,NNG
전주 여행,177,박물관,NNG
전주 여행,177,7080,SN
전주 여행,177,감수,NNG
전주 여행,177,그대로,MAG
전주 여행,177,재현,NNG
전주 여행,177,입니다,VCP+EF
전주 여행,177,요즘,MAG
전주 여행,177,어딜,NP+JKO
전주 여행,177,7080,SN
전주 여행,177,내세우,VV
전주 여행,177,장소,NNG
전주 여행,177,많이,MAG
전주 여행,177,지만,EC
전주 여행,177,특히,MAG
전주 여행,177,이곳,NP
전주 여행,177,난장,NNG
전주 여행,177,그대,NP
전주 여행,177,감성,NNG
전주 여행,178,한옥마을,NNP
전주 여행,178,한울,NNP
전주 여행,178,밥상,NNG
전주 여행,178,맛집,NNG
전주 여행,178,터널,NNG
전주 여행,178,한울,NNP
전주 여행,178,밥상,NNG
전주 여행,178,터널,NNG
전주 여행,178,공존,NNG
전주 여행,178,도시,NNG
전주 여행,178,기대,NNG
전주 여행,178,됩니다,VV+EF
전주 여행,178,이번,NNG
전주 여행,178,조금,MAG
전주 여행,178,특별,NNG
전주 여행,178,는데,EC
전주 여행,178,원래,NNG
전주 여행,178,한옥,NNG
전주 여행,178,마을,NNG
전주 여행,178,안쪽,NNG
전주 여행,178,맛집,NNG
전주 여행,178,계획,NNG
전주 여행,178,지만,EC
전주 여행,178,우연히,MAG
전주 여행,178,들른,VV+ETM
전주 여행,178,가게,NNG
전주 여행,178,사장,NNG
전주 여행,179,숙영,NNG
전주 여행,179,가마솥,NNG
전주 여행,179,비빔밥,NNG
전주 여행,179,된장찌개,NNG
전주 여행,179,비빔밥,NNG
전주 여행,179,어울리,VV
전주 여행,179,조합,NNG
전주 여행,179,맛집,NNG
전주 여행,179,투어,NNG
전주 여행,179,숙영,NNG
전주 여행,179,비빔밥,NNG
전주 여행,179,방문,NNG
전주 여행,179,오래전,NNG
전주 여행,179,다녀온,VV+ETM
전주 여행,179,에서,JKB
전주 여행,179,음식,NNG
전주 여행,179,다면,EC
전주 여행,179,비빔밥,NNG
전주 여행,179,이번,NNG
전주 여행,179,와야,VX+EC+VX
전주 여행,179,생각,NNG
전주 여행,179,수많,VA
전주 여행,179,비빔밥,NNG
전주 여행,179,가게,NNG
전주 여행,179,검색,NNG
전주 여행,180,예정,NNG
전주 여행,180,럴럴럴,UNKNOWN
전주 여행,180,월드,NNG
전주 여행,180,티스토리,NNP
전주 여행,180,Diary,SL
전주 여행,180,예정,NNG
전주 여행,180,랄랄라,IC
전주 여행,180,lalalabro,SL
전주 여행,180,2018,SN
전주 여행,180,03,SN
전주 여행,180,27,SN
전주 여행,180,11,SN
전주 여행,180,36,SN
전주 여행,180,Let,SL
전주 여행,180,Go,SL
전주 여행,180,2018,SN
전주 여행,180,30,SN
전주 여행,180,막걸리,NNG
전주 여행,180,안주,NNG
전주 여행,180,한옥마을,NNP
전주 여행,180,막걸리,NNG
전주 여행,180,골목,NNG
전주 여행,180,얼마,NNG
전주 여행,180,생생,MAG
전주 여행,180,정보,NNG
전주 여행,180,다가,EC
전주 여행,180,막걸리,NNG
전주 여행,181,알라딘,NNP
전주 여행,181,언제,NNG
전주 여행,181,라도,VCP+EC
전주 여행,181,계획,NNG
전주 여행,181,계신,VX+ETM
전주 여행,181,따듯,XR
전주 여행,181,위로,NNG
전주 여행,181,에서,JKB
전주 여행,181,다면,EC
전주 여행,181,권유,NNG
전주 여행,181,해본다,XSV+EC+VX+EC
전주 여행,181,그저,MAG
전주 여행,181,그런,MM
전주 여행,181,아니,VCN
전주 여행,181,가슴,NNG
전주 여행,181,따뜻,XR
전주 여행,181,에세이,NNG
전주 여행,181,서다,NNG
전주 여행,181,핵심,NNG
전주 여행,181,포인트,NNG
전주 여행,181,목차,NNG
전주 여행,182,알라딘,NNP
전주 여행,182,조용,XR
전주 여행,182,면서,EC
전주 여행,182,다양,XR
전주 여행,182,매력,NNG
전주 여행,182,로컬,NNG
전주 여행,182,가이드,NNG
전주 여행,182,소도시,NNG
전주 여행,182,소도시,NNG
전주 여행,182,트래블,NNG
전주 여행,182,완주,NNG
전주 여행,182,소도시,NNG
전주 여행,182,트래블,NNG
전주 여행,182,조이,NNG
전주 여행,182,코리아,NNP
전주 여행,182,편집부,NNG
전주 여행,182,지음,NNG
전주 여행,182,조이,NNG
전주 여행,182,코리아,NNP
전주 여행,182,2022,SN
전주 여행,182,11,SN
전주 여행,182,평점,NNG
전주 여행,182,품절,NNG
전주 여행,182,얼마,NNG
전주 여행,182,다녀왔,VV+EP
전주 여행,182,는데,EC
전주 여행,182,소도시,NNG
전주 여행,182,트래블,NNG
전주 여행,182,주편,NNG
전주 여행,182,조금,MAG
전주 여행,182,빨리,MAG
전주 여행,182,으면,EC
전주 여행,182,정말,MAG
전주 여행,182,다는,ETM
전주 여행,183,알라딘,NNP
전주 여행,183,생생,XR
전주 여행,183,리뷰,NNP
전주 여행,183,동네,NNG
전주 여행,183,그리고,MAJ
전주 여행,183,친구,NNG
전주 여행,183,에서,JKB
전주 여행,183,그럼,MAJ
전주 여행,183,라는,ETM
전주 여행,183,회신,NNG
전주 여행,183,동네,NNG
전주 여행,183,플레이,NNG
전주 여행,183,urbanplay,SL
전주 여행,183,동네,NNG
전주 여행,183,동네,NNG
전주 여행,183,매거진,NNG
전주 여행,183,그럼,MAJ
전주 여행,184,알라딘,NNP
전주 여행,184,서재,NNP
전주 여행,184,시집,NNG
전주 여행,184,계획,NNG
전주 여행,184,고는,EC
전주 여행,184,지만,EC
전주 여행,184,도대체,MAG
전주 여행,184,그곳,NP
전주 여행,184,무엇,NP
전주 여행,184,무엇,NP
전주 여행,184,해야,VV+EC
전주 여행,184,했다,XSV+EP
전주 여행,184,생각,NNG
전주 여행,184,몰랐,VV+EP
전주 여행,184,는데,EC
전주 여행,184,보다,JKB
전주 여행,184,구나,EC
전주 여행,184,진짜,MAG
전주 여행,184,한국,NNP
전주 여행,184,느낄,VV+ETM
전주 여행,185,맛집,NNG
전주 여행,185,추천,NNG
전주 여행,185,리스트,NNG
전주 여행,185,엊그제,MAG
전주 여행,185,은데,EC
전주 여행,185,벌써,MAG
전주 여행,185,지났,VV+EP
전주 여행,185,네요,EF
전주 여행,185,지인,NNG
전주 여행,185,함께,MAG
전주 여행,185,먹방,NNG
전주 여행,185,다녀왔,VV+EP
전주 여행,185,습니다,EF
전주 여행,185,맛집,NNG
전주 여행,185,조점,NNG
전주 여행,185,남문,NNG
전주 여행,185,피순대,NNG
전주 여행,185,에서,JKB
전주 여행,185,남부,NNG
전주 여행,185,시장,NNG
전주 여행,185,까지,JX
전주 여행,185,30,SN
전주 여행,185,정도,NNG
전주 여행,185,시장,NNG
전주 여행,185,도착,NNG
전주 여행,185,시장,NNG
전주 여행,186,알라딘,NNP
전주 여행,186,서재,NNP
전주 여행,186,오렌지캬라멜,NNP
전주 여행,186,청춘,NNG
전주 여행,186,그런,MM
전주 여행,186,생각,NNG
전주 여행,186,떠나,VV
전주 여행,186,서울,NNP
전주 여행,186,언제,NP
전주 여행,186,든지,VCP+EC
전주 여행,186,기에,EC
전주 여행,186,한옥마을,NNP
전주 여행,186,갔다왔,VV+EP
전주 여행,186,오렌지,NNP
전주 여행,186,카라멜,NNP
전주 여행,186,경로,NNG
전주 여행,186,따라,VV+EC
전주 여행,186,옥도,NNG
전주 여행,186,구경,NNG
전주 여행,186,한복,NNG
전주 여행,186,전통,NNG
전주 여행,186,체험,NNG
전주 여행,187,콩나물국,NNG
전주 여행,187,명가,NNG
전주 여행,187,160,SN
전주 여행,187,점포,NNG
전주 여행,187,차이,NNG
전주 여행,187,맛집,NNG
전주 여행,187,콩나물국,NNG
전주 여행,187,명가,NNG
전주 여행,187,160,SN
전주 여행,187,점포,NNG
전주 여행,187,차이,NNG
전주 여행,187,맛집,NNG
전주 여행,187,현대,NNG
전주 여행,187,전라북도,NNP
전주 여행,187,콩나물국,NNG
전주 여행,187,발생지,NNG
전주 여행,187,유명,XR
전주 여행,187,콩나물국,NNG
전주 여행,187,밥집,NNG
전주 여행,187,발길,NNG
전주 여행,187,끊이,VV
전주 여행,187,특히,MAG
전주 여행,187,현대,NNG
전주 여행,187,세대,NNG
전주 여행,188,오감,NNG
전주 여행,188,만족,NNG
전주 여행,188,완주,NNG
전주 여행,188,대한민국,NNP
전주 여행,188,테마,NNG
전주 여행,188,박물관,NNG
전주 여행,188,연꽃,NNG
전주 여행,188,명소,NNG
전주 여행,188,진공,NNG
전주 여행,188,완주,NNG
전주 여행,188,그리고,MAJ
전주 여행,188,전북,NNP
전주 여행,188,에서,JKB
전주 여행,188,들려,VV+EC
전주 여행,188,아야,EC
전주 여행,188,필수,NNG
전주 여행,188,코스,NNG
전주 여행,188,바로,MAG
전주 여행,188,완주군,NNG
전주 여행,188,구이면,NNP
전주 여행,188,대한민국,NNP
전주 여행,188,테마,NNG
전주 여행,188,박물관,NNG
전주 여행,188,2015,SN
전주 여행,188,10,SN
전주 여행,188,개관,NNG
전주 여행,188,대한민국,NNP
전주 여행,188,테미,NNP
전주 여행,188,박물관,NNG
전주 여행,188,만족,NNG
전주 여행,188,완주,NNG
전주 여행,188,테마,NNG
전주 여행,188,박물관,NNG
전주 여행,189,퇴근,NNG
전주 여행,189,객리,NNG
전주 여행,189,한옥마을,NNP
전주 여행,189,완주,NNP
전주 여행,189,소양,NNP
전주 여행,189,라고,EC
전주 여행,189,하지만,MAJ
전주 여행,189,퇴근,NNG
전주 여행,189,저녁,NNG
전주 여행,189,출발,NNG
전주 여행,189,하루,NNG
전주 여행,189,연차,NNG
전주 여행,189,스케줄,NNG
전주 여행,189,굉장히,MAG
전주 여행,189,일정,NNG
전주 여행,189,사실,MAG
전주 여행,189,아니,VCN
전주 여행,189,개인,NNG
전주 여행,189,면서,EC
전주 여행,189,당일,NNG
전주 여행,190,맛집,NNG
전주 여행,190,조점,NNG
전주 여행,190,남문,NNG
전주 여행,190,피순대,NNG
전주 여행,190,들려,VV+EC
전주 여행,190,으로,JKB
전주 여행,190,추천,NNG
전주 여행,190,11,SN
전주 여행,190,가을,NNG
전주 여행,190,에서,JKB
전주 여행,190,만난,VV+ETM
전주 여행,190,음식,NNG
전주 여행,190,피순대,NNG
전주 여행,190,국밥,NNG
전주 여행,190,가을,NNG
전주 여행,190,아쉬워,VA+EC
전주 여행,190,떠난,VV+ETM
전주 여행,190,에서,JKB
전주 여행,190,가을,NNG
전주 여행,190,풍경,NNG
전주 여행,190,기대,NNG
전주 여행,190,지만,EC
전주 여행,190,보다,MAG
전주 여행,190,기대,NNG
전주 여행,190,예전,NNG
전주 여행,190,맛있,VA
전주 여행,190,음식,NNG
전주 여행,190,오랜만,NNG
전주 여행,190,맛볼,VV+ETM
전주 여행,191,군산,NNP
전주 여행,191,한옥마을,NNP
전주 여행,191,낭만,NNG
전주 여행,191,흘렀,VV+EP
전주 여행,191,군산,NNP
전주 여행,191,에서,JKB
전주 여행,191,마치,VV
전주 여행,191,된다,VV+EF
전주 여행,191,물론,MAG
전주 여행,191,군산,NNG
전주 여행,191,볼거리,NNG
전주 여행,191,모두,MAG
전주 여행,191,아니,VCN
전주 여행,191,그러나,MAJ
전주 여행,191,일정,NNG
전주 여행,191,기에,EC
전주 여행,191,우선,MAG
전주 여행,191,숙소,NNG
전주 여행,191,호텔,NNG
전주 여행,191,르윈,NNP
전주 여행,191,LE,SL
전주 여행,191,WIN,SL
전주 여행,191,바로,MAG
전주 여행,191,호텔,NNG
전주 여행,192,군산,NNP
전주 여행,192,국내,NNG
전주 여행,192,유일,NNG
전주 여행,192,일본식,NNG
전주 여행,192,사찰,NNG
전주 여행,192,동국,NNG
전주 여행,192,탐방,NNG
전주 여행,192,동국,NNG
전주 여행,192,웅전,NNG
전주 여행,192,울창,XR
전주 여행,192,대나무,NNG
전주 여행,192,으로,JKB
전주 여행,192,이뤄져,VV+EC
전주 여행,192,싱그럽,VA
전주 여행,192,이를,VV+ETM
전주 여행,192,대나무,NNG
전주 여행,192,일본식,NNG
전주 여행,192,동국,NNG
전주 여행,192,관람,NNG
전주 여행,192,다음,NNG
전주 여행,192,군산,NNG
전주 여행,192,근대,NNG
전주 여행,192,역사,NNG
전주 여행,192,박물관,NNG
전주 여행,192,으로,JKB
전주 여행,192,향하,VV
전주 여행,193,비빔밥,NNG
전주 여행,193,전문점,NNG
전주 여행,193,가족,NNG
전주 여행,193,회관,NNG
전주 여행,193,비빔밥,NNG
전주 여행,193,체험,NNG
전주 여행,193,비빔밥,NNG
전주 여행,193,전문점,NNG
전주 여행,193,가족,NNG
전주 여행,193,회관,NNG
전주 여행,193,비빔밥,NNG
전주 여행,193,체험,NNG
전주 여행,193,맛집,NNG
전주 여행,193,도시,NNG
전주 여행,193,빠트릴,VV+ETM
전주 여행,193,가지,NNBC
전주 여행,193,비빔밥,NNG
전주 여행,193,체험,NNG
전주 여행,193,아닐,VCN+ETM
전주 여행,193,비빔밥,NNG
전주 여행,193,축제,NNG
전주 여행,193,열릴,VV+ETM
전주 여행,193,만큼,NNB
전주 여행,194,시외버스,NNG
전주 여행,194,터미널,NNG
전주 여행,194,시간표,NNG
전주 여행,194,01,SN
전주 여행,194,00,SN
전주 여행,194,시외버스,NNG
전주 여행,194,터미널,NNG
전주 여행,194,시간표,NNG
전주 여행,194,시작,NNG
전주 여행,194,시외버스,NNG
전주 여행,194,터미널,NNG
전주 여행,194,시간표,NNG
전주 여행,194,시외버스,NNG
전주 여행,194,공용,NNG
전주 여행,194,터미널,NNG
전주 여행,194,전화,NNG
전주 여행,194,번호,NNG
전주 여행,194,1688,SN
전주 여행,194,1745,SN
전주 여행,194,전북,NNP
전주 여행,194,덕진구,NNP
전주 여행,194,금암동,NNP
전주 여행,194,705,SN
전주 여행,194,10,SN
전주 여행,194,에서,JKB
전주 여행,194,서울,NNP
전주 여행,194,남부,NNG
전주 여행,194,터미널,NNG
전주 여행,194,에서,NNG
전주 여행,195,퇴근,NNG
전주 여행,195,포함,NNG
전주 여행,195,부담,NNG
전주 여행,195,스러울,XSA+ETM
전주 여행,195,지만,EC
전주 여행,195,만족,NNG
전주 여행,195,사람,NNG
전주 여행,195,승률,NNG
전주 여행,195,100,SN
전주 여행,195,장소,NNG
전주 여행,195,방문,NNG
전주 여행,195,진심,NNG
전주 여행,195,으로,JKB
전주 여행,195,추천,NNG
전주 여행,195,한다,XSV+EC
전주 여행,195,보다,MAG
전주 여행,195,위쪽,NNG
전주 여행,195,올라가,VV
전주 여행,195,니까,EC
전주 여행,195,제발,MAG
전주 여행,195,지만,EC
전주 여행,195,알찬,VA+ETM
전주 여행,196,도서관,NNG
전주 여행,196,이색,NNG
전주 여행,196,프로그램,NNG
전주 여행,196,Moon,SL
전주 여행,196,도서관,NNG
전주 여행,196,기록,NNG
전주 여행,196,문화,NNG
전주 여행,196,뿌리,NNG
전주 여행,196,한지,NNG
전주 여행,196,체험,NNG
전주 여행,196,다가,NNG
전주 여행,196,도서관,NNG
전주 여행,196,10,SN
전주 여행,196,00,SN
전주 여행,196,11,SN
전주 여행,196,00,SN
전주 여행,196,한옥마을,NNP
전주 여행,196,도서관,NNG
전주 여행,196,11,SN
전주 여행,196,20,SN
전주 여행,196,14,SN
전주 여행,196,00,SN
전주 여행,196,중식,NNG
전주 여행,196,동문,NNG
전주 여행,196,도서관,NNG
전주 여행,196,14,SN
전주 여행,196,20,SN
전주 여행,196,15,SN
전주 여행,196,20,SN
전주 여행,196,도보,NNG
전주 여행,196,지관,NNG
전주 여행,196,지체,NNG
전주 여행,197,알라딘,NNP
전주 여행,197,서재,NNP
전주 여행,197,예찬,NNG
전주 여행,197,이유,NNG
전주 여행,197,하나,NR
전주 여행,197,때문,NNB
전주 여행,197,음식,NNG
전주 여행,197,역시,MAJ
전주 여행,197,라도,VCP+EC
전주 여행,197,저렴,XR
전주 여행,197,가격,NNG
전주 여행,197,비빔밥,NNG
전주 여행,197,지만,EC
전주 여행,197,우리,NP
전주 여행,197,한옥,NNG
전주 여행,197,마을,NNG
전주 여행,197,근처,NNG
전주 여행,197,반야,NNG
전주 여행,197,돌솥,NNG
전주 여행,197,간다,VV+EC
전주 여행,197,돌솥,NNG
전주 여행,197,간장,NNG
전주 여행,198,이번,NNG
전주 여행,198,주말,NNG
전주 여행,198,명물,NNG
전주 여행,198,덕진,NNP
전주 여행,198,공원,NNG
전주 여행,198,연꽃,NNG
전주 여행,198,축제,NNG
전주 여행,198,연꽃,NNG
전주 여행,198,촬영,NNG
전주 여행,198,함께,MAG
전주 여행,198,코스,NNG
전주 여행,198,에서,JKB
전주 여행,198,빠트릴,VV+ETM
전주 여행,198,필수,NNG
전주 여행,198,코스,NNG
전주 여행,198,모처럼,MAG
전주 여행,198,휴가,NNG
전주 여행,198,들린,VV+ETM
전주 여행,198,아들,NNG
전주 여행,198,그래도,VV+EC
전주 여행,198,명색,NNG
전주 여행,198,여름휴가,NNG
전주 여행,198,인데,VCP+EC
전주 여행,198,서울,NNP
전주 여행,198,엄마,NNG
전주 여행,198,누나,NNG
전주 여행,198,조카,NNG
전주 여행,198,누나,NNG
전주 여행,198,조카,NNG
전주 여행,198,만나,VV+EC
전주 여행,198,강원도,NNP
전주 여행,198,다시,MAG
전주 여행,198,훌쩍,MAG
전주 여행,198,떠나,VV
전주 여행,199,카페,NNG
전주 여행,199,이르,VV
전주 여행,199,메뉴판,NNG
전주 여행,199,한옥마을,NNP
전주 여행,199,돌아다니,VV
전주 여행,199,가가,EC
전주 여행,199,수다,NNG
전주 여행,199,방문,NNG
전주 여행,199,이르,VV
전주 여행,199,카페,NNG
전주 여행,199,입니다,VCP+EF
전주 여행,199,외관,NNG
전주 여행,199,비해,VV+EC
전주 여행,199,내부,NNG
전주 여행,199,카페,NNG
전주 여행,199,이르,VV
전주 여행,199,네이버,NNP
전주 여행,199,지도,NNG
전주 여행,199,카페,NNG
전주 여행,199,이르,VV
전주 여행,199,전북,NNP
전주 여행,199,완산구,NNP
전주 여행,199,은행,NNG
전주 여행,199,69,SN
전주 여행,199,교동,NNG
전주 여행,199,http,SL
전주 여행,199,naver,SL
전주 여행,199,me,SL
전주 여행,199,FqlI,SL
전주 여행,200,한옥마을,NNP
전주 여행,200,전통,NNG
전주 여행,200,지원,NNG
전주 여행,200,전라북도,NNP
전주 여행,200,일원,NNG
전주 여행,200,에서,JKB
전주 여행,200,생산,NNG
전주 여행,200,한지,NNG
전주 여행,200,이곳,NP
전주 여행,200,한지,NNG
전주 여행,200,제조업,NNG
전주 여행,200,입지,NNG
전주 여행,200,깨끗,XR
전주 여행,200,수질,NNG
전주 여행,200,원재료,NNG
전주 여행,200,지방,NNG
전주 여행,200,근교,NNG
전주 여행,200,닥나무,NNG
전주 여행,200,많이,MAG
전주 여행,200,생산,NNG
전주 여행,200,때문,NNB
전주 여행,200,원재료,NNG
전주 여행,200,한지,NNG
전주 여행,200,제조업,NNG
전주 여행,200,성황,NNG
전주 여행,200,이루,VV
전주 여행,201,한옥마을,NNP
전주 여행,201,힐링,NNG
전주 여행,201,공간,NNG
전주 여행,201,으로,JKB
전주 여행,201,추천,NNG
전주 여행,201,경기전,NNG
전주 여행,201,한옥마을,NNP
전주 여행,201,힐링,NNG
전주 여행,201,공간,NNG
전주 여행,201,으로,JKB
전주 여행,201,추천,NNG
전주 여행,201,경기전,NNG
전주 여행,201,볼거리,NNG
전주 여행,201,한옥마을,NNP
전주 여행,201,인근,NNG
전주 여행,201,나무숲,NNG
전주 여행,201,경기전,NNG
전주 여행,201,라는,ETM
전주 여행,201,습니다,EF
전주 여행,201,나무숲,NNG
전주 여행,201,함께,MAG
전주 여행,201,한옥,NNG
전주 여행,201,멀리,MAG
전주 여행,201,보이,VV
전주 여행,201,정동,NNG
전주 여행,201,성당,NNG
전주 여행,202,먹방,NNG
전주 여행,202,남부,NNG
전주 여행,202,전통,NNG
전주 여행,202,시장,NNG
전주 여행,202,현대,NNG
전주 여행,202,콩나물국,NNG
전주 여행,202,정성,NNG
전주 여행,202,식품,NNG
전주 여행,202,2022,SN
전주 여행,202,12,SN
전주 여행,202,20,SN
전주 여행,202,맛집,NNG
전주 여행,202,맛집,NNG
전주 여행,202,먹방,NNG
전주 여행,202,투어,NNG
전주 여행,202,새우탕,NNG
전주 여행,202,먹방,NNG
전주 여행,202,투어,NNG
전주 여행,202,새우탕,NNG
전주 여행,202,11,SN
전주 여행,202,지인,NNG
전주 여행,202,다녀왔,VV+EP
전주 여행,202,어요,EF
전주 여행,202,오로지,MAG
전주 여행,202,먹방,NNG
전주 여행,202,투어,NNG
전주 여행,202,쉴새없이,MAG
전주 여행,203,퇴근,NNG
전주 여행,203,객리,NNG
전주 여행,203,한옥마을,NNP
전주 여행,203,완주,NNP
전주 여행,203,소양,NNP
전주 여행,203,Day,SL
전주 여행,203,점심,NNG
전주 여행,203,객사,NNG
전주 여행,203,또순이,NNG
전주 여행,203,오전,NNG
전주 여행,203,근처,NNG
전주 여행,203,에서,JKB
전주 여행,203,점심,NNG
전주 여행,203,으로,JKB
전주 여행,203,무엇,NP
전주 여행,203,을까,EC
전주 여행,203,고민,NNG
전주 여행,203,다가,EC
전주 여행,203,숙소,NNG
전주 여행,203,가까운,VA+ETM
전주 여행,203,객사,NNG
전주 여행,203,맛집,NNG
전주 여행,203,방문,NNG
전주 여행,204,골목,NNG
전주 여행,204,에서,JKB
전주 여행,204,동영,NNG
전주 여행,204,커피,NNG
전주 여행,204,객리,NNG
전주 여행,204,객사,NNG
전주 여행,204,골목,NNG
전주 여행,204,에서,JKB
전주 여행,204,동영,NNG
전주 여행,204,커피,NNG
전주 여행,204,객리,NNG
전주 여행,204,객사,NNG
전주 여행,204,카페,NNG
전주 여행,204,한옥,NNG
전주 여행,204,마을,NNG
전주 여행,204,에서,JKB
전주 여행,204,벗어나,VV+EC
전주 여행,204,조금,MAG
전주 여행,204,위쪽,NNG
전주 여행,204,으로,JKB
전주 여행,204,걸어가,VV+EC
전주 여행,204,풍년제,NNP
전주 여행,204,본점,NNG
전주 여행,204,충정로,NNP
전주 여행,204,사거리,NNG
전주 여행,204,까지,JX
전주 여행,204,나오,VV
전주 여행,204,처음,MAG
전주 여행,204,길이,NNG
전주 여행,205,알라딘,NNP
전주 여행,205,서재,NNP
전주 여행,205,당일,NNG
전주 여행,205,20120707,SN
전주 여행,205,버스,NNG
전주 여행,205,마음,NNG
전주 여행,205,두근두근,MAG
전주 여행,205,두근,MAG
전주 여행,205,음악,NNG
전주 여행,205,들으면서,VV+EC
전주 여행,205,핸드폰,NNG
전주 여행,205,바꾸,VV
전주 여행,205,버스,NNG
전주 여행,205,에서,JKB
전주 여행,205,내리,VV
전주 여행,205,날씨,NNG
전주 여행,205,너무,MAG
전주 여행,205,화창,NNG
전주 여행,205,버스,NNG
전주 여행,205,와서,VV+EC
전주 여행,205,한참,NNG
전주 여행,205,기다린,VV+ETM
전주 여행,205,버스,NNG
전주 여행,205,전동성당,NNP
전주 여행,205,으로,JKB
전주 여행,205,향했,VV+EP
전주 여행,205,어요,EF
전주 여행,206,다시,MAG
전주 여행,206,2017,SN
전주 여행,206,11,SN
전주 여행,206,결혼식,NNG
전주 여행,206,방문,NNG
전주 여행,206,위하,VV
전주 여행,206,울긋불긋,MAG
전주 여행,206,단풍,NNG
전주 여행,206,예쁜,VA+ETM
전주 여행,206,풍경,NNG
전주 여행,206,가득,MAG
전주 여행,206,다시,MAG
전주 여행,206,오랜만,NNG
전주 여행,206,얼굴,NNG
전주 여행,206,항상,MAG
전주 여행,206,얼굴,NNG
전주 여행,206,행복,NNG
전주 여행,207,낭만,NNG
전주 여행,207,cafe,SL
전주 여행,207,Dal,SL
전주 여행,207,STORY,SL
전주 여행,207,카페,NNG
전주 여행,207,이야기,NNG
전주 여행,207,낭만,NNG
전주 여행,207,cafe,SL
전주 여행,207,Dal,SL
전주 여행,207,STORY,SL
전주 여행,207,카페,NNG
전주 여행,207,한옥마을,NNP
전주 여행,207,Jeonju,SL
전주 여행,207,Hanok,SL
전주 여행,207,Village,SL
전주 여행,207,cafe,SL
전주 여행,207,Dal,SL
전주 여행,207,STORY,SL
전주 여행,207,카페,NNG
전주 여행,207,이야기,NNG
전주 여행,207,063,SN
전주 여행,207,288,SN
전주 여행,207,8886,SN
전주 여행,207,전북,NNP
전주 여행,207,완산구,NNP
전주 여행,207,최명희,NNP
전주 여행,207,20,SN
전주 여행,207,풍남동,NNP
전주 여행,207,47,SN
전주 여행,207,도착,NNG
전주 여행,207,저녁,NNG
전주 여행,208,에서,JKB
전주 여행,208,만난,VV+ETM
전주 여행,208,코파,NNP
전주 여행,208,에서,JKB
전주 여행,208,만단,NNG
전주 여행,208,코파,NNP
전주 여행,208,네요,EF
전주 여행,208,이쁘,VA
전주 여행,208,부드럽,VA
전주 여행,208,맛있,VA
전주 여행,208,네요,EF
전주 여행,208,선물,NNG
전주 여행,208,으로,JKB
전주 여행,208,괜찬하요,UNKNOWN
전주 여행,209,전북,NNP
전주 여행,209,김제,NNP
전주 여행,209,김제,NNP
전주 여행,209,아래,NNG
전주 여행,209,예전,NNG
전주 여행,209,다녀온,VV+ETM
전주 여행,209,코스,NNG
전주 여행,209,입니다,VCP+EF
전주 여행,209,사실,MAG
전주 여행,209,이때,NNG
전주 여행,209,다녀온,VV+ETM
전주 여행,209,계획,NNG
전주 여행,209,도움,NNG
전주 여행,209,습니다,EF
전주 여행,209,한옥마을,NNP
전주 여행,209,비롯,XR
전주 여행,209,해서,XSA+EC
전주 여행,209,다양,XR
전주 여행,209,관광지,NNG
전주 여행,209,으니,EC
전주 여행,209,참고,NNG
전주 여행,209,습니다,EF
전주 여행,210,알라딘,NNP
전주 여행,210,즐거워지,VV
전주 여행,210,레시피,NNG
전주 여행,210,Happy,SL
전주 여행,210,Travel,SL
전주 여행,210,김주미,NNP
전주 여행,210,지음,NNG
전주 여행,210,즐거운,VA+ETM
전주 여행,210,상상,NNG
전주 여행,210,2013,SN
전주 여행,210,평점,NNG
전주 여행,210,구판,NNG
전주 여행,210,절판,NNG
전주 여행,210,지난,VV+ETM
전주 여행,210,주말,NNG
전주 여행,210,다녀온,VV+ETM
전주 여행,210,더욱,MAG
전주 여행,210,즐겁,VA
전주 여행,210,만들,VV
전주 여행,210,바로,MAG
전주 여행,210,레시피,NNG
전주 여행,210,나온,VV+ETM
전주 여행,210,명소,NNG
전주 여행,211,10,SN
전주 여행,211,한옥마을,NNP
전주 여행,211,그리고,MAJ
전주 여행,211,경기전,NNG
전주 여행,211,10,SN
전주 여행,211,한옥마을,NNP
전주 여행,211,그리고,MAJ
전주 여행,211,경기전,NNG
전주 여행,211,2011,SN
전주 여행,211,02,SN
전주 여행,211,17,SN
전주 여행,211,06,SN
전주 여행,211,48,SN
전주 여행,211,Hobby,SL
전주 여행,211,Journey,SL
전주 여행,211,작성자,NNG
전주 여행,211,니아,EC
전주 여행,211,https,SL
전주 여행,211,www,SL
전주 여행,211,chamchamtrip,SL
전주 여행,211,com,SL
전주 여행,211,광고,NNG
전주 여행,211,누구,NP
전주 여행,211,즐거운,VA+ETM
전주 여행,211,농촌,NNG
전주 여행,211,참참,NNG
전주 여행,211,단체,NNG
전주 여행,211,숙박,NNG
전주 여행,211,부터,JX
전주 여행,211,이색,NNG
전주 여행,211,체험,NNG
전주 여행,211,까지,JX
전주 여행,211,완비,NNG
전주 여행,212,광장,NNG
전주 여행,212,식당,NNG
전주 여행,212,오래,MAG
전주 여행,212,맛집,NNG
전주 여행,212,거리,NNG
전주 여행,212,백반,NNG
전주 여행,212,오래,MAG
전주 여행,212,맛집,NNG
전주 여행,212,거리,NNG
전주 여행,212,반집,NNG
전주 여행,212,추천,NNG
전주 여행,212,광장,NNG
전주 여행,212,식당,NNG
전주 여행,212,이번,NNG
전주 여행,212,에서,JKB
전주 여행,212,마지막,NNG
전주 여행,212,으로,JKB
전주 여행,212,방문,NNG
전주 여행,212,광장,NNG
전주 여행,212,식당,NNG
전주 여행,212,입니다,VCP+EF
전주 여행,212,이곳,NP
전주 여행,212,광장,NNG
전주 여행,212,식당,NNG
전주 여행,212,시청,NNG
전주 여행,212,근처,NNG
전주 여행,212,백반,NNG
전주 여행,212,으로,JKB
전주 여행,212,오랫동안,NNG
전주 여행,212,사랑,NNG
전주 여행,212,맛집,NNG
전주 여행,213,전라북도,NNP
전주 여행,213,남부,NNG
전주 여행,213,시장,NNG
전주 여행,213,남부,NNG
전주 여행,213,시장,NNG
전주 여행,213,야시장,NNG
전주 여행,213,먹거리,NNG
전주 여행,213,남부,NNG
전주 여행,213,시장,NNG
전주 여행,213,한옥마을,NNP
전주 여행,213,가까이,MAG
전주 여행,213,어서,EC
전주 여행,213,한옥마을,NNP
전주 여행,213,들리,VV
전주 여행,213,주말,NNG
전주 여행,213,야간,NNG
전주 여행,213,사람,NNG
전주 여행,213,명소,NNG
전주 여행,213,하나,NR
전주 여행,213,특히,MAG
전주 여행,213,토요일,NNG
전주 여행,213,열리,VV
전주 여행,213,남부,NNG
전주 여행,213,시장,NNG
전주 여행,213,야시장,NNG
전주 여행,213,삼겹살,NNG
전주 여행,213,김밥,NNG
전주 여행,213,소고기,NNG
전주 여행,214,바람짝,NNG
전주 여행,214,맛집,NNG
전주 여행,214,백반,NNG
전주 여행,214,한정식,NNG
전주 여행,214,전문,NNG
전주 여행,214,한국,NNP
전주 여행,214,식당,NNG
전주 여행,214,바람짝,NNG
전주 여행,214,맛집,NNG
전주 여행,214,백반,NNG
전주 여행,214,한정식,NNG
전주 여행,214,전문,NNG
전주 여행,214,한국,NNP
전주 여행,214,식당,NNG
전주 여행,214,일시,NNG
전주 여행,214,2012,SN
전주 여행,214,03,SN
전주 여행,214,04,SN
전주 여행,214,작성자,NNG
전주 여행,214,바람짝,NNG
전주 여행,214,요리사,NNG
전주 여행,214,지역,NNG
전주 여행,214,맛집,NNG
전주 여행,214,탐방,NNG
전주 여행,214,습니다,EF
전주 여행,214,착한,VA+ETM
전주 여행,214,가격,NNG
전주 여행,214,지인,NNG
전주 여행,214,입소문,NNG
전주 여행,214,통하,VV
전주 여행,215,서울,NNP
전주 여행,215,오리,NNG
전주 여행,215,과자점,NNG
전주 여행,215,객사,NNG
전주 여행,215,한옥마을,NNP
전주 여행,215,서울,NNP
전주 여행,215,오리,NNG
전주 여행,215,과자점,NNG
전주 여행,215,객사,NNG
전주 여행,215,한옥마을,NNP
전주 여행,215,일몽,NNG
전주 여행,215,남노,NNG
전주 여행,215,갈비,NNG
전주 여행,215,고자,NNG
전주 여행,215,퇴근,NNG
전주 여행,215,바로,MAG
전주 여행,215,광주,NNP
전주 여행,215,에서,JKB
전주 여행,215,까지,JX
전주 여행,215,시간,NNG
전주 여행,215,락말락,EC
전주 여행,215,한데,VX+EC
전주 여행,215,우산,NNG
전주 여행,215,어서,EC
전주 여행,215,불안,NNG
전주 여행,215,불안,NNG
전주 여행,215,친구,NNG
전주 여행,215,만나,VV
전주 여행,215,숙소,NNG
전주 여행,216,전북,NNP
전주 여행,216,천리,NNG
전주 여행,216,한옥마을,NNP
전주 여행,216,둘레길,NNP
전주 여행,216,포함,NNG
전주 여행,216,해서,XSV+EC
전주 여행,216,전라북도,NNP
전주 여행,216,각지,NNG
전주 여행,216,볼거리,NNG
전주 여행,216,먹거리,NNG
전주 여행,216,동안,NNG
전주 여행,216,체험,NNG
전주 여행,216,어서,EC
전주 여행,216,혹은,MAJ
전주 여행,216,전북,NNP
전주 여행,216,계획,NNG
전주 여행,216,라면,EC
전주 여행,216,도움,NNG
전주 여행,216,후기,NNG
전주 여행,216,입니다,VCP+EF
전주 여행,216,전라북도,NNP
전주 여행,216,후기,NNG
전주 여행,216,전북,NNP
전주 여행,216,30,SN
전주 여행,216,요약,NNG
전주 여행,216,정리,NNG
전주 여행,217,여름,NNG
전주 여행,217,떠난,VV+ETM
전주 여행,217,With,SL
전주 여행,217,Mom,SL
전주 여행,217,한옥,NNG
전주 여행,217,마을,NNG
전주 여행,217,주차장,NNG
전주 여행,217,정보,NNG
전주 여행,217,상세,NNG
전주 여행,217,한옥마을,NNP
전주 여행,217,한옥마을,NNP
전주 여행,217,소개,NNG
전주 여행,217,체험,NNG
전주 여행,217,콘텐츠,NNG
전주 여행,217,문화,NNG
전주 여행,217,공연,NNG
전주 여행,217,행사,NNG
전주 여행,217,한옥마을,NNP
전주 여행,217,사진,NNG
전주 여행,217,문화,NNG
전주 여행,217,시설,NNG
전주 여행,217,문화,NNG
전주 여행,217,시설,NNG
전주 여행,217,유적지,NNG
전주 여행,217,이색,NNG
전주 여행,217,공간,NNG
전주 여행,217,전통,NNG
전주 여행,217,공예,NNG
전주 여행,217,생활,NNG
전주 여행,217,공예,NNG
전주 여행,217,액세서리,NNG
전주 여행,217,예술,NNG
전주 여행,217,공예,NNG
전주 여행,217,그리고,MAJ
전주 여행,217,체험,NNG
전주 여행,218,전동성당,NNP
전주 여행,218,입장,NNG
전주 여행,218,시간,NNG
전주 여행,218,오늘,NNG
전주 여행,218,소개,NNG
전주 여행,218,한옥마을,NNP
전주 여행,218,빼놓,VV
전주 여행,218,명소,NNG
전주 여행,218,전동성당,NNP
전주 여행,218,입니다,VCP+EF
전주 여행,218,너무,MAG
전주 여행,218,아름다운,VA+ETM
전주 여행,218,모습,NNG
전주 여행,218,구요,EF
전주 여행,218,288,SN
전주 여행,218,지정,NNG
전주 여행,218,다고,EC
전주 여행,218,합니다,VV+EF
전주 여행,218,그리고,MAJ
전주 여행,218,입장,NNG
전주 여행,218,시간,NNG
전주 여행,218,다녀와야,VV+EC
전주 여행,219,맛집,NNG
전주 여행,219,교동,NNP
전주 여행,219,시래,NNP
전주 여행,219,시래기,NNG
전주 여행,219,국밥,NNG
전주 여행,219,전문점,NNG
전주 여행,219,옥마,NNP
전주 여행,219,맛집,NNG
전주 여행,219,교동,NNP
전주 여행,219,시래,NNP
전주 여행,219,시래기,NNG
전주 여행,219,국밥,NNG
전주 여행,219,전문점,NNG
전주 여행,219,한옥마을,NNP
전주 여행,219,맛집,NNG
전주 여행,219,한옥마을,NNP
전주 여행,219,아침,NNG
전주 여행,219,식사,NNG
전주 여행,219,시래기,NNG
전주 여행,219,국밥,NNG
전주 여행,219,한옥,NNG
전주 여행,219,마을,NNG
전주 여행,219,에서,JKB
전주 여행,219,아침,NNG
전주 여행,219,11,SN
전주 여행,219,시각,NNG
전주 여행,219,인데,VCP+EC
전주 여행,219,아침,NNG
전주 여행,219,식사,NNG
전주 여행,219,가능,NNG
전주 여행,219,식당,NNG
전주 여행,220,풍년제,NNP
전주 여행,220,수제,NNG
전주 여행,220,초코파이,NNP
전주 여행,220,Poongnyun,SL
전주 여행,220,Bakery,SL
전주 여행,220,PNB,SL
전주 여행,220,Bakery,SL
전주 여행,220,Choco,SL
전주 여행,220,Pie,SL
전주 여행,220,에서,JKB
전주 여행,220,봐야,VX+EC
전주 여행,220,초코파이,NNP
전주 여행,220,풍년제,NNP
전주 여행,220,Jeonju,SL
전주 여행,220,Hanok,SL
전주 여행,220,Village,SL
전주 여행,220,PNB,SL
전주 여행,220,Bakery,SL
전주 여행,220,Poongnyun,SL
전주 여행,220,Bakery,SL
전주 여행,220,in,SL
전주 여행,220,Jeonju,SL
전주 여행,220,si,SL
전주 여행,220,우리,NP
전주 여행,220,만든,VV+ETM
전주 여행,220,달달,MAG
전주 여행,220,초코파이,NNP
전주 여행,220,어머,IC
전주 여행,220,이건,NP+JX
전주 여행,220,어야,EC
전주 여행,220,한옥,NNG
전주 여행,220,마을,NNG
전주 여행,220,에서,JKB
전주 여행,220,여럿,NNG
전주 여행,220,보이,VV
전주 여행,221,171216,SN
전주 여행,221,17,SN
전주 여행,221,국내,NNG
전주 여행,221,171216,SN
전주 여행,221,17,SN
전주 여행,221,네오,NNP
전주 여행,221,2018,SN
전주 여행,221,10,SN
전주 여행,221,11,SN
전주 여행,221,간식,NNG
전주 여행,221,추억,NNG
전주 여행,221,가게,NNG
전주 여행,221,구경,NNG
전주 여행,221,카카오,NNG
전주 여행,221,캐릭터,NNG
전주 여행,221,달고나,NNP
전주 여행,221,불량,NNG
전주 여행,221,식품,NNG
전주 여행,221,가지,VX
전주 여행,221,나왔,VV+EP
전주 여행,221,여기,NP
전주 여행,221,완자,NNG
전주 여행,221,꼬치,NNG
전주 여행,221,체다,NNP
전주 여행,221,치즈,NNG
전주 여행,221,완자,NNG
전주 여행,221,꼬치,NNG
전주 여행,221,사고,NNG
전주 여행,222,한잔,NNG
전주 여행,222,분위기,NNG
전주 여행,222,구일집,NNP
전주 여행,222,맛집,NNG
전주 여행,222,한옥,NNG
전주 여행,222,한잔,NNG
전주 여행,222,분위기,NNG
전주 여행,222,구일집,NNP
전주 여행,222,Jeonju,SL
전주 여행,222,Hanok,SL
전주 여행,222,Village,SL
전주 여행,222,밥집,NNG
전주 여행,222,술집,NNG
전주 여행,222,일단,MAG
전주 여행,222,맛있,VA
전주 여행,222,으면,EC
전주 여행,222,그걸로,NP+JKB
전주 여행,222,충분,XR
전주 여행,222,한옥마을,NNP
전주 여행,222,맛집,NNG
전주 여행,222,목대,NNG
전주 여행,222,에서,JKB
전주 여행,222,내려와,VV+EC
전주 여행,222,점심,NNG
전주 여행,222,고자,EC
전주 여행,222,이곳저곳,NNG
전주 여행,222,돌아다니,VV
전주 여행,222,발견,NNG
전주 여행,223,알라딘,NNP
전주 여행,223,100,SN
전주 여행,223,자평,NNG
전주 여행,223,레시피,NNG
전주 여행,223,레시피,NNG
전주 여행,223,Happy,SL
전주 여행,223,Travel,SL
전주 여행,223,김주미,NNP
전주 여행,223,지음,NNG
전주 여행,223,즐거운,VA+ETM
전주 여행,223,상상,NNG
전주 여행,223,2013,SN
전주 여행,223,평점,NNG
전주 여행,223,구판,NNG
전주 여행,223,절판,NNG
전주 여행,223,처음,NNG
전주 여행,223,되게,MAG
전주 여행,223,아기자기,MAG
전주 여행,223,해서,VV+EC
전주 여행,223,기대,NNG
전주 여행,223,는데,EC
전주 여행,223,직접,MAG
전주 여행,223,되게,MAG
전주 여행,223,편집,NNG
전주 여행,223,너무,MAG
전주 여행,223,조잡,XR
전주 여행,224,짜장,MAG
전주 여행,224,맛집,NNG
전주 여행,224,수정관,NNG
전주 여행,224,짜장,MAG
전주 여행,224,강추,NNG
전주 여행,224,먹여,VV+EC
전주 여행,224,줄께,VX+EC
전주 여행,224,중화요리,NNG
전주 여행,224,입니다,VCP+EF
전주 여행,224,인터넷,NNG
전주 여행,224,데프콘,NNP
전주 여행,224,짜장,MAG
전주 여행,224,으로,JKB
전주 여행,224,유명,XR
전주 여행,224,더라고요,EF
전주 여행,224,솔직히,MAG
전주 여행,224,짜장,MAG
전주 여행,224,어디,NP
전주 여행,224,어도,EC
전주 여행,224,배신,NNG
전주 여행,224,없이,MAG
전주 여행,224,맛있,VA
전주 여행,224,습니다,EF
전주 여행,224,여긴,NP+JX
전주 여행,225,2020,SN
전주 여행,225,08,SN
전주 여행,225,22,SN
전주 여행,225,23,SN
전주 여행,225,다녀왔,VV+EP
전주 여행,225,마이산,NNP
전주 여행,225,휴게소,NNG
전주 여행,225,에서,JKB
전주 여행,225,마이산,NNP
전주 여행,225,배경,NNG
전주 여행,225,으로,JKB
전주 여행,225,덕진,NNP
전주 여행,225,공원,NNG
전주 여행,225,에서,JKB
전주 여행,225,연꽃,NNG
전주 여행,225,텐데,NNB+VCP+EC
전주 여행,225,연꽃,NNG
전주 여행,225,다져서,VV+EC
전주 여행,225,아쉬웠,VV+EP
전주 여행,225,약한,VA+ETM
전주 여행,225,영화,NNG
전주 여행,225,호텔,NNG
전주 여행,225,체크인,NNG
전주 여행,225,맛집,NNG
전주 여행,225,한국,NNP
전주 여행,225,에서,JKB
전주 여행,226,봐야,VX+EC
전주 여행,226,비빔밥,NNG
전주 여행,226,맛집,NNG
전주 여행,226,가족,NNG
전주 여행,226,회관,NNG
전주 여행,226,봐야,VX+EC
전주 여행,226,비빔밥,NNG
전주 여행,226,맛집,NNG
전주 여행,226,가족,NNG
전주 여행,226,회관,NNG
전주 여행,226,상담,NNG
전주 여행,226,다가,EC
전주 여행,226,계신,VV+ETM
전주 여행,226,팀원,NNG
전주 여행,226,합류,NNG
전주 여행,226,해서,XSV+EC
전주 여행,226,저녁,NNG
전주 여행,226,으러,EC
전주 여행,226,비빔밥,NNG
전주 여행,226,는데,EC
전주 여행,226,맛집,NNG
전주 여행,226,추천,NNG
전주 여행,226,셔서,EP+EC
전주 여행,226,고고씽,NNP
전주 여행,227,생선,NNG
전주 여행,227,구이,NNG
전주 여행,227,본가,NNG
전주 여행,227,조기,NNG
전주 여행,227,매운탕,NNG
전주 여행,227,겸사겸사,MAG
전주 여행,227,도착,NNG
전주 여행,227,해서,XSV+EC
전주 여행,227,조기,NNG
전주 여행,227,매운탕,NNG
전주 여행,227,너무,MAG
전주 여행,227,어서,EC
전주 여행,227,검색,NNG
전주 여행,227,해서,XSV+EC
전주 여행,227,찾아간,VV+ETM
전주 여행,227,생선,NNG
전주 여행,227,바로,MAG
전주 여행,227,주차장,NNG
전주 여행,227,아주,MAG
전주 여행,227,식사,NNG
전주 여행,227,아니,VCN
전주 여행,227,널널,XR
전주 여행,227,실내,NNG
전주 여행,227,단정,XR
전주 여행,227,깨끗,XR
전주 여행,228,브런치,NNP
전주 여행,228,찾아간,VV+ETM
전주 여행,228,예쁜,VA+ETM
전주 여행,228,카페,NNG
전주 여행,228,투리,NNG
전주 여행,228,스타,NNG
전주 여행,228,turista,SL
전주 여행,228,마지막,NNG
전주 여행,228,오전,NNG
전주 여행,228,부터,JX
전주 여행,228,브런치,NNP
전주 여행,228,너무,MAG
전주 여행,228,아쉽,VA
전주 여행,228,브런치,NNP
전주 여행,228,카페,NNP
전주 여행,228,거의,MAG
전주 여행,228,으나,EC
전주 여행,228,폭풍,NNG
전주 여행,228,검색,NNG
전주 여행,228,으로,JKB
전주 여행,228,찾아낸,VV+ETM
전주 여행,228,브런치,NNP
전주 여행,228,카페,NNG
전주 여행,228,투리,NNG
전주 여행,228,스타,NNG
전주 여행,228,한옥,NNG
전주 여행,228,마을,NNG
전주 여행,228,근처,NNG
전주 여행,228,호텔,NNG
전주 여행,228,아래,NNG
전주 여행,228,한적,XR
전주 여행,228,카페,NNG
전주 여행,229,맛집,NNG
전주 여행,229,전북,NNP
전주 여행,229,도청,NNG
전주 여행,229,연남,NNG
전주 여행,229,갈비,NNG
전주 여행,229,추천,NNG
전주 여행,229,맛집,NNG
전주 여행,229,굉장히,MAG
전주 여행,229,은데,EC
전주 여행,229,면서,EC
전주 여행,229,연남,NNG
전주 여행,229,갈비,NNG
전주 여행,229,으러,EC
전주 여행,229,전북,NNP
전주 여행,229,도청,NNG
전주 여행,229,근처,NNG
전주 여행,229,처럼,JKB
전주 여행,229,쌓인,VV+ETM
전주 여행,229,갈비,NNG
전주 여행,229,태극기,NNG
전주 여행,229,꽂혀,VV+EC
전주 여행,229,너무,MAG
전주 여행,229,귀엽,VA
전주 여행,229,갈비,NNG
전주 여행,229,올라가,VV+EC
전주 여행,229,는데,EC
전주 여행,229,너무,MAG
전주 여행,229,부드럽,VA
전주 여행,230,맛집,NNG
전주 여행,230,이야기,NNG
전주 여행,230,개인,NNG
전주 여행,230,으로,JKB
전주 여행,230,가게,NNG
전주 여행,230,된다면,XSV+EC
전주 여행,230,농가,NNG
전주 여행,230,레스토랑,NNG
전주 여행,230,다시,MAG
전주 여행,230,방문,NNG
전주 여행,230,맛집,NNG
전주 여행,230,으로,JKB
전주 여행,230,추천,NNG
전주 여행,230,드리,VX
전주 여행,230,메뉴,NNG
전주 여행,230,후식,NNG
전주 여행,230,요렇게,MAG
전주 여행,230,깔끔,XR
전주 여행,230,간단히,MAG
전주 여행,230,사실,MAG
전주 여행,230,반찬,NNG
전주 여행,230,많이,MAG
전주 여행,230,어서,EC
전주 여행,230,엄청,MAG
전주 여행,230,불렀,VV+EP
전주 여행,230,마음,NNG
전주 여행,230,아서,EC
전주 여행,231,한옥마을,NNP
전주 여행,231,에서,JKB
전주 여행,231,들려,VV+EC
전주 여행,231,아야,EC
전주 여행,231,산책,NNG
전주 여행,231,코스,NNG
전주 여행,231,일차,NNG
전주 여행,231,다가,EC
전주 여행,231,팔자,NNG
전주 여행,231,보너스,NNG
전주 여행,231,시간,NNG
전주 여행,231,이투,NNG
전주 여행,231,케이,NNG
전주 여행,231,에게,JKB
전주 여행,231,주어지,VV
전주 여행,231,이투,NNG
전주 여행,231,케이,NNG
전주 여행,231,에게,JKB
전주 여행,231,주어진,VV+ETM
전주 여행,231,시간,NNG
전주 여행,231,달랑,MAG
전주 여행,231,시간,NNG
전주 여행,231,30,SN
전주 여행,231,산책,NNG
전주 여행,231,시간,NNG
전주 여행,231,투자,NNG
전주 여행,231,백화점,NNG
전주 여행,231,부근,NNG
전주 여행,231,에서,JKB
전주 여행,231,으로,JKB
전주 여행,232,친구,NNG
전주 여행,232,와서,VV+EC
전주 여행,232,한옥마을,NNP
전주 여행,232,텐가,NNB+VCP+EC
전주 여행,232,한옥,NNP
전주 여행,232,일바,NNP
전주 여행,232,새로운,VA+ETM
전주 여행,232,길거리,NNG
전주 여행,232,한옥,NNP
전주 여행,232,레일바이크,NNP
전주 여행,232,사랑,NNG
전주 여행,232,연인,NNG
전주 여행,232,한옥,NNG
전주 여행,232,마을,NNG
전주 여행,232,에서,JKB
전주 여행,232,한복,NNG
전주 여행,232,데이트,NNG
전주 여행,232,즐기,VV
전주 여행,232,다시,MAG
전주 여행,232,아중역,NNP
전주 여행,232,에서,JKB
전주 여행,232,한옥,NNP
전주 여행,232,레일바이크,NNP
전주 여행,232,같이,MAG
전주 여행,232,본다면,VX+EC
전주 여행,232,영원,NNG
전주 여행,232,추억,NNG
전주 여행,232,대한,VV+ETM
전주 여행,233,마전,NNG
전주 여행,233,고분군,NNP
전주 여행,233,서부,NNG
전주 여행,233,신시가지,NNG
전주 여행,233,문학,NNG
전주 여행,233,문화,NNG
전주 여행,233,공간,NNG
전주 여행,233,으로,JKB
전주 여행,233,조성,NNG
전주 여행,233,고분군,NNP
전주 여행,233,모여,VV+EC
전주 여행,233,에서,JKB
전주 여행,233,들려,VV+EC
전주 여행,233,봐야,VX+EC
전주 여행,233,공원,NNG
전주 여행,233,으로,JKB
전주 여행,233,오르,VV
전주 여행,233,오른쪽,NNG
전주 여행,233,계단,NNG
전주 여행,233,으로,JKB
전주 여행,233,입구,NNG
전주 여행,233,바로,MAG
전주 여행,233,이씨,IC
전주 여행,233,조선,NNP
전주 여행,233,이씨,IC
전주 여행,233,문종,NNG
전주 여행,234,알라딘,NNP
전주 여행,234,100,SN
전주 여행,234,자평,NNG
전주 여행,234,레시피,NNG
전주 여행,234,레시피,NNG
전주 여행,234,Happy,SL
전주 여행,234,Travel,SL
전주 여행,234,김주미,NNP
전주 여행,234,지음,NNG
전주 여행,234,즐거운,VA+ETM
전주 여행,234,상상,NNG
전주 여행,234,2013,SN
전주 여행,234,평점,NNG
전주 여행,234,구판,NNG
전주 여행,234,절판,NNG
전주 여행,234,다녀오,VV
전주 여행,234,구입,NNG
전주 여행,234,편집,NNG
전주 여행,234,깔끔,XR
전주 여행,235,후백제,NNG
전주 여행,235,견훤,NNP
전주 여행,235,숨결,NNG
전주 여행,235,느낄,VV+ETM
전주 여행,235,승암,NNG
전주 여행,235,조선,NNP
전주 여행,235,왕조,NNG
전주 여행,235,본향,NNG
전주 여행,235,후백제,NNG
전주 여행,235,도읍지,NNG
전주 여행,235,후백제,NNG
전주 여행,235,견훤,NNP
전주 여행,235,숨결,NNG
전주 여행,235,느낄,VV+ETM
전주 여행,235,동고,NNG
전주 여행,235,동고,NNG
전주 여행,235,완산,NNP
전주 여행,235,그립,NNG
전주 여행,235,군아,NNG
전주 여행,235,유언,NNG
전주 여행,235,남기,VV
전주 여행,235,다는,ETM
전주 여행,235,견훤,NNP
전주 여행,235,도읍,NNG
전주 여행,235,정하,VV
전주 여행,235,사고사,NNG
전주 여행,236,일제,NNG
전주 여행,236,강점기,NNG
전주 여행,236,아픈,VA+ETM
전주 여행,236,역사,NNG
전주 여행,236,흔적,NNG
전주 여행,236,역사,NNG
전주 여행,236,공원,NNG
전주 여행,236,다가,EC
전주 여행,236,공원,NNG
전주 여행,236,완산,NNP
전주 여행,236,오래,NNG
전주 여행,236,역사,NNG
전주 여행,236,공원,NNG
전주 여행,236,그러나,MAJ
전주 여행,236,슬픈,VA+ETM
전주 여행,236,아픈,VA+ETM
전주 여행,236,역사,NNG
전주 여행,236,지니,VV
전주 여행,236,공원,NNG
전주 여행,236,우뚝,MAG
전주 여행,236,다가산,NNG
전주 여행,236,정상,NNG
전주 여행,236,훤히,MAG
전주 여행,236,내려다,VV+EC
전주 여행,236,보이,VV
전주 여행,236,명단,NNG
전주 여행,236,명당,NNG
전주 여행,237,조선,NNP
전주 여행,237,시대,NNG
전주 여행,237,별장,NNG
전주 여행,237,한옥마을,NNP
전주 여행,237,임실,NNP
전주 여행,237,슬치,NNP
전주 여행,237,고개,NNG
전주 여행,237,에서,JKB
전주 여행,237,발원,NNG
전주 여행,237,당과,NNG
전주 여행,237,만나,VV+EC
전주 여행,237,아름다운,VA+ETM
전주 여행,237,경관,NNG
전주 여행,237,만들,VV
전주 여행,237,하나,NR
전주 여행,237,조선,NNP
전주 여행,237,개국,NNG
전주 여행,237,도운,VV+ETM
전주 여행,237,공신,NNG
전주 여행,237,집현전,NNG
전주 여행,237,직제학,NNG
전주 여행,237,지낸,VV+ETM
전주 여행,237,월당,NNG
전주 여행,237,선생,NNG
전주 여행,237,태조,NNG
전주 여행,238,아중,NNG
전주 여행,238,호숫가,NNG
전주 여행,238,소공원,NNG
전주 여행,238,호동,NNG
전주 여행,238,어린이,NNG
전주 여행,238,공원,NNG
전주 여행,238,호동,NNG
전주 여행,238,시민,NNG
전주 여행,238,누구,NP
전주 여행,238,이름,NNG
전주 여행,238,예전,NNG
전주 여행,238,쓰래,NNG
전주 여행,238,매립장,NNG
전주 여행,238,지금,MAG
전주 여행,238,호공,NNP
전주 여행,238,들렸,VV+EP
전주 여행,238,다가,EC
전주 여행,238,오후,NNG
전주 여행,238,시간,NNG
전주 여행,238,시간,NNG
전주 여행,238,들려,VV+EC
전주 여행,238,아중,NNG
전주 여행,238,호수,NNG
전주 여행,238,중리,NNG
전주 여행,238,레일바이크,NNP
전주 여행,238,그리고,MAJ
전주 여행,239,완산,NNP
전주 여행,239,칠봉,NNG
전주 여행,239,도심,NNG
전주 여행,239,하늘,NNG
전주 여행,239,정원,NNG
전주 여행,239,완산,NNP
전주 여행,239,공원,NNG
전주 여행,239,완산,NNP
전주 여행,239,공원,NNG
전주 여행,239,완산,NNP
전주 여행,239,공원,NNG
전주 여행,239,꽃동산,NNG
전주 여행,239,완산,NNP
전주 여행,239,칠봉,NNG
전주 여행,239,도심,NNG
전주 여행,239,공원,NNG
전주 여행,239,후백제,NNG
전주 여행,239,도읍지,NNG
전주 여행,239,조선,NNP
전주 여행,239,왕조,NNG
전주 여행,239,본향,NNG
전주 여행,239,대표,NNG
전주 여행,239,완산,NNP
전주 여행,239,칠봉,NNG
전주 여행,239,완산,NNP
전주 여행,239,고원,NNP
전주 여행,239,꽃동산,NNG
전주 여행,239,시립,NNG
전주 여행,239,도서관,NNG
전주 여행,239,에서,JKB
전주 여행,239,하늘,NNG
전주 여행,240,조선왕조실록,NNP
전주 여행,240,피난,NNG
전주 여행,240,수난사,NNG
전주 여행,240,사고,NNG
전주 여행,240,사고,NNG
전주 여행,240,국보,NNG
전주 여행,240,151,SN
전주 여행,240,조선왕조실록,NNP
전주 여행,240,전하,VV
전주 여행,240,보관,NNG
전주 여행,240,위해,VV+EC
전주 여행,240,만들,VV
전주 여행,240,경기,NNG
전주 여행,240,전안,NNG
전주 여행,240,건물,NNG
전주 여행,240,사고,NNG
전주 여행,240,임진왜란,NNG
전주 여행,240,당시,NNG
전주 여행,240,조성,NNG
전주 여행,240,왕조,NNG
전주 여행,240,실록,NNG
전주 여행,240,피신,NNG
전주 여행,240,수난사,NNG
전주 여행,240,한눈,NNG
전주 여행,240,사고,NNG
전주 여행,241,연꽃,NNG
전주 여행,241,대한민국,NNP
전주 여행,241,연꽃,NNG
전주 여행,241,대표,NNG
전주 여행,241,관광지,NNG
전주 여행,241,덕진,NNP
전주 여행,241,공원,NNG
전주 여행,241,진연,NNG
전주 여행,241,201,SN
전주 여행,241,덕진,NNP
전주 여행,241,공원,NNG
전주 여행,241,코스,NNG
전주 여행,241,에서,JKB
전주 여행,241,빠트릴,VV+ETM
전주 여행,241,필수,NNG
전주 여행,241,코스,NNG
전주 여행,241,덕진,NNP
전주 여행,241,연못,NNG
전주 여행,241,연꽃,NNG
전주 여행,241,덕진,NNP
전주 여행,241,호수,NNG
전주 여행,241,가운데,NNG
전주 여행,241,가로지르,VV
전주 여행,241,현수교,NNG
전주 여행,241,연지,NNG
전주 여행,241,교등,NNG
전주 여행,241,주변,NNG
전주 여행,241,경관,NNG
전주 여행,241,무척,MAG
전주 여행,241,아름다워,VA+EC
전주 여행,241,사진,NNG
전주 여행,241,으면,EC
전주 여행,241,무척,MAG
전주 여행,241,아름답,VA
전주 여행,241,연꽃,NNG
전주 여행,242,친환경,NNG
전주 여행,242,생태,NNG
전주 여행,242,도시,NNG
전주 여행,242,에코,NNP
전주 여행,242,시티,NNG
전주 여행,242,자랑거리,NNG
전주 여행,242,병호,NNP
전주 여행,242,병공,NNG
전주 여행,242,에코,NNP
전주 여행,242,시티,NNG
전주 여행,242,조성,NNG
전주 여행,242,공원,NNG
전주 여행,242,한옥마을,NNP
전주 여행,242,에서,JKB
전주 여행,242,나아가,VV+EC
전주 여행,242,에서,JKB
전주 여행,242,들려,VV+EC
전주 여행,242,코스,NNG
전주 여행,242,이투,NNG
전주 여행,242,케이,NNG
전주 여행,242,손자,NNG
전주 여행,242,에코,NNP
전주 여행,242,시티,NNG
전주 여행,242,자주,MAG
전주 여행,242,들리,VV
전주 여행,242,세병,NNG
전주 여행,242,공원,NNG
전주 여행,243,이씨,IC
전주 여행,243,조선,NNP
전주 여행,243,본향,NNG
전주 여행,243,한옥,NNG
전주 여행,243,마을,NNG
전주 여행,243,경기전,NNG
전주 여행,243,진박,NNG
전주 여행,243,이씨,IC
전주 여행,243,조선,NNP
전주 여행,243,본향,NNG
전주 여행,243,한옥마을,NNP
전주 여행,243,한옥마을,NNP
전주 여행,243,전국,NNG
전주 여행,243,에서,JKB
전주 여행,243,제일,MAG
전주 여행,243,유명,XR
전주 여행,243,한옥마을,NNP
전주 여행,243,한옥,NNG
전주 여행,243,마을,NNG
전주 여행,243,경기전,NNG
전주 여행,243,경기,NNG
전주 여행,243,전안,NNG
전주 여행,243,태조,NNP
전주 여행,243,이성계,NNP
전주 여행,243,어진,NNG
전주 여행,243,모시,VV
전주 여행,243,어진,NNG
전주 여행,244,에서,JKB
전주 여행,244,달랑,MAG
전주 여행,244,20,SN
전주 여행,244,산책,NNG
전주 여행,244,추억,NNG
전주 여행,244,일요일,NNG
전주 여행,244,오후,NNG
전주 여행,244,일차,NNG
전주 여행,244,다가,EC
전주 여행,244,팔자,NNG
전주 여행,244,보너스,NNG
전주 여행,244,시간,NNG
전주 여행,244,30,SN
전주 여행,244,이투,NNG
전주 여행,244,케이,NNG
전주 여행,244,에게,JKB
전주 여행,244,주어지,VV
전주 여행,244,트리,NNG
전주 여행,244,시간,NNG
전주 여행,244,보내,VV
전주 여행,244,안성맞춤,NNG
전주 여행,244,산책,NNG
전주 여행,244,시간,NNG
전주 여행,244,투자,NNG
전주 여행,245,180812,SN
전주 여행,245,아이,NNG
전주 여행,245,한옥,NNG
전주 여행,245,마을,NNG
전주 여행,245,으로,JKB
전주 여행,245,산책,NNG
전주 여행,245,군것질,NNG
전주 여행,245,함께,MAG
전주 여행,245,개인,NNG
전주 여행,245,으로,JKB
전주 여행,245,가장,MAG
전주 여행,245,만족,NNG
전주 여행,245,스러웠,XSA+EP
전주 여행,245,마약,NNG
전주 여행,245,육전,NNG
전주 여행,245,추억,NNG
전주 여행,245,남겨줄,VV+EC+VX+ETM
전주 여행,245,사진,NNG
전주 여행,245,조미료,NNG
전주 여행,245,위해,VV+EC
전주 여행,245,한복,NNG
전주 여행,245,대여,NNG
전주 여행,245,헤어,NNG
전주 여행,245,사진,NNG
전주 여행,245,세트,NNG
전주 여행,245,라고,VCP+EC
전주 여행,245,가족,NNG
전주 여행,245,한복,NNG
전주 여행,245,체험,NNG
전주 여행,245,시작,NNG
전주 여행,245,사진관,NNG
전주 여행,245,에서,JKB
전주 여행,245,사진,NNG
전주 여행,245,촬영,NNG
전주 여행,245,마을,NNG
전주 여행,245,투어,NNG
전주 여행,246,후백제,NNG
전주 여행,246,숨결,NNG
전주 여행,246,방산,NNG
전주 여행,246,고사,EC
전주 여행,246,후백제,NNG
전주 여행,246,도읍지,NNG
전주 여행,246,후백제,NNG
전주 여행,246,견훤,NNP
전주 여행,246,숨결,NNG
전주 여행,246,느낄,VV+ETM
전주 여행,246,효자동,NNG
전주 여행,246,서곡,NNG
전주 여행,246,지구,NNG
전주 여행,246,방산,NNG
전주 여행,246,서고,NNG
전주 여행,246,완산,NNP
전주 여행,246,그립,NNG
전주 여행,246,군아,NNG
전주 여행,246,유언,NNG
전주 여행,246,남기,VV
전주 여행,246,다는,ETM
전주 여행,246,견훤,NNP
전주 여행,246,도읍,NNG
전주 여행,246,정하,VV
전주 여행,247,알라딘,NNP
전주 여행,247,언제,NNG
전주 여행,247,라도,VCP+EC
전주 여행,247,다음,NNG
전주 여행,247,어요,EF
전주 여행,247,가장,MAG
전주 여행,247,북카페,NNP
전주 여행,247,카프카,NNP
전주 여행,247,다음,NNG
전주 여행,247,다니,VV
전주 여행,247,면서,EC
전주 여행,247,해봐야,XSV+EC+VX+EC+VX
전주 여행,247,어요,EF
전주 여행,247,요즘,NNG
전주 여행,247,다아,EC
전주 여행,248,에코,NNP
전주 여행,248,시티,NNG
전주 여행,248,친환경,NNG
전주 여행,248,생태,NNG
전주 여행,248,공원,NNG
전주 여행,248,세병,NNG
전주 여행,248,공원,NNG
전주 여행,248,세병,NNG
전주 여행,248,한다는,VV+ETM
전주 여행,248,한다,VX+EC
전주 여행,248,공원,NNG
전주 여행,248,한옥마을,NNP
전주 여행,248,에서,JKB
전주 여행,248,나아가,VV+EC
전주 여행,248,에서,JKB
전주 여행,248,들려,VV+EC
전주 여행,248,코스,NNG
전주 여행,248,이투,NNG
전주 여행,248,케이,NNG
전주 여행,248,에코,NNP
전주 여행,248,시티,NNG
전주 여행,248,손자,NNG
전주 여행,248,자주,MAG
전주 여행,248,에코,NNP
전주 여행,248,시티,NNG
전주 여행,248,인데,VCP+EC
전주 여행,248,처음,NNG
전주 여행,248,으로,JKB
전주 여행,248,포스팅,NNP
전주 여행,248,한다,VV+EC
전주 여행,249,전동성당,NNP
전주 여행,249,초순,NNG
전주 여행,249,교지,NNG
전주 여행,249,한옥마을,NNP
전주 여행,249,필수,NNG
전주 여행,249,코스,NNG
전주 여행,249,함께,MAG
전주 여행,249,에서,JKB
전주 여행,249,들려,VV+EC
전주 여행,249,봐야,VX+EC
전주 여행,249,필수,NNG
전주 여행,249,코스,NNG
전주 여행,249,자주,MAG
전주 여행,249,그리고,MAJ
전주 여행,249,한옥마을,NNP
전주 여행,249,아내,NNG
전주 여행,249,남문,NNG
전주 여행,249,시장,NNG
전주 여행,249,에서,JKB
전주 여행,249,대국,NNG
전주 여행,249,그릇,NNG
전주 여행,249,한옥,NNG
전주 여행,249,마을,NNG
전주 여행,249,들린,VV+ETM
전주 여행,249,전동성당,NNP
전주 여행,249,자세히,MAG
전주 여행,249,둘러보,VV
전주 여행,250,예향,NNG
전주 여행,250,도시,NNG
전주 여행,250,자랑거리,NNG
전주 여행,250,국립,NNG
전주 여행,250,무형,NNG
전주 여행,250,유산,NNG
전주 여행,250,박물관,NNG
전주 여행,250,예향,NNG
전주 여행,250,도시,NNG
전주 여행,250,무형,NNG
전주 여행,250,유산,NNG
전주 여행,250,박물관,NNG
전주 여행,250,자랑,NNG
전주 여행,250,스럽,XSA
전주 여행,250,어렴풋이,MAG
전주 여행,250,2013,SN
전주 여행,250,개관,NNG
전주 여행,250,자랑거리,NNG
전주 여행,250,시민,NNG
전주 여행,250,신나,VV
전주 여행,250,각종,NNG
전주 여행,250,무료,NNG
전주 여행,250,공연,NNG
전주 여행,250,계속,NNG
전주 여행,251,완산,NNP
전주 여행,251,칠봉,NNG
전주 여행,251,생태,NNG
전주 여행,251,공원,NNG
전주 여행,251,완산,NNP
전주 여행,251,칠봉,NNG
전주 여행,251,생태,NNG
전주 여행,251,지원,NNG
전주 여행,251,완산,NNP
전주 여행,251,칠봉,NNG
전주 여행,251,생태,NNG
전주 여행,251,지원,NNG
전주 여행,251,완산,NNP
전주 여행,251,지명,NNG
전주 여행,251,이싸,NNP
전주 여행,251,조선,NNP
전주 여행,251,본향,NNG
전주 여행,251,후백제,NNG
전주 여행,251,도읍지,NNG
전주 여행,251,실제로,MAG
전주 여행,251,따라,VV+EC
전주 여행,251,산책,NNG
전주 여행,251,천변,NNG
전주 여행,251,산세,NNG
전주 여행,251,비경,NNG
전주 여행,251,완산,NNP
전주 여행,251,완산,NNP
전주 여행,251,칠봉,NNG
전주 여행,252,국내,NNG
전주 여행,252,최고,NNG
전주 여행,252,수준,NNG
전주 여행,252,복합,NNG
전주 여행,252,문화,NNG
전주 여행,252,예술,NNG
전주 여행,252,공간,NNG
전주 여행,252,한국,NNP
전주 여행,252,소리,NNG
전주 여행,252,문화,NNG
전주 여행,252,전북,NNP
전주 여행,252,에서,JKB
전주 여행,252,매년,MAG
전주 여행,252,개최,NNG
전주 여행,252,세계,NNG
전주 여행,252,소리,NNG
전주 여행,252,축제,NNG
전주 여행,252,열리,VV
전주 여행,252,한국,NNP
전주 여행,252,소리,NNG
전주 여행,252,문화,NNG
전주 여행,252,2001,SN
전주 여행,252,이다,NNP
전주 여행,252,자랑,NNG
전주 여행,252,전북,NNP
전주 여행,252,자랑,NNG
전주 여행,252,면적,NNG
전주 여행,252,30,SN
전주 여행,252,184,SN
전주 여행,252,건물,NNG
전주 여행,252,면적,NNG
전주 여행,252,11,SN
전주 여행,252,064,SN
전주 여행,252,이나,JX
전주 여행,252,대형,NNG
전주 여행,252,아트,NNG
전주 여행,252,센터,NNG
전주 여행,253,한옥마을,NNP
전주 여행,253,분위기,NNG
전주 여행,253,어울리,VV
전주 여행,253,한옥마을,NNP
전주 여행,253,부채,NNG
전주 여행,253,박물,NNG
전주 여행,253,한옥마을,NNP
전주 여행,253,부채,NNG
전주 여행,253,박물관,NNG
전주 여행,253,선조,NNG
전주 여행,253,지혜,NNG
전주 여행,253,담긴,VV+ETM
전주 여행,253,부채,NNG
전주 여행,253,모든,MM
전주 여행,253,한옥,NNG
전주 여행,253,마을,NNG
전주 여행,253,글자,NNG
전주 여행,253,그대로,MAG
전주 여행,253,조선,NNP
전주 여행,253,시대,NNG
전주 여행,253,부채,NNG
전주 여행,253,부터,JX
전주 여행,253,중국,NNP
전주 여행,253,일본,NNP
전주 여행,253,부채,NNG
전주 여행,253,까지,JX
전주 여행,253,모든,MM
전주 여행,253,부채,NNG
전주 여행,253,전시,NNG
전주 여행,253,부채,NNG
전주 여행,253,박물관,NNG
전주 여행,253,한옥마을,NNP
전주 여행,254,2014,SN
전주 여행,254,12,SN
전주 여행,254,14,SN
전주 여행,254,요일,NNG
전주 여행,254,코스,NNG
전주 여행,254,한옥마을,NNP
전주 여행,254,둘러보,VV
전주 여행,254,전통,NNG
전주 여행,254,비빔밥,NNG
전주 여행,254,시식,NNP
전주 여행,254,덕진,NNP
전주 여행,254,공원,NNG
전주 여행,254,유적지,NNG
전주 여행,254,저녁,NNG
전주 여행,254,으로,JKB
전주 여행,254,떡갈비,NNG
전주 여행,254,시식,NNG
전주 여행,255,덕진,NNP
전주 여행,255,호수,NNG
전주 여행,255,연화교,NNG
전주 여행,255,변신,NNG
전주 여행,255,덕진,NNP
전주 여행,255,공원,NNG
전주 여행,255,210425,SN
전주 여행,255,에서,JKB
전주 여행,255,홀로,MAG
전주 여행,255,덕진,NNP
전주 여행,255,공원,NNG
전주 여행,255,들려,VV+EC
전주 여행,255,연화교,NNG
전주 여행,255,덕진,NNP
전주 여행,255,공원,NNG
전주 여행,255,모습,NNG
전주 여행,255,어떤,MM
전주 여행,255,모습,NNG
전주 여행,255,일까,VCP+EC
전주 여행,255,연화교,NNG
전주 여행,255,어떤,MM
전주 여행,255,모습,NNG
전주 여행,255,으로,JKB
전주 여행,255,변신,NNG
전주 여행,255,을까,EC
전주 여행,255,궁금,XR
전주 여행,255,마음,NNG
전주 여행,255,으로,JKB
전주 여행,255,시간,NNG
전주 여행,255,자투리,NNG
전주 여행,256,2015,SN
전주 여행,256,01,SN
전주 여행,256,30,SN
전주 여행,256,한옥마을,NNP
전주 여행,256,야시장,NNG
전주 여행,256,남부,NNG
전주 여행,256,시장,NNG
전주 여행,256,청년,NNG
전주 여행,256,구경,NNG
전주 여행,256,2015,SN
전주 여행,256,01,SN
전주 여행,256,30,SN
전주 여행,256,한옥,NNP
전주 여행,256,스테이,NNP
전주 여행,256,태조,NNP
전주 여행,256,마루,NNP
전주 여행,256,한옥마을,NNP
전주 여행,256,먹거리,NNG
전주 여행,256,구경,NNG
전주 여행,256,http,SL
전주 여행,256,sweetcity,SL
전주 여행,256,tistory,SL
전주 여행,256,com,SL
전주 여행,256,1725,SN
전주 여행,256,사장,NNG
전주 여행,256,알려,VV+EC
전주 여행,256,야시장,NNG
전주 여행,256,구경,NNG
전주 여행,256,광화문,NNG
전주 여행,256,처럼,JKB
전주 여행,256,세월,NNG
전주 여행,256,천막,NNG
전주 여행,256,울컥,MAG
전주 여행,256,조명,NNG
전주 여행,256,멋진,VA+ETM
전주 여행,256,풍남문,NNG
전주 여행,257,대사습놀이,NNG
전주 여행,257,한옥마을,NNP
전주 여행,257,구경,NNG
전주 여행,257,맞추,VV
전주 여행,257,매년,MAG
전주 여행,257,열리,VV
전주 여행,257,전국,NNG
전주 여행,257,대회,NNG
전주 여행,257,판소리,NNG
전주 여행,257,명창,NNG
전주 여행,257,일반,NNG
전주 여행,257,농악,NNG
전주 여행,257,무용,NNG
전주 여행,257,기악,NNG
전주 여행,257,시조,NNG
전주 여행,257,민요,NNG
전주 여행,257,가야금,NNG
전주 여행,257,명창,NNG
전주 여행,257,궁도,NNG
전주 여행,257,명고,NNG
전주 여행,257,까지,JX
전주 여행,257,10,SN
전주 여행,257,부분,NNG
전주 여행,257,으로,JKB
전주 여행,257,치러,VV+EC
전주 여행,257,전국,NNG
전주 여행,257,경연,NNG
전주 여행,257,대회,NNG
전주 여행,257,대사습놀이,NNG
전주 여행,257,전국,NNG
전주 여행,257,대회,NNG
전주 여행,257,로서,JKB
전주 여행,257,무척,MAG
전주 여행,258,옛날,NNG
전주 여행,258,물건,NNG
전주 여행,258,모두,MAG
전주 여행,258,이곳,NP
전주 여행,258,전시,NNG
전주 여행,258,한옥마을,NNP
전주 여행,258,한옥마을,NNP
전주 여행,258,루이,NNP
전주 여행,258,엘모,NNG
전주 여행,258,자박,NNG
전주 여행,258,물관,NNG
전주 여행,258,바로,MAG
전주 여행,258,추억,NNG
전주 여행,258,박물관,NNG
전주 여행,258,건물,NNG
전주 여행,258,입장료,NNG
전주 여행,258,000,SN
전주 여행,258,전시,NNG
전주 여행,258,공간,NNG
전주 여행,258,전라북도,NNP
전주 여행,258,문화,NNG
전주 여행,258,예술,NNG
전주 여행,258,재단,NNG
전주 여행,258,어느,MM
전주 여행,258,지원,NNG
전주 여행,258,된다면,VV+EC
전주 여행,258,얼마나,MAG
전주 여행,258,을까,EC
전주 여행,258,생각,NNG
전주 여행,258,본다,VV+EC
전주 여행,259,한옥마을,NNP
전주 여행,259,에서,JKB
전주 여행,259,봐야,VX+EC
전주 여행,259,풍남문,NNG
전주 여행,259,이씨,IC
전주 여행,259,조선,NNP
전주 여행,259,본향,NNG
전주 여행,259,한옥마을,NNP
전주 여행,259,에서,JKB
전주 여행,259,들려,VV+EC
전주 여행,259,아야,EC
전주 여행,259,경기전,NNG
전주 여행,259,진박,NNG
전주 여행,259,물관,NNG
전주 여행,259,아야,EC
전주 여행,259,지만,EC
전주 여행,259,풍남문,NNG
전주 여행,259,봐야,VX+EC
전주 여행,259,한다,VX+EC
전주 여행,259,보물,NNG
전주 여행,259,308,SN
전주 여행,259,풍남문,NNG
전주 여행,259,대표,NNG
전주 여행,260,가즈,NNP
전주 여행,260,젊음,NNG
전주 여행,260,넘치,VV
전주 여행,260,거리,NNG
전주 여행,260,객사,NNG
전주 여행,260,에서,JKB
전주 여행,260,아야,EC
전주 여행,260,필수,NNG
전주 여행,260,코스,NNG
전주 여행,260,결혼식,NNG
전주 여행,260,참석,NNG
전주 여행,260,벚꽃,NNG
전주 여행,260,명소,NNG
전주 여행,260,이자,NNG
전주 여행,260,데이트,NNG
전주 여행,260,코스,NNG
전주 여행,260,유명,XR
전주 여행,260,아중,NNG
전주 여행,260,리저,NNP
전주 여행,260,수지,NNG
전주 여행,260,들린,VV+ETM
전주 여행,260,영화,NNG
전주 여행,260,거리,NNG
전주 여행,260,객사,NNG
전주 여행,260,까지,JX
전주 여행,260,돌아보,VV
전주 여행,261,한옥마을,NNP
전주 여행,261,한국,NNP
전주 여행,261,관광,NNG
전주 여행,261,100,SN
전주 여행,261,빛나,VV
전주 여행,261,우리나라,NNG
전주 여행,261,대표,NNG
전주 여행,261,이외,NNG
전주 여행,261,향교,NNG
전주 여행,261,목대,NNG
전주 여행,261,그리고,MAJ
전주 여행,261,벽화,NNG
전주 여행,261,마을,NNG
전주 여행,261,전통주,NNG
전주 여행,261,박물관,NNG
전주 여행,261,승광,NNP
전주 여행,261,들려,VV+EC
전주 여행,261,한옥마을,NNP
전주 여행,261,에서,JKB
전주 여행,261,은퇴,NNG
전주 여행,261,사진,NNG
전주 여행,261,작가,NNG
전주 여행,261,왕성,XR
전주 여행,261,활동,NNG
전주 여행,261,절친,NNG
전주 여행,261,우연히,MAG
전주 여행,261,만나,VV+EC
전주 여행,261,사진,NNG
전주 여행,261,서로,MAG
전주 여행,262,한옥마을,NNP
전주 여행,262,전망대,NNG
전주 여행,262,이성계,NNP
전주 여행,262,장군,NNG
전주 여행,262,승전,NNG
전주 여행,262,연회,NNG
전주 여행,262,장소,NNG
전주 여행,262,목대,NNG
전주 여행,262,한옥마을,NNP
전주 여행,262,다녀왔,VV+EP
전주 여행,262,한옥마을,NNP
전주 여행,262,경기,NNG
전주 여행,262,어진,VA+ETM
전주 여행,262,박물관,NNG
전주 여행,262,풍남문,NNG
전주 여행,262,남문,NNG
전주 여행,262,시장,NNG
전주 여행,262,그리고,MAJ
전주 여행,262,최근,NNG
전주 여행,262,개장,NNG
전주 여행,262,전라,NNP
전주 여행,262,감영,NNG
전주 여행,262,까지,JX
전주 여행,262,돌아보,VV
전주 여행,262,목대,NNG
전주 여행,262,올랐,VV+EP
전주 여행,262,가까이,MAG
전주 여행,262,자주,MAG
전주 여행,262,들리,VV
전주 여행,262,이나,JC
전주 여행,262,마다,JX
전주 여행,262,새롭,VA
전주 여행,262,다시,MAG
전주 여행,263,필수,NNG
전주 여행,263,코스,NNG
전주 여행,263,천상,NNG
전주 여행,263,정원,NNG
전주 여행,263,한국도로공사,NNP
전주 여행,263,고도,NNG
전주 여행,263,그리고,MAJ
전주 여행,263,이씨,IC
전주 여행,263,조선,NNP
전주 여행,263,본향,NNG
전주 여행,263,들려,VV+EC
전주 여행,263,아야,EC
전주 여행,263,필수,NNG
전주 여행,263,코스,NNG
전주 여행,263,한국도로공사,NNP
전주 여행,263,수목원,NNG
전주 여행,263,월드컵,NNG
전주 여행,263,경기장,NNG
전주 여행,263,부근,NNG
전주 여행,263,고속도,NNG
전주 여행,263,도로변,NNG
전주 여행,264,SK,SL
전주 여행,264,LTE,SL
전주 여행,264,어디,NP
전주 여행,264,까지,JX
전주 여행,264,맛있,VA
전주 여행,264,맛있,VA
전주 여행,264,2012,SN
전주 여행,264,08,SN
전주 여행,264,27,SN
전주 여행,264,06,SN
전주 여행,264,30,SN
전주 여행,264,IT,SL
전주 여행,264,서비스,NNG
전주 여행,264,Web,SL
전주 여행,264,Service,SL
전주 여행,264,작성자,NNG
전주 여행,264,니아,EC
전주 여행,264,https,SL
전주 여행,264,map,SL
전주 여행,264,naver,SL
전주 여행,264,com,SL
전주 여행,264,entry,SL
전주 여행,264,place,SL
전주 여행,264,1589368656,SN
전주 여행,264,광고,NNG
전주 여행,264,제주,NNP
전주 여행,264,유럽,NNP
전주 여행,264,코티지,NNP
전주 여행,264,감성,NNG
전주 여행,264,지독,NNG
전주 여행,264,프라이빗,NNG
전주 여행,264,제주,NNP
전주 여행,264,유럽,NNP
전주 여행,264,감성,NNG
전주 여행,265,인상,NNG
전주 여행,265,마중,NNG
전주 여행,265,도로공원,NNG
전주 여행,265,2011,SN
전주 여행,265,마중,NNG
전주 여행,265,기차,NNG
전주 여행,265,에서,JKB
전주 여행,265,내리,VV
전주 여행,265,처음,NNG
전주 여행,265,으로,JKB
전주 여행,265,만나,VV
전주 여행,265,마중,NNG
전주 여행,265,첫인상,NNG
전주 여행,265,마중,NNG
전주 여행,265,여름,NNG
전주 여행,265,마중,NNG
전주 여행,265,여름,NNG
전주 여행,265,무더위,NNG
전주 여행,265,피할,VV+ETM
전주 여행,265,어린이,NNG
전주 여행,266,아중,NNG
전주 여행,266,호수,NNG
전주 여행,266,나무,NNG
전주 여행,266,데크,NNP
전주 여행,266,산책로,NNG
전주 여행,266,따라,VV+EC
전주 여행,266,산책,NNG
전주 여행,266,220403,SN
전주 여행,266,예전,NNG
전주 여행,266,오래,MAG
전주 여행,266,부터,JX
전주 여행,266,중리,NNG
전주 여행,266,아중,NNG
전주 여행,266,호수,NNG
전주 여행,266,야성,NNG
전주 여행,266,이루,VV
전주 여행,266,유명,XR
전주 여행,266,벚꽃,NNG
전주 여행,266,구경,NNG
전주 여행,266,갈까,VX+EF
전주 여행,266,또는,MAJ
전주 여행,266,민물,NNG
전주 여행,266,매운탕,NNG
전주 여행,266,으러,EC
전주 여행,266,갈까,VV+EC
전주 여행,266,기린,NNG
전주 여행,266,등산,NNG
전주 여행,266,등등,NNB
전주 여행,266,여러,MM
전주 여행,266,가지,NNBC
전주 여행,266,목적,NNG
전주 여행,266,여러,MM
전주 여행,266,들리,VV
전주 여행,267,한국,NNP
전주 여행,267,도로공사,NNP
전주 여행,267,수목원,NNG
전주 여행,267,코앞,NNG
전주 여행,267,시민,NNG
전주 여행,267,쉼터,NNG
전주 여행,267,총화,NNG
전주 여행,267,그리고,MAJ
전주 여행,267,기독교,NNG
전주 여행,267,방송국,NNG
전주 여행,267,예전,NNG
전주 여행,267,고속도,NNG
전주 여행,267,나들목,NNG
전주 여행,267,자리,NNG
전주 여행,267,그곳,NP
전주 여행,267,지금,MAG
전주 여행,267,시민,NNG
전주 여행,267,위한,VV+ETM
전주 여행,267,쉼터,NNG
전주 여행,267,조성,NNG
전주 여행,267,나들목,NNG
전주 여행,267,가족,NNG
전주 여행,267,공원,NNG
전주 여행,267,인터체인지,NNG
전주 여행,267,월드컵,NNG
전주 여행,267,경기장,NNG
전주 여행,267,에서,JKB
전주 여행,268,이씨,IC
전주 여행,268,조선,NNP
전주 여행,268,본향,NNG
전주 여행,268,자랑거리,NNG
전주 여행,268,덕진,NNP
전주 여행,268,연못,NNG
전주 여행,268,연꽃,NNG
전주 여행,268,덕진,NNP
전주 여행,268,공원,NNG
전주 여행,268,이씨,IC
전주 여행,268,조선,NNP
전주 여행,268,본향,NNG
전주 여행,268,명물,NNG
전주 여행,268,상징,NNG
전주 여행,268,덕진,NNP
전주 여행,268,공원,NNG
전주 여행,268,필수,NNG
전주 여행,268,코스,NNG
전주 여행,268,덕진,NNP
전주 여행,268,호수,NNG
전주 여행,268,가운데,NNG
전주 여행,268,현수교,NNG
전주 여행,268,연꽃,NNG
전주 여행,268,양분,NNG
전주 여행,268,아름다운,VA+ETM
전주 여행,268,덕진,NNP
전주 여행,268,연못,NNG
전주 여행,269,광주,NNP
전주 여행,269,출발,MAG
전주 여행,269,당신,NP
전주 여행,269,놓치,VV
전주 여행,269,아야,EC
전주 여행,269,지역,NNG
전주 여행,269,특색,NNG
전주 여행,269,함께,MAG
전주 여행,269,살펴보,VV
전주 여행,269,세요,EP+EF
전주 여행,269,한옥마을,NNP
전주 여행,269,매력,NNG
전주 여행,269,광주,NNP
전주 여행,269,에서,JKB
전주 여행,269,시간,NNBC
전주 여행,269,거리,NNG
전주 여행,269,위치,NNG
전주 여행,269,습니다,EF
전주 여행,269,한옥마을,NNP
전주 여행,269,한국,NNP
전주 여행,269,전통,NNG
전주 여행,269,가옥,NNG
전주 여행,269,아름다움,VA+ETN
전주 여행,269,느낄,VV+ETM
전주 여행,269,장소,NNG
전주 여행,270,한옥마을,NNP
전주 여행,270,대한민국,NNP
전주 여행,270,대표,NNG
전주 여행,270,com,SL
전주 여행,270,15815131,SN
전주 여행,270,난장,NNG
전주 여행,270,박물관,NNG
전주 여행,270,한옥마을,NNP
전주 여행,270,이색,NNG
전주 여행,270,옛날,NNG
전주 여행,270,볼거리,NNG
전주 여행,270,생일,NNG
전주 여행,270,손자,NNG
전주 여행,270,한옥,NNG
전주 여행,270,마을,NNG
전주 여행,270,에서,JKB
전주 여행,270,신나,VV
전주 여행,270,하루,NNG
전주 여행,270,보냈,VV+EP
전주 여행,270,점심,NNG
전주 여행,270,한옥,NNG
전주 여행,270,마을,NNG
전주 여행,270,에서,JKB
전주 여행,270,제일,MAG
전주 여행,270,유명,XR
전주 여행,270,먹거리,NNG
전주 여행,270,갈비,NNG
전주 여행,271,홈페이지,NNG
전주 여행,271,제작,NNG
전주 여행,271,해외,NNG
전주 여행,271,골프,NNG
전주 여행,271,투어,NNG
전주 여행,271,전문,NNG
전주 여행,271,온라인,NNG
전주 여행,271,견적,NNG
전주 여행,271,com,SL
전주 여행,271,하나,NR
전주 여행,271,단독,NNG
전주 여행,271,투어,NNG
전주 여행,271,하나,NR
전주 여행,271,투어,NNG
전주 여행,271,공식,NNG
전주 여행,271,인증,NNG
전주 여행,271,예약,NNG
전주 여행,271,센터,NNG
전주 여행,271,해외,NNG
전주 여행,271,단체,NNG
전주 여행,271,하나,NR
전주 여행,271,투어,NNG
전주 여행,271,하나,NR
전주 여행,271,단독,NNG
전주 여행,271,투어,NNG
전주 여행,271,글로벌,NNG
전주 여행,271,투어,NNG
전주 여행,271,하나,NR
전주 여행,271,투어,NNG
전주 여행,271,공식,NNG
전주 여행,271,인증,NNG
전주 여행,271,예약,NNG
전주 여행,271,센터,NNG
전주 여행,271,해외,NNG
전주 여행,271,단체,NNG
전주 여행,271,하나,NR
전주 여행,271,투어,NNG
전주 여행,272,정월,NNG
전주 여행,272,보름,NNG
전주 여행,272,공연,NNG
전주 여행,272,전북,NNP
전주 여행,272,달맞이,NNG
전주 여행,272,good,SL
전주 여행,272,가세,NNG
전주 여행,272,음식,NNG
전주 여행,272,고장,NNG
전주 여행,272,이자,NNG
전주 여행,272,한옥마을,NNP
전주 여행,272,고장,NNG
전주 여행,272,복판,NNG
전주 여행,272,흐르,VV
전주 여행,272,광장,NNG
전주 여행,272,net,SL
전주 여행,272,2041,SN
전주 여행,272,15812600,SN
전주 여행,272,임실,NNP
전주 여행,272,가장,MAG
전주 여행,272,한국,NNP
전주 여행,272,신명,NNG
전주 여행,272,축제,NNG
전주 여행,272,필봉,NNG
전주 여행,272,마을,NNG
전주 여행,272,정월,NNG
전주 여행,272,보름,NNG
전주 여행,272,정월,NNG
전주 여행,272,보름날,NNG
전주 여행,273,지구촌,NNG
전주 여행,273,모자,NNG
전주 여행,273,모두,MAG
전주 여행,273,이곳,NP
전주 여행,273,이색,NNG
전주 여행,273,박물관,NNG
전주 여행,273,루이,NNP
전주 여행,273,모자,NNG
전주 여행,273,한옥마을,NNP
전주 여행,273,에서,JKB
전주 여행,273,모자,NNG
전주 여행,273,박물관,NNG
전주 여행,273,구경,NNG
전주 여행,273,한옥마을,NNP
전주 여행,273,서쪽,NNG
전주 여행,273,끝자락,NNG
전주 여행,273,루이,NNP
전주 여행,273,엘모,NNG
전주 여행,273,자박,NNG
전주 여행,273,물관,NNG
전주 여행,273,추억,NNG
전주 여행,273,박물관,NNG
전주 여행,273,별별,MM
전주 여행,273,박물관,NNG
전주 여행,273,박물관,NNG
전주 여행,273,구경거리,NNG
전주 여행,273,입장료,NNG
전주 여행,273,000,SN
전주 여행,273,박물관,NNG
전주 여행,274,전동,NNG
전주 여행,274,성당,NNG
전주 여행,274,에서,JKB
전주 여행,274,지란지교,NNG
전주 여행,274,꿈꾸,VV
전주 여행,274,달려간,VV+ETM
전주 여행,274,친구,NNG
전주 여행,274,약속,NNG
전주 여행,274,시간,NNG
전주 여행,274,오후,NNG
전주 여행,274,시간,NNG
전주 여행,274,틈새,NNG
전주 여행,274,전동,NNG
전주 여행,274,성당,NNG
전주 여행,274,으로,JKB
전주 여행,274,향하,VV
전주 여행,274,31,SN
전주 여행,274,수요일,NNG
전주 여행,274,오후,NNG
전주 여행,274,성당,NNG
전주 여행,274,행사,NNG
전주 여행,274,관계자,NNG
전주 여행,274,차량,NNG
전주 여행,274,임도,NNG
전주 여행,274,금하,VV
전주 여행,274,지만,EC
전주 여행,274,꼬까,NNG
전주 여행,274,한복,NNG
전주 여행,275,https,SL
전주 여행,275,blog,SL
전주 여행,275,naver,SL
전주 여행,275,com,SL
전주 여행,275,allga,SL
전주 여행,275,79,SN
전주 여행,275,전화,NNG
전주 여행,275,번호,NNG
전주 여행,275,063,SN
전주 여행,275,231,SN
전주 여행,275,3040,SN
전주 여행,275,도로,NNG
전주 여행,275,완산구,NNP
전주 여행,275,은행,NNG
전주 여행,275,74,SN
전주 여행,275,11,SN
전주 여행,275,지번,NNG
전주 여행,275,완산구,NNP
전주 여행,275,교동,NNP
전주 여행,275,91,SN
전주 여행,275,장점,NNG
전주 여행,275,숙박업,NNG
전주 여행,275,에서,JKB
전주 여행,275,샤워,NNG
전주 여행,275,타월,NNG
전주 여행,275,화장,NNG
전주 여행,275,거울,NNG
전주 여행,275,비누,NNG
전주 여행,275,클렌징,NNG
전주 여행,276,아야,EC
전주 여행,276,아시아,NNP
전주 여행,276,명소,NNG
전주 여행,276,KTX,SL
전주 여행,276,한옥마을,NNP
전주 여행,276,에서,JKB
전주 여행,276,시작,NNG
전주 여행,276,된다,XSV+EC
전주 여행,276,역사,NNG
전주 여행,276,한옥마을,NNP
전주 여행,276,이다,NNP
전주 여행,276,광장,NNG
전주 여행,276,나오,VV
전주 여행,276,한복,NNG
전주 여행,276,부채,NNG
전주 여행,276,예쁜,VA+ETM
전주 여행,276,아가씨,NNG
전주 여행,276,관광객,NNG
전주 여행,276,반겨,VV+EC
전주 여행,276,준다,VX+EC
전주 여행,277,난장,NNG
전주 여행,277,테마,NNG
전주 여행,277,박물관,NNG
전주 여행,277,7080,SN
전주 여행,277,감수,NNG
전주 여행,277,06,SN
전주 여행,277,00,SN
전주 여행,277,에서,JKB
전주 여행,277,이번,NNG
전주 여행,277,들린,VV+ETM
전주 여행,277,전북,NNP
전주 여행,277,유일,NNG
전주 여행,277,테마,NNG
전주 여행,277,박물관,NNG
전주 여행,277,7080,SN
전주 여행,277,감수,NNG
전주 여행,277,그대로,MAG
전주 여행,277,재현,NNG
전주 여행,277,입니다,VCP+EF
전주 여행,277,요즘,MAG
전주 여행,277,어딜,NP+JKO
전주 여행,277,7080,SN
전주 여행,277,내세우,VV
전주 여행,277,장소,NNG
전주 여행,277,많이,MAG
전주 여행,277,지만,EC
전주 여행,277,특히,MAG
전주 여행,277,이곳,NP
전주 여행,277,난장,NNG
전주 여행,277,그대,NP
전주 여행,277,감성,NNG
전주 여행,278,한옥마을,NNP
전주 여행,278,한울,NNP
전주 여행,278,밥상,NNG
전주 여행,278,맛집,NNG
전주 여행,278,터널,NNG
전주 여행,278,한울,NNP
전주 여행,278,밥상,NNG
전주 여행,278,터널,NNG
전주 여행,278,공존,NNG
전주 여행,278,도시,NNG
전주 여행,278,기대,NNG
전주 여행,278,됩니다,VV+EF
전주 여행,278,이번,NNG
전주 여행,278,조금,MAG
전주 여행,278,특별,NNG
전주 여행,278,는데,EC
전주 여행,278,원래,NNG
전주 여행,278,한옥,NNG
전주 여행,278,마을,NNG
전주 여행,278,안쪽,NNG
전주 여행,278,맛집,NNG
전주 여행,278,계획,NNG
전주 여행,278,지만,EC
전주 여행,278,우연히,MAG
전주 여행,278,들른,VV+ETM
전주 여행,278,가게,NNG
전주 여행,278,사장,NNG
전주 여행,279,숙영,NNG
전주 여행,279,가마솥,NNG
전주 여행,279,비빔밥,NNG
전주 여행,279,된장찌개,NNG
전주 여행,279,비빔밥,NNG
전주 여행,279,어울리,VV
전주 여행,279,조합,NNG
전주 여행,279,맛집,NNG
전주 여행,279,투어,NNG
전주 여행,279,숙영,NNG
전주 여행,279,비빔밥,NNG
전주 여행,279,방문,NNG
전주 여행,279,오래전,NNG
전주 여행,279,다녀온,VV+ETM
전주 여행,279,에서,JKB
전주 여행,279,음식,NNG
전주 여행,279,다면,EC
전주 여행,279,비빔밥,NNG
전주 여행,279,이번,NNG
전주 여행,279,와야,VX+EC+VX
전주 여행,279,생각,NNG
전주 여행,279,수많,VA
전주 여행,279,비빔밥,NNG
전주 여행,279,가게,NNG
전주 여행,279,검색,NNG
전주 여행,280,예정,NNG
전주 여행,280,럴럴럴,UNKNOWN
전주 여행,280,월드,NNG
전주 여행,280,티스토리,NNP
전주 여행,280,Diary,SL
전주 여행,280,예정,NNG
전주 여행,280,랄랄라,IC
전주 여행,280,lalalabro,SL
전주 여행,280,2018,SN
전주 여행,280,03,SN
전주 여행,280,27,SN
전주 여행,280,11,SN
전주 여행,280,36,SN
전주 여행,280,Let,SL
전주 여행,280,Go,SL
전주 여행,280,2018,SN
전주 여행,280,30,SN
전주 여행,280,막걸리,NNG
전주 여행,280,안주,NNG
전주 여행,280,한옥마을,NNP
전주 여행,280,막걸리,NNG
전주 여행,280,골목,NNG
전주 여행,280,얼마,NNG
전주 여행,280,생생,MAG
전주 여행,280,정보,NNG
전주 여행,280,다가,EC
전주 여행,280,막걸리,NNG
전주 여행,281,알라딘,NNP
전주 여행,281,언제,NNG
전주 여행,281,라도,VCP+EC
전주 여행,281,계획,NNG
전주 여행,281,계신,VX+ETM
전주 여행,281,따듯,XR
전주 여행,281,위로,NNG
전주 여행,281,에서,JKB
전주 여행,281,다면,EC
전주 여행,281,권유,NNG
전주 여행,281,해본다,XSV+EC+VX+EC
전주 여행,281,그저,MAG
전주 여행,281,그런,MM
전주 여행,281,아니,VCN
전주 여행,281,가슴,NNG
전주 여행,281,따뜻,XR
전주 여행,281,에세이,NNG
전주 여행,281,서다,NNG
전주 여행,281,핵심,NNG
전주 여행,281,포인트,NNG
전주 여행,281,목차,NNG
전주 여행,282,알라딘,NNP
전주 여행,282,생생,XR
전주 여행,282,리뷰,NNP
전주 여행,282,동네,NNG
전주 여행,282,그리고,MAJ
전주 여행,282,친구,NNG
전주 여행,282,에서,JKB
전주 여행,282,그럼,MAJ
전주 여행,282,라는,ETM
전주 여행,282,회신,NNG
전주 여행,282,동네,NNG
전주 여행,282,플레이,NNG
전주 여행,282,urbanplay,SL
전주 여행,282,동네,NNG
전주 여행,282,동네,NNG
전주 여행,282,매거진,NNG
전주 여행,282,그럼,MAJ
전주 여행,283,알라딘,NNP
전주 여행,283,서재,NNP
전주 여행,283,시집,NNG
전주 여행,283,계획,NNG
전주 여행,283,고는,EC
전주 여행,283,지만,EC
전주 여행,283,도대체,MAG
전주 여행,283,그곳,NP
전주 여행,283,무엇,NP
전주 여행,283,무엇,NP
전주 여행,283,해야,VV+EC
전주 여행,283,했다,XSV+EP
전주 여행,283,생각,NNG
전주 여행,283,몰랐,VV+EP
전주 여행,283,는데,EC
전주 여행,283,보다,JKB
전주 여행,283,구나,EC
전주 여행,283,진짜,MAG
전주 여행,283,한국,NNP
전주 여행,283,느낄,VV+ETM
전주 여행,284,알라딘,NNP
전주 여행,284,조용,XR
전주 여행,284,면서,EC
전주 여행,284,다양,XR
전주 여행,284,매력,NNG
전주 여행,284,로컬,NNG
전주 여행,284,가이드,NNG
전주 여행,284,소도시,NNG
전주 여행,284,소도시,NNG
전주 여행,284,트래블,NNG
전주 여행,284,완주,NNG
전주 여행,284,소도시,NNG
전주 여행,284,트래블,NNG
전주 여행,284,조이,NNG
전주 여행,284,코리아,NNP
전주 여행,284,편집부,NNG
전주 여행,284,지음,NNG
전주 여행,284,조이,NNG
전주 여행,284,코리아,NNP
전주 여행,284,2022,SN
전주 여행,284,11,SN
전주 여행,284,평점,NNG
전주 여행,284,품절,NNG
전주 여행,284,얼마,NNG
전주 여행,284,다녀왔,VV+EP
전주 여행,284,는데,EC
전주 여행,284,소도시,NNG
전주 여행,284,트래블,NNG
전주 여행,284,주편,NNG
전주 여행,284,조금,MAG
전주 여행,284,빨리,MAG
전주 여행,284,으면,EC
전주 여행,284,정말,MAG
전주 여행,284,다는,ETM
전주 여행,285,맛집,NNG
전주 여행,285,추천,NNG
전주 여행,285,리스트,NNG
전주 여행,285,엊그제,MAG
전주 여행,285,은데,EC
전주 여행,285,벌써,MAG
전주 여행,285,지났,VV+EP
전주 여행,285,네요,EF
전주 여행,285,지인,NNG
전주 여행,285,함께,MAG
전주 여행,285,먹방,NNG
전주 여행,285,다녀왔,VV+EP
전주 여행,285,습니다,EF
전주 여행,285,맛집,NNG
전주 여행,285,조점,NNG
전주 여행,285,남문,NNG
전주 여행,285,피순대,NNG
전주 여행,285,에서,JKB
전주 여행,285,남부,NNG
전주 여행,285,시장,NNG
전주 여행,285,까지,JX
전주 여행,285,30,SN
전주 여행,285,정도,NNG
전주 여행,285,시장,NNG
전주 여행,285,도착,NNG
전주 여행,285,시장,NNG
전주 여행,286,알라딘,NNP
전주 여행,286,서재,NNP
전주 여행,286,오렌지캬라멜,NNP
전주 여행,286,청춘,NNG
전주 여행,286,그런,MM
전주 여행,286,생각,NNG
전주 여행,286,떠나,VV
전주 여행,286,서울,NNP
전주 여행,286,언제,NP
전주 여행,286,든지,VCP+EC
전주 여행,286,기에,EC
전주 여행,286,한옥마을,NNP
전주 여행,286,갔다왔,VV+EP
전주 여행,286,오렌지,NNP
전주 여행,286,카라멜,NNP
전주 여행,286,경로,NNG
전주 여행,286,따라,VV+EC
전주 여행,286,옥도,NNG
전주 여행,286,구경,NNG
전주 여행,286,한복,NNG
전주 여행,286,전통,NNG
전주 여행,286,체험,NNG
전주 여행,287,콩나물국,NNG
전주 여행,287,명가,NNG
전주 여행,287,160,SN
전주 여행,287,점포,NNG
전주 여행,287,차이,NNG
전주 여행,287,맛집,NNG
전주 여행,287,콩나물국,NNG
전주 여행,287,명가,NNG
전주 여행,287,160,SN
전주 여행,287,점포,NNG
전주 여행,287,차이,NNG
전주 여행,287,맛집,NNG
전주 여행,287,현대,NNG
전주 여행,287,전라북도,NNP
전주 여행,287,콩나물국,NNG
전주 여행,287,발생지,NNG
전주 여행,287,유명,XR
전주 여행,287,콩나물국,NNG
전주 여행,287,밥집,NNG
전주 여행,287,발길,NNG
전주 여행,287,끊이,VV
전주 여행,287,특히,MAG
전주 여행,287,현대,NNG
전주 여행,287,세대,NNG
전주 여행,288,퇴근,NNG
전주 여행,288,객리,NNG
전주 여행,288,한옥마을,NNP
전주 여행,288,완주,NNP
전주 여행,288,소양,NNP
전주 여행,288,라고,EC
전주 여행,288,하지만,MAJ
전주 여행,288,퇴근,NNG
전주 여행,288,저녁,NNG
전주 여행,288,출발,NNG
전주 여행,288,하루,NNG
전주 여행,288,연차,NNG
전주 여행,288,스케줄,NNG
전주 여행,288,굉장히,MAG
전주 여행,288,일정,NNG
전주 여행,288,사실,MAG
전주 여행,288,아니,VCN
전주 여행,288,개인,NNG
전주 여행,288,면서,EC
전주 여행,288,당일,NNG
전주 여행,289,오감,NNG
전주 여행,289,만족,NNG
전주 여행,289,완주,NNG
전주 여행,289,대한민국,NNP
전주 여행,289,테마,NNG
전주 여행,289,박물관,NNG
전주 여행,289,연꽃,NNG
전주 여행,289,명소,NNG
전주 여행,289,진공,NNG
전주 여행,289,완주,NNG
전주 여행,289,그리고,MAJ
전주 여행,289,전북,NNP
전주 여행,289,에서,JKB
전주 여행,289,들려,VV+EC
전주 여행,289,아야,EC
전주 여행,289,필수,NNG
전주 여행,289,코스,NNG
전주 여행,289,바로,MAG
전주 여행,289,완주군,NNG
전주 여행,289,구이면,NNP
전주 여행,289,대한민국,NNP
전주 여행,289,테마,NNG
전주 여행,289,박물관,NNG
전주 여행,289,2015,SN
전주 여행,289,10,SN
전주 여행,289,개관,NNG
전주 여행,289,대한민국,NNP
전주 여행,289,테미,NNP
전주 여행,289,박물관,NNG
전주 여행,289,만족,NNG
전주 여행,289,완주,NNG
전주 여행,289,테마,NNG
전주 여행,289,박물관,NNG
전주 여행,290,맛집,NNG
전주 여행,290,조점,NNG
전주 여행,290,남문,NNG
전주 여행,290,피순대,NNG
전주 여행,290,들려,VV+EC
전주 여행,290,으로,JKB
전주 여행,290,추천,NNG
전주 여행,290,11,SN
전주 여행,290,가을,NNG
전주 여행,290,에서,JKB
전주 여행,290,만난,VV+ETM
전주 여행,290,음식,NNG
전주 여행,290,피순대,NNG
전주 여행,290,국밥,NNG
전주 여행,290,가을,NNG
전주 여행,290,아쉬워,VA+EC
전주 여행,290,떠난,VV+ETM
전주 여행,290,에서,JKB
전주 여행,290,가을,NNG
전주 여행,290,풍경,NNG
전주 여행,290,기대,NNG
전주 여행,290,지만,EC
전주 여행,290,보다,MAG
전주 여행,290,기대,NNG
전주 여행,290,예전,NNG
전주 여행,290,맛있,VA
전주 여행,290,음식,NNG
전주 여행,290,오랜만,NNG
전주 여행,290,맛볼,VV+ETM
전주 여행,291,군산,NNP
전주 여행,291,한옥마을,NNP
전주 여행,291,낭만,NNG
전주 여행,291,흘렀,VV+EP
전주 여행,291,군산,NNP
전주 여행,291,에서,JKB
전주 여행,291,마치,VV
전주 여행,291,된다,VV+EF
전주 여행,291,물론,MAG
전주 여행,291,군산,NNG
전주 여행,291,볼거리,NNG
전주 여행,291,모두,MAG
전주 여행,291,아니,VCN
전주 여행,291,그러나,MAJ
전주 여행,291,일정,NNG
전주 여행,291,기에,EC
전주 여행,291,우선,MAG
전주 여행,291,숙소,NNG
전주 여행,291,호텔,NNG
전주 여행,291,르윈,NNP
전주 여행,291,LE,SL
전주 여행,291,WIN,SL
전주 여행,291,바로,MAG
전주 여행,291,호텔,NNG
전주 여행,292,군산,NNP
전주 여행,292,국내,NNG
전주 여행,292,유일,NNG
전주 여행,292,일본식,NNG
전주 여행,292,사찰,NNG
전주 여행,292,동국,NNG
전주 여행,292,탐방,NNG
전주 여행,292,동국,NNG
전주 여행,292,웅전,NNG
전주 여행,292,울창,XR
전주 여행,292,대나무,NNG
전주 여행,292,으로,JKB
전주 여행,292,이뤄져,VV+EC
전주 여행,292,싱그럽,VA
전주 여행,292,이를,VV+ETM
전주 여행,292,대나무,NNG
전주 여행,292,일본식,NNG
전주 여행,292,동국,NNG
전주 여행,292,관람,NNG
전주 여행,292,다음,NNG
전주 여행,292,군산,NNG
전주 여행,292,근대,NNG
전주 여행,292,역사,NNG
전주 여행,292,박물관,NNG
전주 여행,292,으로,JKB
전주 여행,292,향하,VV
전주 여행,293,비빔밥,NNG
전주 여행,293,전문점,NNG
전주 여행,293,가족,NNG
전주 여행,293,회관,NNG
전주 여행,293,비빔밥,NNG
전주 여행,293,체험,NNG
전주 여행,293,비빔밥,NNG
전주 여행,293,전문점,NNG
전주 여행,293,가족,NNG
전주 여행,293,회관,NNG
전주 여행,293,비빔밥,NNG
전주 여행,293,체험,NNG
전주 여행,293,맛집,NNG
전주 여행,293,도시,NNG
전주 여행,293,빠트릴,VV+ETM
전주 여행,293,가지,NNBC
전주 여행,293,비빔밥,NNG
전주 여행,293,체험,NNG
전주 여행,293,아닐,VCN+ETM
전주 여행,293,비빔밥,NNG
전주 여행,293,축제,NNG
전주 여행,293,열릴,VV+ETM
전주 여행,293,만큼,NNB
전주 여행,294,시외버스,NNG
전주 여행,294,터미널,NNG
전주 여행,294,시간표,NNG
전주 여행,294,01,SN
전주 여행,294,00,SN
전주 여행,294,시외버스,NNG
전주 여행,294,터미널,NNG
전주 여행,294,시간표,NNG
전주 여행,294,시작,NNG
전주 여행,294,시외버스,NNG
전주 여행,294,터미널,NNG
전주 여행,294,시간표,NNG
전주 여행,294,시외버스,NNG
전주 여행,294,공용,NNG
전주 여행,294,터미널,NNG
전주 여행,294,전화,NNG
전주 여행,294,번호,NNG
전주 여행,294,1688,SN
전주 여행,294,1745,SN
전주 여행,294,전북,NNP
전주 여행,294,덕진구,NNP
전주 여행,294,금암동,NNP
전주 여행,294,705,SN
전주 여행,294,10,SN
전주 여행,294,에서,JKB
전주 여행,294,서울,NNP
전주 여행,294,남부,NNG
전주 여행,294,터미널,NNG
전주 여행,294,에서,NNG
전주 여행,295,퇴근,NNG
전주 여행,295,포함,NNG
전주 여행,295,부담,NNG
전주 여행,295,스러울,XSA+ETM
전주 여행,295,지만,EC
전주 여행,295,만족,NNG
전주 여행,295,사람,NNG
전주 여행,295,승률,NNG
전주 여행,295,100,SN
전주 여행,295,장소,NNG
전주 여행,295,방문,NNG
전주 여행,295,진심,NNG
전주 여행,295,으로,JKB
전주 여행,295,추천,NNG
전주 여행,295,한다,XSV+EC
전주 여행,295,보다,MAG
전주 여행,295,위쪽,NNG
전주 여행,295,올라가,VV
전주 여행,295,니까,EC
전주 여행,295,제발,MAG
전주 여행,295,지만,EC
전주 여행,295,알찬,VA+ETM
전주 여행,296,도서관,NNG
전주 여행,296,이색,NNG
전주 여행,296,프로그램,NNG
전주 여행,296,Moon,SL
전주 여행,296,도서관,NNG
전주 여행,296,기록,NNG
전주 여행,296,문화,NNG
전주 여행,296,뿌리,NNG
전주 여행,296,한지,NNG
전주 여행,296,체험,NNG
전주 여행,296,다가,NNG
전주 여행,296,도서관,NNG
전주 여행,296,10,SN
전주 여행,296,00,SN
전주 여행,296,11,SN
전주 여행,296,00,SN
전주 여행,296,한옥마을,NNP
전주 여행,296,도서관,NNG
전주 여행,296,11,SN
전주 여행,296,20,SN
전주 여행,296,14,SN
전주 여행,296,00,SN
전주 여행,296,중식,NNG
전주 여행,296,동문,NNG
전주 여행,296,도서관,NNG
전주 여행,296,14,SN
전주 여행,296,20,SN
전주 여행,296,15,SN
전주 여행,296,20,SN
전주 여행,296,도보,NNG
전주 여행,296,지관,NNG
전주 여행,296,지체,NNG
전주 여행,297,알라딘,NNP
전주 여행,297,서재,NNP
전주 여행,297,예찬,NNG
전주 여행,297,이유,NNG
전주 여행,297,하나,NR
전주 여행,297,때문,NNB
전주 여행,297,음식,NNG
전주 여행,297,역시,MAJ
전주 여행,297,라도,VCP+EC
전주 여행,297,저렴,XR
전주 여행,297,가격,NNG
전주 여행,297,비빔밥,NNG
전주 여행,297,지만,EC
전주 여행,297,우리,NP
전주 여행,297,한옥,NNG
전주 여행,297,마을,NNG
전주 여행,297,근처,NNG
전주 여행,297,반야,NNG
전주 여행,297,돌솥,NNG
전주 여행,297,간다,VV+EC
전주 여행,297,돌솥,NNG
전주 여행,297,간장,NNG
전주 여행,298,이번,NNG
전주 여행,298,주말,NNG
전주 여행,298,명물,NNG
전주 여행,298,덕진,NNP
전주 여행,298,공원,NNG
전주 여행,298,연꽃,NNG
전주 여행,298,축제,NNG
전주 여행,298,연꽃,NNG
전주 여행,298,촬영,NNG
전주 여행,298,함께,MAG
전주 여행,298,코스,NNG
전주 여행,298,에서,JKB
전주 여행,298,빠트릴,VV+ETM
전주 여행,298,필수,NNG
전주 여행,298,코스,NNG
전주 여행,298,모처럼,MAG
전주 여행,298,휴가,NNG
전주 여행,298,들린,VV+ETM
전주 여행,298,아들,NNG
전주 여행,298,그래도,VV+EC
전주 여행,298,명색,NNG
전주 여행,298,여름휴가,NNG
전주 여행,298,인데,VCP+EC
전주 여행,298,서울,NNP
전주 여행,298,엄마,NNG
전주 여행,298,누나,NNG
전주 여행,298,조카,NNG
전주 여행,298,누나,NNG
전주 여행,298,조카,NNG
전주 여행,298,만나,VV+EC
전주 여행,298,강원도,NNP
전주 여행,298,다시,MAG
전주 여행,298,훌쩍,MAG
전주 여행,298,떠나,VV
전주 여행,299,한옥마을,NNP
전주 여행,299,전통,NNG
전주 여행,299,지원,NNG
전주 여행,299,전라북도,NNP
전주 여행,299,일원,NNG
전주 여행,299,에서,JKB
전주 여행,299,생산,NNG
전주 여행,299,한지,NNG
전주 여행,299,이곳,NP
전주 여행,299,한지,NNG
전주 여행,299,제조업,NNG
전주 여행,299,입지,NNG
전주 여행,299,깨끗,XR
전주 여행,299,수질,NNG
전주 여행,299,원재료,NNG
전주 여행,299,지방,NNG
전주 여행,299,근교,NNG
전주 여행,299,닥나무,NNG
전주 여행,299,많이,MAG
전주 여행,299,생산,NNG
전주 여행,299,때문,NNB
전주 여행,299,원재료,NNG
전주 여행,299,한지,NNG
전주 여행,299,제조업,NNG
전주 여행,299,성황,NNG
전주 여행,299,이루,VV
전주 여행,300,카페,NNG
전주 여행,300,이르,VV
전주 여행,300,메뉴판,NNG
전주 여행,300,한옥마을,NNP
전주 여행,300,돌아다니,VV
전주 여행,300,가가,EC
전주 여행,300,수다,NNG
전주 여행,300,방문,NNG
전주 여행,300,이르,VV
전주 여행,300,카페,NNG
전주 여행,300,입니다,VCP+EF
전주 여행,300,외관,NNG
전주 여행,300,비해,VV+EC
전주 여행,300,내부,NNG
전주 여행,300,카페,NNG
전주 여행,300,이르,VV
전주 여행,300,네이버,NNP
전주 여행,300,지도,NNG
전주 여행,300,카페,NNG
전주 여행,300,이르,VV
전주 여행,300,전북,NNP
전주 여행,300,완산구,NNP
전주 여행,300,은행,NNG
전주 여행,300,69,SN
전주 여행,300,교동,NNG
전주 여행,300,http,SL
전주 여행,300,naver,SL
전주 여행,300,me,SL
전주 여행,300,FqlI,SL
전주 여행,301,한옥마을,NNP
전주 여행,301,힐링,NNG
전주 여행,301,공간,NNG
전주 여행,301,으로,JKB
전주 여행,301,추천,NNG
전주 여행,301,경기전,NNG
전주 여행,301,한옥마을,NNP
전주 여행,301,힐링,NNG
전주 여행,301,공간,NNG
전주 여행,301,으로,JKB
전주 여행,301,추천,NNG
전주 여행,301,경기전,NNG
전주 여행,301,볼거리,NNG
전주 여행,301,한옥마을,NNP
전주 여행,301,인근,NNG
전주 여행,301,나무숲,NNG
전주 여행,301,경기전,NNG
전주 여행,301,라는,ETM
전주 여행,301,습니다,EF
전주 여행,301,나무숲,NNG
전주 여행,301,함께,MAG
전주 여행,301,한옥,NNG
전주 여행,301,멀리,MAG
전주 여행,301,보이,VV
전주 여행,301,정동,NNG
전주 여행,301,성당,NNG
전주 여행,302,퇴근,NNG
전주 여행,302,객리,NNG
전주 여행,302,한옥마을,NNP
전주 여행,302,완주,NNP
전주 여행,302,소양,NNP
전주 여행,302,Day,SL
전주 여행,302,점심,NNG
전주 여행,302,객사,NNG
전주 여행,302,또순이,NNG
전주 여행,302,오전,NNG
전주 여행,302,근처,NNG
전주 여행,302,에서,JKB
전주 여행,302,점심,NNG
전주 여행,302,으로,JKB
전주 여행,302,무엇,NP
전주 여행,302,을까,EC
전주 여행,302,고민,NNG
전주 여행,302,다가,EC
전주 여행,302,숙소,NNG
전주 여행,302,가까운,VA+ETM
전주 여행,302,객사,NNG
전주 여행,302,맛집,NNG
전주 여행,302,방문,NNG
전주 여행,303,알라딘,NNP
전주 여행,303,서재,NNP
전주 여행,303,당일,NNG
전주 여행,303,20120707,SN
전주 여행,303,버스,NNG
전주 여행,303,마음,NNG
전주 여행,303,두근두근,MAG
전주 여행,303,두근,MAG
전주 여행,303,음악,NNG
전주 여행,303,들으면서,VV+EC
전주 여행,303,핸드폰,NNG
전주 여행,303,바꾸,VV
전주 여행,303,버스,NNG
전주 여행,303,에서,JKB
전주 여행,303,내리,VV
전주 여행,303,날씨,NNG
전주 여행,303,너무,MAG
전주 여행,303,화창,NNG
전주 여행,303,버스,NNG
전주 여행,303,와서,VV+EC
전주 여행,303,한참,NNG
전주 여행,303,기다린,VV+ETM
전주 여행,303,버스,NNG
전주 여행,303,전동성당,NNP
전주 여행,303,으로,JKB
전주 여행,303,향했,VV+EP
전주 여행,303,어요,EF
전주 여행,304,한옥마을,NNP
전주 여행,304,아카,NNP
전주 여행,304,갤러리,NNG
전주 여행,304,카페,NNG
전주 여행,304,Jeonju,SL
전주 여행,304,Hanok,SL
전주 여행,304,Village,SL
전주 여행,304,AKA,SL
전주 여행,304,Galle,SL
전주 여행,304,한옥마을,NNP
전주 여행,304,아카,NNP
전주 여행,304,갤러리,NNG
전주 여행,304,카페,NNG
전주 여행,304,한옥마을,NNP
전주 여행,304,Jeonju,SL
전주 여행,304,Hanok,SL
전주 여행,304,Village,SL
전주 여행,304,AKA,SL
전주 여행,304,Gallery,SL
전주 여행,304,Cafe,SL
전주 여행,304,적당,XR
전주 여행,304,여유,NNG
전주 여행,304,로움,XSA+ETN
전주 여행,304,즐기,VV
전주 여행,304,아침,NNG
전주 여행,304,지만,EC
전주 여행,304,이제,NNG
전주 여행,304,사라진,VV+ETM
전주 여행,304,카페,NNG
전주 여행,304,햇살,NNG
전주 여행,304,따사,XR
전주 여행,304,로운,XSA+ETM
전주 여행,304,아침,NNG
전주 여행,304,적당히,MAG
전주 여행,304,허기,NNG
전주 여행,305,다시,MAG
전주 여행,305,2017,SN
전주 여행,305,11,SN
전주 여행,305,결혼식,NNG
전주 여행,305,방문,NNG
전주 여행,305,위하,VV
전주 여행,305,울긋불긋,MAG
전주 여행,305,단풍,NNG
전주 여행,305,예쁜,VA+ETM
전주 여행,305,풍경,NNG
전주 여행,305,가득,MAG
전주 여행,305,다시,MAG
전주 여행,305,오랜만,NNG
전주 여행,305,얼굴,NNG
전주 여행,305,항상,MAG
전주 여행,305,얼굴,NNG
전주 여행,305,행복,NNG
전주 여행,306,낭만,NNG
전주 여행,306,cafe,SL
전주 여행,306,Dal,SL
전주 여행,306,STORY,SL
전주 여행,306,카페,NNG
전주 여행,306,이야기,NNG
전주 여행,306,낭만,NNG
전주 여행,306,cafe,SL
전주 여행,306,Dal,SL
전주 여행,306,STORY,SL
전주 여행,306,카페,NNG
전주 여행,306,한옥마을,NNP
전주 여행,306,Jeonju,SL
전주 여행,306,Hanok,SL
전주 여행,306,Village,SL
전주 여행,306,cafe,SL
전주 여행,306,Dal,SL
전주 여행,306,STORY,SL
전주 여행,306,카페,NNG
전주 여행,306,이야기,NNG
전주 여행,306,063,SN
전주 여행,306,288,SN
전주 여행,306,8886,SN
전주 여행,306,전북,NNP
전주 여행,306,완산구,NNP
전주 여행,306,최명희,NNP
전주 여행,306,20,SN
전주 여행,306,풍남동,NNP
전주 여행,306,47,SN
전주 여행,306,도착,NNG
전주 여행,306,저녁,NNG
전주 여행,307,에서,JKB
전주 여행,307,만난,VV+ETM
전주 여행,307,코파,NNP
전주 여행,307,에서,JKB
전주 여행,307,만단,NNG
전주 여행,307,코파,NNP
전주 여행,307,네요,EF
전주 여행,307,이쁘,VA
전주 여행,307,부드럽,VA
전주 여행,307,맛있,VA
전주 여행,307,네요,EF
전주 여행,307,선물,NNG
전주 여행,307,으로,JKB
전주 여행,307,괜찬하요,UNKNOWN
전주 여행,308,전북,NNP
전주 여행,308,김제,NNP
전주 여행,308,김제,NNP
전주 여행,308,아래,NNG
전주 여행,308,예전,NNG
전주 여행,308,다녀온,VV+ETM
전주 여행,308,코스,NNG
전주 여행,308,입니다,VCP+EF
전주 여행,308,사실,MAG
전주 여행,308,이때,NNG
전주 여행,308,다녀온,VV+ETM
전주 여행,308,계획,NNG
전주 여행,308,도움,NNG
전주 여행,308,습니다,EF
전주 여행,308,한옥마을,NNP
전주 여행,308,비롯,XR
전주 여행,308,해서,XSA+EC
전주 여행,308,다양,XR
전주 여행,308,관광지,NNG
전주 여행,308,으니,EC
전주 여행,308,참고,NNG
전주 여행,308,습니다,EF
전주 여행,309,알라딘,NNP
전주 여행,309,즐거워지,VV
전주 여행,309,레시피,NNG
전주 여행,309,Happy,SL
전주 여행,309,Travel,SL
전주 여행,309,김주미,NNP
전주 여행,309,지음,NNG
전주 여행,309,즐거운,VA+ETM
전주 여행,309,상상,NNG
전주 여행,309,2013,SN
전주 여행,309,평점,NNG
전주 여행,309,구판,NNG
전주 여행,309,절판,NNG
전주 여행,309,지난,VV+ETM
전주 여행,309,주말,NNG
전주 여행,309,다녀온,VV+ETM
전주 여행,309,더욱,MAG
전주 여행,309,즐겁,VA
전주 여행,309,만들,VV
전주 여행,309,바로,MAG
전주 여행,309,레시피,NNG
전주 여행,309,나온,VV+ETM
전주 여행,309,명소,NNG
전주 여행,310,10,SN
전주 여행,310,한옥마을,NNP
전주 여행,310,그리고,MAJ
전주 여행,310,경기전,NNG
전주 여행,310,10,SN
전주 여행,310,한옥마을,NNP
전주 여행,310,그리고,MAJ
전주 여행,310,경기전,NNG
전주 여행,310,2011,SN
전주 여행,310,02,SN
전주 여행,310,17,SN
전주 여행,310,06,SN
전주 여행,310,48,SN
전주 여행,310,Hobby,SL
전주 여행,310,Journey,SL
전주 여행,310,작성자,NNG
전주 여행,310,니아,EC
전주 여행,310,https,SL
전주 여행,310,www,SL
전주 여행,310,chamchamtrip,SL
전주 여행,310,com,SL
전주 여행,310,광고,NNG
전주 여행,310,누구,NP
전주 여행,310,즐거운,VA+ETM
전주 여행,310,농촌,NNG
전주 여행,310,참참,NNG
전주 여행,310,단체,NNG
전주 여행,310,숙박,NNG
전주 여행,310,부터,JX
전주 여행,310,이색,NNG
전주 여행,310,체험,NNG
전주 여행,310,까지,JX
전주 여행,310,완비,NNG
전주 여행,311,광장,NNG
전주 여행,311,식당,NNG
전주 여행,311,오래,MAG
전주 여행,311,맛집,NNG
전주 여행,311,거리,NNG
전주 여행,311,백반,NNG
전주 여행,311,오래,MAG
전주 여행,311,맛집,NNG
전주 여행,311,거리,NNG
전주 여행,311,반집,NNG
전주 여행,311,추천,NNG
전주 여행,311,광장,NNG
전주 여행,311,식당,NNG
전주 여행,311,이번,NNG
전주 여행,311,에서,JKB
전주 여행,311,마지막,NNG
전주 여행,311,으로,JKB
전주 여행,311,방문,NNG
전주 여행,311,광장,NNG
전주 여행,311,식당,NNG
전주 여행,311,입니다,VCP+EF
전주 여행,311,이곳,NP
전주 여행,311,광장,NNG
전주 여행,311,식당,NNG
전주 여행,311,시청,NNG
전주 여행,311,근처,NNG
전주 여행,311,백반,NNG
전주 여행,311,으로,JKB
전주 여행,311,오랫동안,NNG
전주 여행,311,사랑,NNG
전주 여행,311,맛집,NNG
전주 여행,312,전라북도,NNP
전주 여행,312,남부,NNG
전주 여행,312,시장,NNG
전주 여행,312,남부,NNG
전주 여행,312,시장,NNG
전주 여행,312,야시장,NNG
전주 여행,312,먹거리,NNG
전주 여행,312,남부,NNG
전주 여행,312,시장,NNG
전주 여행,312,한옥마을,NNP
전주 여행,312,가까이,MAG
전주 여행,312,어서,EC
전주 여행,312,한옥마을,NNP
전주 여행,312,들리,VV
전주 여행,312,주말,NNG
전주 여행,312,야간,NNG
전주 여행,312,사람,NNG
전주 여행,312,명소,NNG
전주 여행,312,하나,NR
전주 여행,312,특히,MAG
전주 여행,312,토요일,NNG
전주 여행,312,열리,VV
전주 여행,312,남부,NNG
전주 여행,312,시장,NNG
전주 여행,312,야시장,NNG
전주 여행,312,삼겹살,NNG
전주 여행,312,김밥,NNG
전주 여행,312,소고기,NNG
전주 여행,313,바람짝,NNG
전주 여행,313,맛집,NNG
전주 여행,313,백반,NNG
전주 여행,313,한정식,NNG
전주 여행,313,전문,NNG
전주 여행,313,한국,NNP
전주 여행,313,식당,NNG
전주 여행,313,바람짝,NNG
전주 여행,313,맛집,NNG
전주 여행,313,백반,NNG
전주 여행,313,한정식,NNG
전주 여행,313,전문,NNG
전주 여행,313,한국,NNP
전주 여행,313,식당,NNG
전주 여행,313,일시,NNG
전주 여행,313,2012,SN
전주 여행,313,03,SN
전주 여행,313,04,SN
전주 여행,313,작성자,NNG
전주 여행,313,바람짝,NNG
전주 여행,313,요리사,NNG
전주 여행,313,지역,NNG
전주 여행,313,맛집,NNG
전주 여행,313,탐방,NNG
전주 여행,313,습니다,EF
전주 여행,313,착한,VA+ETM
전주 여행,313,가격,NNG
전주 여행,313,지인,NNG
전주 여행,313,입소문,NNG
전주 여행,313,통하,VV
전주 여행,314,서울,NNP
전주 여행,314,오리,NNG
전주 여행,314,과자점,NNG
전주 여행,314,객사,NNG
전주 여행,314,한옥마을,NNP
전주 여행,314,서울,NNP
전주 여행,314,오리,NNG
전주 여행,314,과자점,NNG
전주 여행,314,객사,NNG
전주 여행,314,한옥마을,NNP
전주 여행,314,일몽,NNG
전주 여행,314,남노,NNG
전주 여행,314,갈비,NNG
전주 여행,314,고자,NNG
전주 여행,314,퇴근,NNG
전주 여행,314,바로,MAG
전주 여행,314,광주,NNP
전주 여행,314,에서,JKB
전주 여행,314,까지,JX
전주 여행,314,시간,NNG
전주 여행,314,락말락,EC
전주 여행,314,한데,VX+EC
전주 여행,314,우산,NNG
전주 여행,314,어서,EC
전주 여행,314,불안,NNG
전주 여행,314,불안,NNG
전주 여행,314,친구,NNG
전주 여행,314,만나,VV
전주 여행,314,숙소,NNG
전주 여행,315,전북,NNP
전주 여행,315,천리,NNG
전주 여행,315,한옥마을,NNP
전주 여행,315,둘레길,NNP
전주 여행,315,포함,NNG
전주 여행,315,해서,XSV+EC
전주 여행,315,전라북도,NNP
전주 여행,315,각지,NNG
전주 여행,315,볼거리,NNG
전주 여행,315,먹거리,NNG
전주 여행,315,동안,NNG
전주 여행,315,체험,NNG
전주 여행,315,어서,EC
전주 여행,315,혹은,MAJ
전주 여행,315,전북,NNP
전주 여행,315,계획,NNG
전주 여행,315,라면,EC
전주 여행,315,도움,NNG
전주 여행,315,후기,NNG
전주 여행,315,입니다,VCP+EF
전주 여행,315,전라북도,NNP
전주 여행,315,후기,NNG
전주 여행,315,전북,NNP
전주 여행,315,30,SN
전주 여행,315,요약,NNG
전주 여행,315,정리,NNG
전주 여행,316,여름,NNG
전주 여행,316,떠난,VV+ETM
전주 여행,316,With,SL
전주 여행,316,Mom,SL
전주 여행,316,한옥,NNG
전주 여행,316,마을,NNG
전주 여행,316,주차장,NNG
전주 여행,316,정보,NNG
전주 여행,316,상세,NNG
전주 여행,316,한옥마을,NNP
전주 여행,316,한옥마을,NNP
전주 여행,316,소개,NNG
전주 여행,316,체험,NNG
전주 여행,316,콘텐츠,NNG
전주 여행,316,문화,NNG
전주 여행,316,공연,NNG
전주 여행,316,행사,NNG
전주 여행,316,한옥마을,NNP
전주 여행,316,사진,NNG
전주 여행,316,문화,NNG
전주 여행,316,시설,NNG
전주 여행,316,문화,NNG
전주 여행,316,시설,NNG
전주 여행,316,유적지,NNG
전주 여행,316,이색,NNG
전주 여행,316,공간,NNG
전주 여행,316,전통,NNG
전주 여행,316,공예,NNG
전주 여행,316,생활,NNG
전주 여행,316,공예,NNG
전주 여행,316,액세서리,NNG
전주 여행,316,예술,NNG
전주 여행,316,공예,NNG
전주 여행,316,그리고,MAJ
전주 여행,316,체험,NNG
전주 여행,317,전동성당,NNP
전주 여행,317,입장,NNG
전주 여행,317,시간,NNG
전주 여행,317,오늘,NNG
전주 여행,317,소개,NNG
전주 여행,317,한옥마을,NNP
전주 여행,317,빼놓,VV
전주 여행,317,명소,NNG
전주 여행,317,전동성당,NNP
전주 여행,317,입니다,VCP+EF
전주 여행,317,너무,MAG
전주 여행,317,아름다운,VA+ETM
전주 여행,317,모습,NNG
전주 여행,317,구요,EF
전주 여행,317,288,SN
전주 여행,317,지정,NNG
전주 여행,317,다고,EC
전주 여행,317,합니다,VV+EF
전주 여행,317,그리고,MAJ
전주 여행,317,입장,NNG
전주 여행,317,시간,NNG
전주 여행,317,다녀와야,VV+EC
전주 여행,318,맛집,NNG
전주 여행,318,교동,NNP
전주 여행,318,시래,NNP
전주 여행,318,시래기,NNG
전주 여행,318,국밥,NNG
전주 여행,318,전문점,NNG
전주 여행,318,옥마,NNP
전주 여행,318,맛집,NNG
전주 여행,318,교동,NNP
전주 여행,318,시래,NNP
전주 여행,318,시래기,NNG
전주 여행,318,국밥,NNG
전주 여행,318,전문점,NNG
전주 여행,318,한옥마을,NNP
전주 여행,318,맛집,NNG
전주 여행,318,한옥마을,NNP
전주 여행,318,아침,NNG
전주 여행,318,식사,NNG
전주 여행,318,시래기,NNG
전주 여행,318,국밥,NNG
전주 여행,318,한옥,NNG
전주 여행,318,마을,NNG
전주 여행,318,에서,JKB
전주 여행,318,아침,NNG
전주 여행,318,11,SN
전주 여행,318,시각,NNG
전주 여행,318,인데,VCP+EC
전주 여행,318,아침,NNG
전주 여행,318,식사,NNG
전주 여행,318,가능,NNG
전주 여행,318,식당,NNG
전주 여행,319,171216,SN
전주 여행,319,17,SN
전주 여행,319,국내,NNG
전주 여행,319,171216,SN
전주 여행,319,17,SN
전주 여행,319,네오,NNP
전주 여행,319,2018,SN
전주 여행,319,10,SN
전주 여행,319,11,SN
전주 여행,319,간식,NNG
전주 여행,319,추억,NNG
전주 여행,319,가게,NNG
전주 여행,319,구경,NNG
전주 여행,319,카카오,NNG
전주 여행,319,캐릭터,NNG
전주 여행,319,달고나,NNP
전주 여행,319,불량,NNG
전주 여행,319,식품,NNG
전주 여행,319,가지,VX
전주 여행,319,나왔,VV+EP
전주 여행,319,여기,NP
전주 여행,319,완자,NNG
전주 여행,319,꼬치,NNG
전주 여행,319,체다,NNP
전주 여행,319,치즈,NNG
전주 여행,319,완자,NNG
전주 여행,319,꼬치,NNG
전주 여행,319,사고,NNG
전주 여행,320,풍년제,NNP
전주 여행,320,수제,NNG
전주 여행,320,초코파이,NNP
전주 여행,320,Poongnyun,SL
전주 여행,320,Bakery,SL
전주 여행,320,PNB,SL
전주 여행,320,Bakery,SL
전주 여행,320,Choco,SL
전주 여행,320,Pie,SL
전주 여행,320,에서,JKB
전주 여행,320,봐야,VX+EC
전주 여행,320,초코파이,NNP
전주 여행,320,풍년제,NNP
전주 여행,320,Jeonju,SL
전주 여행,320,Hanok,SL
전주 여행,320,Village,SL
전주 여행,320,PNB,SL
전주 여행,320,Bakery,SL
전주 여행,320,Poongnyun,SL
전주 여행,320,Bakery,SL
전주 여행,320,in,SL
전주 여행,320,Jeonju,SL
전주 여행,320,si,SL
전주 여행,320,우리,NP
전주 여행,320,만든,VV+ETM
전주 여행,320,달달,MAG
전주 여행,320,초코파이,NNP
전주 여행,320,어머,IC
전주 여행,320,이건,NP+JX
전주 여행,320,어야,EC
전주 여행,320,한옥,NNG
전주 여행,320,마을,NNG
전주 여행,320,에서,JKB
전주 여행,320,여럿,NNG
전주 여행,320,보이,VV
전주 여행,321,알라딘,NNP
전주 여행,321,100,SN
전주 여행,321,자평,NNG
전주 여행,321,레시피,NNG
전주 여행,321,레시피,NNG
전주 여행,321,Happy,SL
전주 여행,321,Travel,SL
전주 여행,321,김주미,NNP
전주 여행,321,지음,NNG
전주 여행,321,즐거운,VA+ETM
전주 여행,321,상상,NNG
전주 여행,321,2013,SN
전주 여행,321,평점,NNG
전주 여행,321,구판,NNG
전주 여행,321,절판,NNG
전주 여행,321,처음,NNG
전주 여행,321,되게,MAG
전주 여행,321,아기자기,MAG
전주 여행,321,해서,VV+EC
전주 여행,321,기대,NNG
전주 여행,321,는데,EC
전주 여행,321,직접,MAG
전주 여행,321,되게,MAG
전주 여행,321,편집,NNG
전주 여행,321,너무,MAG
전주 여행,321,조잡,XR
전주 여행,322,한잔,NNG
전주 여행,322,분위기,NNG
전주 여행,322,구일집,NNP
전주 여행,322,맛집,NNG
전주 여행,322,한옥,NNG
전주 여행,322,한잔,NNG
전주 여행,322,분위기,NNG
전주 여행,322,구일집,NNP
전주 여행,322,Jeonju,SL
전주 여행,322,Hanok,SL
전주 여행,322,Village,SL
전주 여행,322,밥집,NNG
전주 여행,322,술집,NNG
전주 여행,322,일단,MAG
전주 여행,322,맛있,VA
전주 여행,322,으면,EC
전주 여행,322,그걸로,NP+JKB
전주 여행,322,충분,XR
전주 여행,322,한옥마을,NNP
전주 여행,322,맛집,NNG
전주 여행,322,목대,NNG
전주 여행,322,에서,JKB
전주 여행,322,내려와,VV+EC
전주 여행,322,점심,NNG
전주 여행,322,고자,EC
전주 여행,322,이곳저곳,NNG
전주 여행,322,돌아다니,VV
전주 여행,322,발견,NNG
전주 여행,323,짜장,MAG
전주 여행,323,맛집,NNG
전주 여행,323,수정관,NNG
전주 여행,323,짜장,MAG
전주 여행,323,강추,NNG
전주 여행,323,먹여,VV+EC
전주 여행,323,줄께,VX+EC
전주 여행,323,중화요리,NNG
전주 여행,323,입니다,VCP+EF
전주 여행,323,인터넷,NNG
전주 여행,323,데프콘,NNP
전주 여행,323,짜장,MAG
전주 여행,323,으로,JKB
전주 여행,323,유명,XR
전주 여행,323,더라고요,EF
전주 여행,323,솔직히,MAG
전주 여행,323,짜장,MAG
전주 여행,323,어디,NP
전주 여행,323,어도,EC
전주 여행,323,배신,NNG
전주 여행,323,없이,MAG
전주 여행,323,맛있,VA
전주 여행,323,습니다,EF
전주 여행,323,여긴,NP+JX
전주 여행,324,브런치,NNP
전주 여행,324,찾아간,VV+ETM
전주 여행,324,예쁜,VA+ETM
전주 여행,324,카페,NNG
전주 여행,324,투리,NNG
전주 여행,324,스타,NNG
전주 여행,324,turista,SL
전주 여행,324,마지막,NNG
전주 여행,324,오전,NNG
전주 여행,324,부터,JX
전주 여행,324,브런치,NNP
전주 여행,324,너무,MAG
전주 여행,324,아쉽,VA
전주 여행,324,브런치,NNP
전주 여행,324,카페,NNP
전주 여행,324,거의,MAG
전주 여행,324,으나,EC
전주 여행,324,폭풍,NNG
전주 여행,324,검색,NNG
전주 여행,324,으로,JKB
전주 여행,324,찾아낸,VV+ETM
전주 여행,324,브런치,NNP
전주 여행,324,카페,NNG
전주 여행,324,투리,NNG
전주 여행,324,스타,NNG
전주 여행,324,한옥,NNG
전주 여행,324,마을,NNG
전주 여행,324,근처,NNG
전주 여행,324,호텔,NNG
전주 여행,324,아래,NNG
전주 여행,324,한적,XR
전주 여행,324,카페,NNG
전주 여행,325,2020,SN
전주 여행,325,08,SN
전주 여행,325,22,SN
전주 여행,325,23,SN
전주 여행,325,다녀왔,VV+EP
전주 여행,325,마이산,NNP
전주 여행,325,휴게소,NNG
전주 여행,325,에서,JKB
전주 여행,325,마이산,NNP
전주 여행,325,배경,NNG
전주 여행,325,으로,JKB
전주 여행,325,덕진,NNP
전주 여행,325,공원,NNG
전주 여행,325,에서,JKB
전주 여행,325,연꽃,NNG
전주 여행,325,텐데,NNB+VCP+EC
전주 여행,325,연꽃,NNG
전주 여행,325,다져서,VV+EC
전주 여행,325,아쉬웠,VV+EP
전주 여행,325,약한,VA+ETM
전주 여행,325,영화,NNG
전주 여행,325,호텔,NNG
전주 여행,325,체크인,NNG
전주 여행,325,맛집,NNG
전주 여행,325,한국,NNP
전주 여행,325,에서,JKB
전주 여행,326,봐야,VX+EC
전주 여행,326,비빔밥,NNG
전주 여행,326,맛집,NNG
전주 여행,326,가족,NNG
전주 여행,326,회관,NNG
전주 여행,326,봐야,VX+EC
전주 여행,326,비빔밥,NNG
전주 여행,326,맛집,NNG
전주 여행,326,가족,NNG
전주 여행,326,회관,NNG
전주 여행,326,상담,NNG
전주 여행,326,다가,EC
전주 여행,326,계신,VV+ETM
전주 여행,326,팀원,NNG
전주 여행,326,합류,NNG
전주 여행,326,해서,XSV+EC
전주 여행,326,저녁,NNG
전주 여행,326,으러,EC
전주 여행,326,비빔밥,NNG
전주 여행,326,는데,EC
전주 여행,326,맛집,NNG
전주 여행,326,추천,NNG
전주 여행,326,셔서,EP+EC
전주 여행,326,고고씽,NNP
전주 여행,327,생선,NNG
전주 여행,327,구이,NNG
전주 여행,327,본가,NNG
전주 여행,327,조기,NNG
전주 여행,327,매운탕,NNG
전주 여행,327,겸사겸사,MAG
전주 여행,327,도착,NNG
전주 여행,327,해서,XSV+EC
전주 여행,327,조기,NNG
전주 여행,327,매운탕,NNG
전주 여행,327,너무,MAG
전주 여행,327,어서,EC
전주 여행,327,검색,NNG
전주 여행,327,해서,XSV+EC
전주 여행,327,찾아간,VV+ETM
전주 여행,327,생선,NNG
전주 여행,327,바로,MAG
전주 여행,327,주차장,NNG
전주 여행,327,아주,MAG
전주 여행,327,식사,NNG
전주 여행,327,아니,VCN
전주 여행,327,널널,XR
전주 여행,327,실내,NNG
전주 여행,327,단정,XR
전주 여행,327,깨끗,XR
전주 여행,328,맛집,NNG
전주 여행,328,전북,NNP
전주 여행,328,도청,NNG
전주 여행,328,연남,NNG
전주 여행,328,갈비,NNG
전주 여행,328,추천,NNG
전주 여행,328,맛집,NNG
전주 여행,328,굉장히,MAG
전주 여행,328,은데,EC
전주 여행,328,면서,EC
전주 여행,328,연남,NNG
전주 여행,328,갈비,NNG
전주 여행,328,으러,EC
전주 여행,328,전북,NNP
전주 여행,328,도청,NNG
전주 여행,328,근처,NNG
전주 여행,328,처럼,JKB
전주 여행,328,쌓인,VV+ETM
전주 여행,328,갈비,NNG
전주 여행,328,태극기,NNG
전주 여행,328,꽂혀,VV+EC
전주 여행,328,너무,MAG
전주 여행,328,귀엽,VA
전주 여행,328,갈비,NNG
전주 여행,328,올라가,VV+EC
전주 여행,328,는데,EC
전주 여행,328,너무,MAG
전주 여행,328,부드럽,VA
전주 여행,329,맛집,NNG
전주 여행,329,이야기,NNG
전주 여행,329,개인,NNG
전주 여행,329,으로,JKB
전주 여행,329,가게,NNG
전주 여행,329,된다면,XSV+EC
전주 여행,329,농가,NNG
전주 여행,329,레스토랑,NNG
전주 여행,329,다시,MAG
전주 여행,329,방문,NNG
전주 여행,329,맛집,NNG
전주 여행,329,으로,JKB
전주 여행,329,추천,NNG
전주 여행,329,드리,VX
전주 여행,329,메뉴,NNG
전주 여행,329,후식,NNG
전주 여행,329,요렇게,MAG
전주 여행,329,깔끔,XR
전주 여행,329,간단히,MAG
전주 여행,329,사실,MAG
전주 여행,329,반찬,NNG
전주 여행,329,많이,MAG
전주 여행,329,어서,EC
전주 여행,329,엄청,MAG
전주 여행,329,불렀,VV+EP
전주 여행,329,마음,NNG
전주 여행,329,아서,EC
전주 여행,330,먹거리,NNG
전주 여행,330,콩나물국,NNG
전주 여행,330,맛집,NNG
전주 여행,330,오래,MAG
전주 여행,330,한국인,NNG
전주 여행,330,사랑,NNG
전주 여행,330,오래,NNG
전주 여행,330,한식당,NNG
전주 여행,330,100,SN
전주 여행,330,농림,NNG
전주 여행,330,수산,NNG
전주 여행,330,식품,NNG
전주 여행,330,한식재단,NNP
전주 여행,330,선정,NNG
전주 여행,330,그러,VV
전주 여행,330,맛있,VA
전주 여행,330,먹거리,NNG
전주 여행,330,많이,MAG
전주 여행,330,구요,EF
전주 여행,330,추억,NNG
전주 여행,330,많이,MAG
전주 여행,330,남기,VV
전주 여행,330,바라,VV
전주 여행,330,습니다,EF
전주 여행,331,한옥마을,NNP
전주 여행,331,에서,JKB
전주 여행,331,들려,VV+EC
전주 여행,331,아야,EC
전주 여행,331,산책,NNG
전주 여행,331,코스,NNG
전주 여행,331,일차,NNG
전주 여행,331,다가,EC
전주 여행,331,팔자,NNG
전주 여행,331,보너스,NNG
전주 여행,331,시간,NNG
전주 여행,331,이투,NNG
전주 여행,331,케이,NNG
전주 여행,331,에게,JKB
전주 여행,331,주어지,VV
전주 여행,331,이투,NNG
전주 여행,331,케이,NNG
전주 여행,331,에게,JKB
전주 여행,331,주어진,VV+ETM
전주 여행,331,시간,NNG
전주 여행,331,달랑,MAG
전주 여행,331,시간,NNG
전주 여행,331,30,SN
전주 여행,331,산책,NNG
전주 여행,331,시간,NNG
전주 여행,331,투자,NNG
전주 여행,331,백화점,NNG
전주 여행,331,부근,NNG
전주 여행,331,에서,JKB
전주 여행,331,으로,JKB
전주 여행,332,친구,NNG
전주 여행,332,와서,VV+EC
전주 여행,332,한옥마을,NNP
전주 여행,332,텐가,NNB+VCP+EC
전주 여행,332,한옥,NNP
전주 여행,332,일바,NNP
전주 여행,332,새로운,VA+ETM
전주 여행,332,길거리,NNG
전주 여행,332,한옥,NNP
전주 여행,332,레일바이크,NNP
전주 여행,332,사랑,NNG
전주 여행,332,연인,NNG
전주 여행,332,한옥,NNG
전주 여행,332,마을,NNG
전주 여행,332,에서,JKB
전주 여행,332,한복,NNG
전주 여행,332,데이트,NNG
전주 여행,332,즐기,VV
전주 여행,332,다시,MAG
전주 여행,332,아중역,NNP
전주 여행,332,에서,JKB
전주 여행,332,한옥,NNP
전주 여행,332,레일바이크,NNP
전주 여행,332,같이,MAG
전주 여행,332,본다면,VX+EC
전주 여행,332,영원,NNG
전주 여행,332,추억,NNG
전주 여행,332,대한,VV+ETM
전주 여행,333,마전,NNG
전주 여행,333,고분군,NNP
전주 여행,333,서부,NNG
전주 여행,333,신시가지,NNG
전주 여행,333,문학,NNG
전주 여행,333,문화,NNG
전주 여행,333,공간,NNG
전주 여행,333,으로,JKB
전주 여행,333,조성,NNG
전주 여행,333,고분군,NNP
전주 여행,333,모여,VV+EC
전주 여행,333,에서,JKB
전주 여행,333,들려,VV+EC
전주 여행,333,봐야,VX+EC
전주 여행,333,공원,NNG
전주 여행,333,으로,JKB
전주 여행,333,오르,VV
전주 여행,333,오른쪽,NNG
전주 여행,333,계단,NNG
전주 여행,333,으로,JKB
전주 여행,333,입구,NNG
전주 여행,333,바로,MAG
전주 여행,333,이씨,IC
전주 여행,333,조선,NNP
전주 여행,333,이씨,IC
전주 여행,333,문종,NNG
전주 여행,334,알라딘,NNP
전주 여행,334,100,SN
전주 여행,334,자평,NNG
전주 여행,334,레시피,NNG
전주 여행,334,레시피,NNG
전주 여행,334,Happy,SL
전주 여행,334,Travel,SL
전주 여행,334,김주미,NNP
전주 여행,334,지음,NNG
전주 여행,334,즐거운,VA+ETM
전주 여행,334,상상,NNG
전주 여행,334,2013,SN
전주 여행,334,평점,NNG
전주 여행,334,구판,NNG
전주 여행,334,절판,NNG
전주 여행,334,다녀오,VV
전주 여행,334,구입,NNG
전주 여행,334,편집,NNG
전주 여행,334,깔끔,XR
전주 여행,335,일제,NNG
전주 여행,335,강점기,NNG
전주 여행,335,아픈,VA+ETM
전주 여행,335,역사,NNG
전주 여행,335,흔적,NNG
전주 여행,335,역사,NNG
전주 여행,335,공원,NNG
전주 여행,335,다가,EC
전주 여행,335,공원,NNG
전주 여행,335,완산,NNP
전주 여행,335,오래,NNG
전주 여행,335,역사,NNG
전주 여행,335,공원,NNG
전주 여행,335,그러나,MAJ
전주 여행,335,슬픈,VA+ETM
전주 여행,335,아픈,VA+ETM
전주 여행,335,역사,NNG
전주 여행,335,지니,VV
전주 여행,335,공원,NNG
전주 여행,335,우뚝,MAG
전주 여행,335,다가산,NNG
전주 여행,335,정상,NNG
전주 여행,335,훤히,MAG
전주 여행,335,내려다,VV+EC
전주 여행,335,보이,VV
전주 여행,335,명단,NNG
전주 여행,335,명당,NNG
전주 여행,336,후백제,NNG
전주 여행,336,견훤,NNP
전주 여행,336,숨결,NNG
전주 여행,336,느낄,VV+ETM
전주 여행,336,승암,NNG
전주 여행,336,조선,NNP
전주 여행,336,왕조,NNG
전주 여행,336,본향,NNG
전주 여행,336,후백제,NNG
전주 여행,336,도읍지,NNG
전주 여행,336,후백제,NNG
전주 여행,336,견훤,NNP
전주 여행,336,숨결,NNG
전주 여행,336,느낄,VV+ETM
전주 여행,336,동고,NNG
전주 여행,336,동고,NNG
전주 여행,336,완산,NNP
전주 여행,336,그립,NNG
전주 여행,336,군아,NNG
전주 여행,336,유언,NNG
전주 여행,336,남기,VV
전주 여행,336,다는,ETM
전주 여행,336,견훤,NNP
전주 여행,336,도읍,NNG
전주 여행,336,정하,VV
전주 여행,336,사고사,NNG
전주 여행,337,조선,NNP
전주 여행,337,시대,NNG
전주 여행,337,별장,NNG
전주 여행,337,한옥마을,NNP
전주 여행,337,임실,NNP
전주 여행,337,슬치,NNP
전주 여행,337,고개,NNG
전주 여행,337,에서,JKB
전주 여행,337,발원,NNG
전주 여행,337,당과,NNG
전주 여행,337,만나,VV+EC
전주 여행,337,아름다운,VA+ETM
전주 여행,337,경관,NNG
전주 여행,337,만들,VV
전주 여행,337,하나,NR
전주 여행,337,조선,NNP
전주 여행,337,개국,NNG
전주 여행,337,도운,VV+ETM
전주 여행,337,공신,NNG
전주 여행,337,집현전,NNG
전주 여행,337,직제학,NNG
전주 여행,337,지낸,VV+ETM
전주 여행,337,월당,NNG
전주 여행,337,선생,NNG
전주 여행,337,태조,NNG
전주 여행,338,아중,NNG
전주 여행,338,호숫가,NNG
전주 여행,338,소공원,NNG
전주 여행,338,호동,NNG
전주 여행,338,어린이,NNG
전주 여행,338,공원,NNG
전주 여행,338,호동,NNG
전주 여행,338,시민,NNG
전주 여행,338,누구,NP
전주 여행,338,이름,NNG
전주 여행,338,예전,NNG
전주 여행,338,쓰래,NNG
전주 여행,338,매립장,NNG
전주 여행,338,지금,MAG
전주 여행,338,호공,NNP
전주 여행,338,들렸,VV+EP
전주 여행,338,다가,EC
전주 여행,338,오후,NNG
전주 여행,338,시간,NNG
전주 여행,338,시간,NNG
전주 여행,338,들려,VV+EC
전주 여행,338,아중,NNG
전주 여행,338,호수,NNG
전주 여행,338,중리,NNG
전주 여행,338,레일바이크,NNP
전주 여행,338,그리고,MAJ
전주 여행,339,완산,NNP
전주 여행,339,칠봉,NNG
전주 여행,339,도심,NNG
전주 여행,339,하늘,NNG
전주 여행,339,정원,NNG
전주 여행,339,완산,NNP
전주 여행,339,공원,NNG
전주 여행,339,완산,NNP
전주 여행,339,공원,NNG
전주 여행,339,완산,NNP
전주 여행,339,공원,NNG
전주 여행,339,꽃동산,NNG
전주 여행,339,완산,NNP
전주 여행,339,칠봉,NNG
전주 여행,339,도심,NNG
전주 여행,339,공원,NNG
전주 여행,339,후백제,NNG
전주 여행,339,도읍지,NNG
전주 여행,339,조선,NNP
전주 여행,339,왕조,NNG
전주 여행,339,본향,NNG
전주 여행,339,대표,NNG
전주 여행,339,완산,NNP
전주 여행,339,칠봉,NNG
전주 여행,339,완산,NNP
전주 여행,339,고원,NNP
전주 여행,339,꽃동산,NNG
전주 여행,339,시립,NNG
전주 여행,339,도서관,NNG
전주 여행,339,에서,JKB
전주 여행,339,하늘,NNG
전주 여행,340,에서,JKB
전주 여행,340,달랑,MAG
전주 여행,340,20,SN
전주 여행,340,산책,NNG
전주 여행,340,추억,NNG
전주 여행,340,일요일,NNG
전주 여행,340,오후,NNG
전주 여행,340,일차,NNG
전주 여행,340,다가,EC
전주 여행,340,팔자,NNG
전주 여행,340,보너스,NNG
전주 여행,340,시간,NNG
전주 여행,340,30,SN
전주 여행,340,이투,NNG
전주 여행,340,케이,NNG
전주 여행,340,에게,JKB
전주 여행,340,주어지,VV
전주 여행,340,트리,NNG
전주 여행,340,시간,NNG
전주 여행,340,보내,VV
전주 여행,340,안성맞춤,NNG
전주 여행,340,산책,NNG
전주 여행,340,시간,NNG
전주 여행,340,투자,NNG
전주 여행,341,친환경,NNG
전주 여행,341,생태,NNG
전주 여행,341,도시,NNG
전주 여행,341,에코,NNP
전주 여행,341,시티,NNG
전주 여행,341,자랑거리,NNG
전주 여행,341,병호,NNP
전주 여행,341,병공,NNG
전주 여행,341,에코,NNP
전주 여행,341,시티,NNG
전주 여행,341,조성,NNG
전주 여행,341,공원,NNG
전주 여행,341,한옥마을,NNP
전주 여행,341,에서,JKB
전주 여행,341,나아가,VV+EC
전주 여행,341,에서,JKB
전주 여행,341,들려,VV+EC
전주 여행,341,코스,NNG
전주 여행,341,이투,NNG
전주 여행,341,케이,NNG
전주 여행,341,손자,NNG
전주 여행,341,에코,NNP
전주 여행,341,시티,NNG
전주 여행,341,자주,MAG
전주 여행,341,들리,VV
전주 여행,341,세병,NNG
전주 여행,341,공원,NNG
전주 여행,342,180812,SN
전주 여행,342,아이,NNG
전주 여행,342,한옥,NNG
전주 여행,342,마을,NNG
전주 여행,342,으로,JKB
전주 여행,342,산책,NNG
전주 여행,342,군것질,NNG
전주 여행,342,함께,MAG
전주 여행,342,개인,NNG
전주 여행,342,으로,JKB
전주 여행,342,가장,MAG
전주 여행,342,만족,NNG
전주 여행,342,스러웠,XSA+EP
전주 여행,342,마약,NNG
전주 여행,342,육전,NNG
전주 여행,342,추억,NNG
전주 여행,342,남겨줄,VV+EC+VX+ETM
전주 여행,342,사진,NNG
전주 여행,342,조미료,NNG
전주 여행,342,위해,VV+EC
전주 여행,342,한복,NNG
전주 여행,342,대여,NNG
전주 여행,342,헤어,NNG
전주 여행,342,사진,NNG
전주 여행,342,세트,NNG
전주 여행,342,라고,VCP+EC
전주 여행,342,가족,NNG
전주 여행,342,한복,NNG
전주 여행,342,체험,NNG
전주 여행,342,시작,NNG
전주 여행,342,사진관,NNG
전주 여행,342,에서,JKB
전주 여행,342,사진,NNG
전주 여행,342,촬영,NNG
전주 여행,342,마을,NNG
전주 여행,342,투어,NNG
전주 여행,343,이씨,IC
전주 여행,343,조선,NNP
전주 여행,343,본향,NNG
전주 여행,343,한옥,NNG
전주 여행,343,마을,NNG
전주 여행,343,경기전,NNG
전주 여행,343,진박,NNG
전주 여행,343,이씨,IC
전주 여행,343,조선,NNP
전주 여행,343,본향,NNG
전주 여행,343,한옥마을,NNP
전주 여행,343,한옥마을,NNP
전주 여행,343,전국,NNG
전주 여행,343,에서,JKB
전주 여행,343,제일,MAG
전주 여행,343,유명,XR
전주 여행,343,한옥마을,NNP
전주 여행,343,한옥,NNG
전주 여행,343,마을,NNG
전주 여행,343,경기전,NNG
전주 여행,343,경기,NNG
전주 여행,343,전안,NNG
전주 여행,343,태조,NNP
전주 여행,343,이성계,NNP
전주 여행,343,어진,NNG
전주 여행,343,모시,VV
전주 여행,343,어진,NNG
전주 여행,344,조선왕조실록,NNP
전주 여행,344,피난,NNG
전주 여행,344,수난사,NNG
전주 여행,344,사고,NNG
전주 여행,344,사고,NNG
전주 여행,344,국보,NNG
전주 여행,344,151,SN
전주 여행,344,조선왕조실록,NNP
전주 여행,344,전하,VV
전주 여행,344,보관,NNG
전주 여행,344,위해,VV+EC
전주 여행,344,만들,VV
전주 여행,344,경기,NNG
전주 여행,344,전안,NNG
전주 여행,344,건물,NNG
전주 여행,344,사고,NNG
전주 여행,344,임진왜란,NNG
전주 여행,344,당시,NNG
전주 여행,344,조성,NNG
전주 여행,344,왕조,NNG
전주 여행,344,실록,NNG
전주 여행,344,피신,NNG
전주 여행,344,수난사,NNG
전주 여행,344,한눈,NNG
전주 여행,344,사고,NNG
전주 여행,345,연꽃,NNG
전주 여행,345,대한민국,NNP
전주 여행,345,연꽃,NNG
전주 여행,345,대표,NNG
전주 여행,345,관광지,NNG
전주 여행,345,덕진,NNP
전주 여행,345,공원,NNG
전주 여행,345,진연,NNG
전주 여행,345,201,SN
전주 여행,345,덕진,NNP
전주 여행,345,공원,NNG
전주 여행,345,코스,NNG
전주 여행,345,에서,JKB
전주 여행,345,빠트릴,VV+ETM
전주 여행,345,필수,NNG
전주 여행,345,코스,NNG
전주 여행,345,덕진,NNP
전주 여행,345,연못,NNG
전주 여행,345,연꽃,NNG
전주 여행,345,덕진,NNP
전주 여행,345,호수,NNG
전주 여행,345,가운데,NNG
전주 여행,345,가로지르,VV
전주 여행,345,현수교,NNG
전주 여행,345,연지,NNG
전주 여행,345,교등,NNG
전주 여행,345,주변,NNG
전주 여행,345,경관,NNG
전주 여행,345,무척,MAG
전주 여행,345,아름다워,VA+EC
전주 여행,345,사진,NNG
전주 여행,345,으면,EC
전주 여행,345,무척,MAG
전주 여행,345,아름답,VA
전주 여행,345,연꽃,NNG
전주 여행,346,후백제,NNG
전주 여행,346,숨결,NNG
전주 여행,346,방산,NNG
전주 여행,346,고사,EC
전주 여행,346,후백제,NNG
전주 여행,346,도읍지,NNG
전주 여행,346,후백제,NNG
전주 여행,346,견훤,NNP
전주 여행,346,숨결,NNG
전주 여행,346,느낄,VV+ETM
전주 여행,346,효자동,NNG
전주 여행,346,서곡,NNG
전주 여행,346,지구,NNG
전주 여행,346,방산,NNG
전주 여행,346,서고,NNG
전주 여행,346,완산,NNP
전주 여행,346,그립,NNG
전주 여행,346,군아,NNG
전주 여행,346,유언,NNG
전주 여행,346,남기,VV
전주 여행,346,다는,ETM
전주 여행,346,견훤,NNP
전주 여행,346,도읍,NNG
전주 여행,346,정하,VV
전주 여행,347,알라딘,NNP
전주 여행,347,언제,NNG
전주 여행,347,라도,VCP+EC
전주 여행,347,다음,NNG
전주 여행,347,어요,EF
전주 여행,347,가장,MAG
전주 여행,347,북카페,NNP
전주 여행,347,카프카,NNP
전주 여행,347,다음,NNG
전주 여행,347,다니,VV
전주 여행,347,면서,EC
전주 여행,347,해봐야,XSV+EC+VX+EC+VX
전주 여행,347,어요,EF
전주 여행,347,요즘,NNG
전주 여행,347,다아,EC
전주 여행,348,전동성당,NNP
전주 여행,348,초순,NNG
전주 여행,348,교지,NNG
전주 여행,348,한옥마을,NNP
전주 여행,348,필수,NNG
전주 여행,348,코스,NNG
전주 여행,348,함께,MAG
전주 여행,348,에서,JKB
전주 여행,348,들려,VV+EC
전주 여행,348,봐야,VX+EC
전주 여행,348,필수,NNG
전주 여행,348,코스,NNG
전주 여행,348,자주,MAG
전주 여행,348,그리고,MAJ
전주 여행,348,한옥마을,NNP
전주 여행,348,아내,NNG
전주 여행,348,남문,NNG
전주 여행,348,시장,NNG
전주 여행,348,에서,JKB
전주 여행,348,대국,NNG
전주 여행,348,그릇,NNG
전주 여행,348,한옥,NNG
전주 여행,348,마을,NNG
전주 여행,348,들린,VV+ETM
전주 여행,348,전동성당,NNP
전주 여행,348,자세히,MAG
전주 여행,348,둘러보,VV
전주 여행,349,완산,NNP
전주 여행,349,칠봉,NNG
전주 여행,349,생태,NNG
전주 여행,349,공원,NNG
전주 여행,349,완산,NNP
전주 여행,349,칠봉,NNG
전주 여행,349,생태,NNG
전주 여행,349,지원,NNG
전주 여행,349,완산,NNP
전주 여행,349,칠봉,NNG
전주 여행,349,생태,NNG
전주 여행,349,지원,NNG
전주 여행,349,완산,NNP
전주 여행,349,지명,NNG
전주 여행,349,이싸,NNP
전주 여행,349,조선,NNP
전주 여행,349,본향,NNG
전주 여행,349,후백제,NNG
전주 여행,349,도읍지,NNG
전주 여행,349,실제로,MAG
전주 여행,349,따라,VV+EC
전주 여행,349,산책,NNG
전주 여행,349,천변,NNG
전주 여행,349,산세,NNG
전주 여행,349,비경,NNG
전주 여행,349,완산,NNP
전주 여행,349,완산,NNP
전주 여행,349,칠봉,NNG
전주 여행,350,에코,NNP
전주 여행,350,시티,NNG
전주 여행,350,친환경,NNG
전주 여행,350,생태,NNG
전주 여행,350,공원,NNG
전주 여행,350,세병,NNG
전주 여행,350,공원,NNG
전주 여행,350,세병,NNG
전주 여행,350,한다는,VV+ETM
전주 여행,350,한다,VX+EC
전주 여행,350,공원,NNG
전주 여행,350,한옥마을,NNP
전주 여행,350,에서,JKB
전주 여행,350,나아가,VV+EC
전주 여행,350,에서,JKB
전주 여행,350,들려,VV+EC
전주 여행,350,코스,NNG
전주 여행,350,이투,NNG
전주 여행,350,케이,NNG
전주 여행,350,에코,NNP
전주 여행,350,시티,NNG
전주 여행,350,손자,NNG
전주 여행,350,자주,MAG
전주 여행,350,에코,NNP
전주 여행,350,시티,NNG
전주 여행,350,인데,VCP+EC
전주 여행,350,처음,NNG
전주 여행,350,으로,JKB
전주 여행,350,포스팅,NNP
전주 여행,350,한다,VV+EC
전주 여행,351,예향,NNG
전주 여행,351,도시,NNG
전주 여행,351,자랑거리,NNG
전주 여행,351,국립,NNG
전주 여행,351,무형,NNG
전주 여행,351,유산,NNG
전주 여행,351,박물관,NNG
전주 여행,351,예향,NNG
전주 여행,351,도시,NNG
전주 여행,351,무형,NNG
전주 여행,351,유산,NNG
전주 여행,351,박물관,NNG
전주 여행,351,자랑,NNG
전주 여행,351,스럽,XSA
전주 여행,351,어렴풋이,MAG
전주 여행,351,2013,SN
전주 여행,351,개관,NNG
전주 여행,351,자랑거리,NNG
전주 여행,351,시민,NNG
전주 여행,351,신나,VV
전주 여행,351,각종,NNG
전주 여행,351,무료,NNG
전주 여행,351,공연,NNG
전주 여행,351,계속,NNG
전주 여행,352,한옥마을,NNP
전주 여행,352,분위기,NNG
전주 여행,352,어울리,VV
전주 여행,352,한옥마을,NNP
전주 여행,352,부채,NNG
전주 여행,352,박물,NNG
전주 여행,352,한옥마을,NNP
전주 여행,352,부채,NNG
전주 여행,352,박물관,NNG
전주 여행,352,선조,NNG
전주 여행,352,지혜,NNG
전주 여행,352,담긴,VV+ETM
전주 여행,352,부채,NNG
전주 여행,352,모든,MM
전주 여행,352,한옥,NNG
전주 여행,352,마을,NNG
전주 여행,352,글자,NNG
전주 여행,352,그대로,MAG
전주 여행,352,조선,NNP
전주 여행,352,시대,NNG
전주 여행,352,부채,NNG
전주 여행,352,부터,JX
전주 여행,352,중국,NNP
전주 여행,352,일본,NNP
전주 여행,352,부채,NNG
전주 여행,352,까지,JX
전주 여행,352,모든,MM
전주 여행,352,부채,NNG
전주 여행,352,전시,NNG
전주 여행,352,부채,NNG
전주 여행,352,박물관,NNG
전주 여행,352,한옥마을,NNP
전주 여행,353,국내,NNG
전주 여행,353,최고,NNG
전주 여행,353,수준,NNG
전주 여행,353,복합,NNG
전주 여행,353,문화,NNG
전주 여행,353,예술,NNG
전주 여행,353,공간,NNG
전주 여행,353,한국,NNP
전주 여행,353,소리,NNG
전주 여행,353,문화,NNG
전주 여행,353,전북,NNP
전주 여행,353,에서,JKB
전주 여행,353,매년,MAG
전주 여행,353,개최,NNG
전주 여행,353,세계,NNG
전주 여행,353,소리,NNG
전주 여행,353,축제,NNG
전주 여행,353,열리,VV
전주 여행,353,한국,NNP
전주 여행,353,소리,NNG
전주 여행,353,문화,NNG
전주 여행,353,2001,SN
전주 여행,353,이다,NNP
전주 여행,353,자랑,NNG
전주 여행,353,전북,NNP
전주 여행,353,자랑,NNG
전주 여행,353,면적,NNG
전주 여행,353,30,SN
전주 여행,353,184,SN
전주 여행,353,건물,NNG
전주 여행,353,면적,NNG
전주 여행,353,11,SN
전주 여행,353,064,SN
전주 여행,353,이나,JX
전주 여행,353,대형,NNG
전주 여행,353,아트,NNG
전주 여행,353,센터,NNG
전주 여행,354,2014,SN
전주 여행,354,12,SN
전주 여행,354,14,SN
전주 여행,354,요일,NNG
전주 여행,354,코스,NNG
전주 여행,354,한옥마을,NNP
전주 여행,354,둘러보,VV
전주 여행,354,전통,NNG
전주 여행,354,비빔밥,NNG
전주 여행,354,시식,NNP
전주 여행,354,덕진,NNP
전주 여행,354,공원,NNG
전주 여행,354,유적지,NNG
전주 여행,354,저녁,NNG
전주 여행,354,으로,JKB
전주 여행,354,떡갈비,NNG
전주 여행,354,시식,NNG
전주 여행,355,덕진,NNP
전주 여행,355,호수,NNG
전주 여행,355,연화교,NNG
전주 여행,355,변신,NNG
전주 여행,355,덕진,NNP
전주 여행,355,공원,NNG
전주 여행,355,210425,SN
전주 여행,355,에서,JKB
전주 여행,355,홀로,MAG
전주 여행,355,덕진,NNP
전주 여행,355,공원,NNG
전주 여행,355,들려,VV+EC
전주 여행,355,연화교,NNG
전주 여행,355,덕진,NNP
전주 여행,355,공원,NNG
전주 여행,355,모습,NNG
전주 여행,355,어떤,MM
전주 여행,355,모습,NNG
전주 여행,355,일까,VCP+EC
전주 여행,355,연화교,NNG
전주 여행,355,어떤,MM
전주 여행,355,모습,NNG
전주 여행,355,으로,JKB
전주 여행,355,변신,NNG
전주 여행,355,을까,EC
전주 여행,355,궁금,XR
전주 여행,355,마음,NNG
전주 여행,355,으로,JKB
전주 여행,355,시간,NNG
전주 여행,355,자투리,NNG
전주 여행,356,2015,SN
전주 여행,356,01,SN
전주 여행,356,30,SN
전주 여행,356,한옥마을,NNP
전주 여행,356,야시장,NNG
전주 여행,356,남부,NNG
전주 여행,356,시장,NNG
전주 여행,356,청년,NNG
전주 여행,356,구경,NNG
전주 여행,356,2015,SN
전주 여행,356,01,SN
전주 여행,356,30,SN
전주 여행,356,한옥,NNP
전주 여행,356,스테이,NNP
전주 여행,356,태조,NNP
전주 여행,356,마루,NNP
전주 여행,356,한옥마을,NNP
전주 여행,356,먹거리,NNG
전주 여행,356,구경,NNG
전주 여행,356,http,SL
전주 여행,356,sweetcity,SL
전주 여행,356,tistory,SL
전주 여행,356,com,SL
전주 여행,356,1725,SN
전주 여행,356,사장,NNG
전주 여행,356,알려,VV+EC
전주 여행,356,야시장,NNG
전주 여행,356,구경,NNG
전주 여행,356,광화문,NNG
전주 여행,356,처럼,JKB
전주 여행,356,세월,NNG
전주 여행,356,천막,NNG
전주 여행,356,울컥,MAG
전주 여행,356,조명,NNG
전주 여행,356,멋진,VA+ETM
전주 여행,356,풍남문,NNG
전주 여행,357,대사습놀이,NNG
전주 여행,357,한옥마을,NNP
전주 여행,357,구경,NNG
전주 여행,357,맞추,VV
전주 여행,357,매년,MAG
전주 여행,357,열리,VV
전주 여행,357,전국,NNG
전주 여행,357,대회,NNG
전주 여행,357,판소리,NNG
전주 여행,357,명창,NNG
전주 여행,357,일반,NNG
전주 여행,357,농악,NNG
전주 여행,357,무용,NNG
전주 여행,357,기악,NNG
전주 여행,357,시조,NNG
전주 여행,357,민요,NNG
전주 여행,357,가야금,NNG
전주 여행,357,명창,NNG
전주 여행,357,궁도,NNG
전주 여행,357,명고,NNG
전주 여행,357,까지,JX
전주 여행,357,10,SN
전주 여행,357,부분,NNG
전주 여행,357,으로,JKB
전주 여행,357,치러,VV+EC
전주 여행,357,전국,NNG
전주 여행,357,경연,NNG
전주 여행,357,대회,NNG
전주 여행,357,대사습놀이,NNG
전주 여행,357,전국,NNG
전주 여행,357,대회,NNG
전주 여행,357,로서,JKB
전주 여행,357,무척,MAG
전주 여행,358,옛날,NNG
전주 여행,358,물건,NNG
전주 여행,358,모두,MAG
전주 여행,358,이곳,NP
전주 여행,358,전시,NNG
전주 여행,358,한옥마을,NNP
전주 여행,358,한옥마을,NNP
전주 여행,358,루이,NNP
전주 여행,358,엘모,NNG
전주 여행,358,자박,NNG
전주 여행,358,물관,NNG
전주 여행,358,바로,MAG
전주 여행,358,추억,NNG
전주 여행,358,박물관,NNG
전주 여행,358,건물,NNG
전주 여행,358,입장료,NNG
전주 여행,358,000,SN
전주 여행,358,전시,NNG
전주 여행,358,공간,NNG
전주 여행,358,전라북도,NNP
전주 여행,358,문화,NNG
전주 여행,358,예술,NNG
전주 여행,358,재단,NNG
전주 여행,358,어느,MM
전주 여행,358,지원,NNG
전주 여행,358,된다면,VV+EC
전주 여행,358,얼마나,MAG
전주 여행,358,을까,EC
전주 여행,358,생각,NNG
전주 여행,358,본다,VV+EC
전주 여행,359,한옥마을,NNP
전주 여행,359,에서,JKB
전주 여행,359,봐야,VX+EC
전주 여행,359,풍남문,NNG
전주 여행,359,이씨,IC
전주 여행,359,조선,NNP
전주 여행,359,본향,NNG
전주 여행,359,한옥마을,NNP
전주 여행,359,에서,JKB
전주 여행,359,들려,VV+EC
전주 여행,359,아야,EC
전주 여행,359,경기전,NNG
전주 여행,359,진박,NNG
전주 여행,359,물관,NNG
전주 여행,359,아야,EC
전주 여행,359,지만,EC
전주 여행,359,풍남문,NNG
전주 여행,359,봐야,VX+EC
전주 여행,359,한다,VX+EC
전주 여행,359,보물,NNG
전주 여행,359,308,SN
전주 여행,359,풍남문,NNG
전주 여행,359,대표,NNG
전주 여행,360,가즈,NNP
전주 여행,360,젊음,NNG
전주 여행,360,넘치,VV
전주 여행,360,거리,NNG
전주 여행,360,객사,NNG
전주 여행,360,에서,JKB
전주 여행,360,아야,EC
전주 여행,360,필수,NNG
전주 여행,360,코스,NNG
전주 여행,360,결혼식,NNG
전주 여행,360,참석,NNG
전주 여행,360,벚꽃,NNG
전주 여행,360,명소,NNG
전주 여행,360,이자,NNG
전주 여행,360,데이트,NNG
전주 여행,360,코스,NNG
전주 여행,360,유명,XR
전주 여행,360,아중,NNG
전주 여행,360,리저,NNP
전주 여행,360,수지,NNG
전주 여행,360,들린,VV+ETM
전주 여행,360,영화,NNG
전주 여행,360,거리,NNG
전주 여행,360,객사,NNG
전주 여행,360,까지,JX
전주 여행,360,돌아보,VV
전주 여행,361,한옥마을,NNP
전주 여행,361,전망대,NNG
전주 여행,361,이성계,NNP
전주 여행,361,장군,NNG
전주 여행,361,승전,NNG
전주 여행,361,연회,NNG
전주 여행,361,장소,NNG
전주 여행,361,목대,NNG
전주 여행,361,한옥마을,NNP
전주 여행,361,다녀왔,VV+EP
전주 여행,361,한옥마을,NNP
전주 여행,361,경기,NNG
전주 여행,361,어진,VA+ETM
전주 여행,361,박물관,NNG
전주 여행,361,풍남문,NNG
전주 여행,361,남문,NNG
전주 여행,361,시장,NNG
전주 여행,361,그리고,MAJ
전주 여행,361,최근,NNG
전주 여행,361,개장,NNG
전주 여행,361,전라,NNP
전주 여행,361,감영,NNG
전주 여행,361,까지,JX
전주 여행,361,돌아보,VV
전주 여행,361,목대,NNG
전주 여행,361,올랐,VV+EP
전주 여행,361,가까이,MAG
전주 여행,361,자주,MAG
전주 여행,361,들리,VV
전주 여행,361,이나,JC
전주 여행,361,마다,JX
전주 여행,361,새롭,VA
전주 여행,361,다시,MAG
전주 여행,362,한옥마을,NNP
전주 여행,362,한국,NNP
전주 여행,362,관광,NNG
전주 여행,362,100,SN
전주 여행,362,빛나,VV
전주 여행,362,우리나라,NNG
전주 여행,362,대표,NNG
전주 여행,362,이외,NNG
전주 여행,362,향교,NNG
전주 여행,362,목대,NNG
전주 여행,362,그리고,MAJ
전주 여행,362,벽화,NNG
전주 여행,362,마을,NNG
전주 여행,362,전통주,NNG
전주 여행,362,박물관,NNG
전주 여행,362,승광,NNP
전주 여행,362,들려,VV+EC
전주 여행,362,한옥마을,NNP
전주 여행,362,에서,JKB
전주 여행,362,은퇴,NNG
전주 여행,362,사진,NNG
전주 여행,362,작가,NNG
전주 여행,362,왕성,XR
전주 여행,362,활동,NNG
전주 여행,362,절친,NNG
전주 여행,362,우연히,MAG
전주 여행,362,만나,VV+EC
전주 여행,362,사진,NNG
전주 여행,362,서로,MAG
전주 여행,363,필수,NNG
전주 여행,363,코스,NNG
전주 여행,363,천상,NNG
전주 여행,363,정원,NNG
전주 여행,363,한국도로공사,NNP
전주 여행,363,고도,NNG
전주 여행,363,그리고,MAJ
전주 여행,363,이씨,IC
전주 여행,363,조선,NNP
전주 여행,363,본향,NNG
전주 여행,363,들려,VV+EC
전주 여행,363,아야,EC
전주 여행,363,필수,NNG
전주 여행,363,코스,NNG
전주 여행,363,한국도로공사,NNP
전주 여행,363,수목원,NNG
전주 여행,363,월드컵,NNG
전주 여행,363,경기장,NNG
전주 여행,363,부근,NNG
전주 여행,363,고속도,NNG
전주 여행,363,도로변,NNG
전주 여행,364,SK,SL
전주 여행,364,LTE,SL
전주 여행,364,어디,NP
전주 여행,364,까지,JX
전주 여행,364,맛있,VA
전주 여행,364,맛있,VA
전주 여행,364,2012,SN
전주 여행,364,08,SN
전주 여행,364,27,SN
전주 여행,364,06,SN
전주 여행,364,30,SN
전주 여행,364,IT,SL
전주 여행,364,서비스,NNG
전주 여행,364,Web,SL
전주 여행,364,Service,SL
전주 여행,364,작성자,NNG
전주 여행,364,니아,EC
전주 여행,364,https,SL
전주 여행,364,map,SL
전주 여행,364,naver,SL
전주 여행,364,com,SL
전주 여행,364,entry,SL
전주 여행,364,place,SL
전주 여행,364,1589368656,SN
전주 여행,364,광고,NNG
전주 여행,364,제주,NNP
전주 여행,364,유럽,NNP
전주 여행,364,코티지,NNP
전주 여행,364,감성,NNG
전주 여행,364,지독,NNG
전주 여행,364,프라이빗,NNG
전주 여행,364,제주,NNP
전주 여행,364,유럽,NNP
전주 여행,364,감성,NNG
전주 여행,365,인상,NNG
전주 여행,365,마중,NNG
전주 여행,365,도로공원,NNG
전주 여행,365,2011,SN
전주 여행,365,마중,NNG
전주 여행,365,기차,NNG
전주 여행,365,에서,JKB
전주 여행,365,내리,VV
전주 여행,365,처음,NNG
전주 여행,365,으로,JKB
전주 여행,365,만나,VV
전주 여행,365,마중,NNG
전주 여행,365,첫인상,NNG
전주 여행,365,마중,NNG
전주 여행,365,여름,NNG
전주 여행,365,마중,NNG
전주 여행,365,여름,NNG
전주 여행,365,무더위,NNG
전주 여행,365,피할,VV+ETM
전주 여행,365,어린이,NNG
전주 여행,366,아중,NNG
전주 여행,366,호수,NNG
전주 여행,366,나무,NNG
전주 여행,366,데크,NNP
전주 여행,366,산책로,NNG
전주 여행,366,따라,VV+EC
전주 여행,366,산책,NNG
전주 여행,366,220403,SN
전주 여행,366,예전,NNG
전주 여행,366,오래,MAG
전주 여행,366,부터,JX
전주 여행,366,중리,NNG
전주 여행,366,아중,NNG
전주 여행,366,호수,NNG
전주 여행,366,야성,NNG
전주 여행,366,이루,VV
전주 여행,366,유명,XR
전주 여행,366,벚꽃,NNG
전주 여행,366,구경,NNG
전주 여행,366,갈까,VX+EF
전주 여행,366,또는,MAJ
전주 여행,366,민물,NNG
전주 여행,366,매운탕,NNG
전주 여행,366,으러,EC
전주 여행,366,갈까,VV+EC
전주 여행,366,기린,NNG
전주 여행,366,등산,NNG
전주 여행,366,등등,NNB
전주 여행,366,여러,MM
전주 여행,366,가지,NNBC
전주 여행,366,목적,NNG
전주 여행,366,여러,MM
전주 여행,366,들리,VV
전주 여행,367,한국,NNP
전주 여행,367,도로공사,NNP
전주 여행,367,수목원,NNG
전주 여행,367,코앞,NNG
전주 여행,367,시민,NNG
전주 여행,367,쉼터,NNG
전주 여행,367,총화,NNG
전주 여행,367,그리고,MAJ
전주 여행,367,기독교,NNG
전주 여행,367,방송국,NNG
전주 여행,367,예전,NNG
전주 여행,367,고속도,NNG
전주 여행,367,나들목,NNG
전주 여행,367,자리,NNG
전주 여행,367,그곳,NP
전주 여행,367,지금,MAG
전주 여행,367,시민,NNG
전주 여행,367,위한,VV+ETM
전주 여행,367,쉼터,NNG
전주 여행,367,조성,NNG
전주 여행,367,나들목,NNG
전주 여행,367,가족,NNG
전주 여행,367,공원,NNG
전주 여행,367,인터체인지,NNG
전주 여행,367,월드컵,NNG
전주 여행,367,경기장,NNG
전주 여행,367,에서,JKB
전주 여행,368,이씨,IC
전주 여행,368,조선,NNP
전주 여행,368,본향,NNG
전주 여행,368,자랑거리,NNG
전주 여행,368,덕진,NNP
전주 여행,368,연못,NNG
전주 여행,368,연꽃,NNG
전주 여행,368,덕진,NNP
전주 여행,368,공원,NNG
전주 여행,368,이씨,IC
전주 여행,368,조선,NNP
전주 여행,368,본향,NNG
전주 여행,368,명물,NNG
전주 여행,368,상징,NNG
전주 여행,368,덕진,NNP
전주 여행,368,공원,NNG
전주 여행,368,필수,NNG
전주 여행,368,코스,NNG
전주 여행,368,덕진,NNP
전주 여행,368,호수,NNG
전주 여행,368,가운데,NNG
전주 여행,368,현수교,NNG
전주 여행,368,연꽃,NNG
전주 여행,368,양분,NNG
전주 여행,368,아름다운,VA+ETM
전주 여행,368,덕진,NNP
전주 여행,368,연못,NNG
전주 여행,369,광주,NNP
전주 여행,369,출발,MAG
전주 여행,369,당신,NP
전주 여행,369,놓치,VV
전주 여행,369,아야,EC
전주 여행,369,지역,NNG
전주 여행,369,특색,NNG
전주 여행,369,함께,MAG
전주 여행,369,살펴보,VV
전주 여행,369,세요,EP+EF
전주 여행,369,한옥마을,NNP
전주 여행,369,매력,NNG
전주 여행,369,광주,NNP
전주 여행,369,에서,JKB
전주 여행,369,시간,NNBC
전주 여행,369,거리,NNG
전주 여행,369,위치,NNG
전주 여행,369,습니다,EF
전주 여행,369,한옥마을,NNP
전주 여행,369,한국,NNP
전주 여행,369,전통,NNG
전주 여행,369,가옥,NNG
전주 여행,369,아름다움,VA+ETN
전주 여행,369,느낄,VV+ETM
전주 여행,369,장소,NNG
전주 여행,370,한옥마을,NNP
전주 여행,370,대한민국,NNP
전주 여행,370,대표,NNG
전주 여행,370,com,SL
전주 여행,370,15815131,SN
전주 여행,370,난장,NNG
전주 여행,370,박물관,NNG
전주 여행,370,한옥마을,NNP
전주 여행,370,이색,NNG
전주 여행,370,옛날,NNG
전주 여행,370,볼거리,NNG
전주 여행,370,생일,NNG
전주 여행,370,손자,NNG
전주 여행,370,한옥,NNG
전주 여행,370,마을,NNG
전주 여행,370,에서,JKB
전주 여행,370,신나,VV
전주 여행,370,하루,NNG
전주 여행,370,보냈,VV+EP
전주 여행,370,점심,NNG
전주 여행,370,한옥,NNG
전주 여행,370,마을,NNG
전주 여행,370,에서,JKB
전주 여행,370,제일,MAG
전주 여행,370,유명,XR
전주 여행,370,먹거리,NNG
전주 여행,370,갈비,NNG
전주 여행,371,홈페이지,NNG
전주 여행,371,제작,NNG
전주 여행,371,해외,NNG
전주 여행,371,골프,NNG
전주 여행,371,투어,NNG
전주 여행,371,전문,NNG
전주 여행,371,온라인,NNG
전주 여행,371,견적,NNG
전주 여행,371,com,SL
전주 여행,371,하나,NR
전주 여행,371,단독,NNG
전주 여행,371,투어,NNG
전주 여행,371,하나,NR
전주 여행,371,투어,NNG
전주 여행,371,공식,NNG
전주 여행,371,인증,NNG
전주 여행,371,예약,NNG
전주 여행,371,센터,NNG
전주 여행,371,해외,NNG
전주 여행,371,단체,NNG
전주 여행,371,하나,NR
전주 여행,371,투어,NNG
전주 여행,371,하나,NR
전주 여행,371,단독,NNG
전주 여행,371,투어,NNG
전주 여행,371,글로벌,NNG
전주 여행,371,투어,NNG
전주 여행,371,하나,NR
전주 여행,371,투어,NNG
전주 여행,371,공식,NNG
전주 여행,371,인증,NNG
전주 여행,371,예약,NNG
전주 여행,371,센터,NNG
전주 여행,371,해외,NNG
전주 여행,371,단체,NNG
전주 여행,371,하나,NR
전주 여행,371,투어,NNG
전주 여행,372,정월,NNG
전주 여행,372,보름,NNG
전주 여행,372,공연,NNG
전주 여행,372,전북,NNP
전주 여행,372,달맞이,NNG
전주 여행,372,good,SL
전주 여행,372,가세,NNG
전주 여행,372,음식,NNG
전주 여행,372,고장,NNG
전주 여행,372,이자,NNG
전주 여행,372,한옥마을,NNP
전주 여행,372,고장,NNG
전주 여행,372,복판,NNG
전주 여행,372,흐르,VV
전주 여행,372,광장,NNG
전주 여행,372,net,SL
전주 여행,372,2041,SN
전주 여행,372,15812600,SN
전주 여행,372,임실,NNP
전주 여행,372,가장,MAG
전주 여행,372,한국,NNP
전주 여행,372,신명,NNG
전주 여행,372,축제,NNG
전주 여행,372,필봉,NNG
전주 여행,372,마을,NNG
전주 여행,372,정월,NNG
전주 여행,372,보름,NNG
전주 여행,372,정월,NNG
전주 여행,372,보름날,NNG
전주 여행,373,지구촌,NNG
전주 여행,373,모자,NNG
전주 여행,373,모두,MAG
전주 여행,373,이곳,NP
전주 여행,373,이색,NNG
전주 여행,373,박물관,NNG
전주 여행,373,루이,NNP
전주 여행,373,모자,NNG
전주 여행,373,한옥마을,NNP
전주 여행,373,에서,JKB
전주 여행,373,모자,NNG
전주 여행,373,박물관,NNG
전주 여행,373,구경,NNG
전주 여행,373,한옥마을,NNP
전주 여행,373,서쪽,NNG
전주 여행,373,끝자락,NNG
전주 여행,373,루이,NNP
전주 여행,373,엘모,NNG
전주 여행,373,자박,NNG
전주 여행,373,물관,NNG
전주 여행,373,추억,NNG
전주 여행,373,박물관,NNG
전주 여행,373,별별,MM
전주 여행,373,박물관,NNG
전주 여행,373,박물관,NNG
전주 여행,373,구경거리,NNG
전주 여행,373,입장료,NNG
전주 여행,373,000,SN
전주 여행,373,박물관,NNG
전주 여행,374,https,SL
전주 여행,374,blog,SL
전주 여행,374,naver,SL
전주 여행,374,com,SL
전주 여행,374,allga,SL
전주 여행,374,79,SN
전주 여행,374,전화,NNG
전주 여행,374,번호,NNG
전주 여행,374,063,SN
전주 여행,374,231,SN
전주 여행,374,3040,SN
전주 여행,374,도로,NNG
전주 여행,374,완산구,NNP
전주 여행,374,은행,NNG
전주 여행,374,74,SN
전주 여행,374,11,SN
전주 여행,374,지번,NNG
전주 여행,374,완산구,NNP
전주 여행,374,교동,NNP
전주 여행,374,91,SN
전주 여행,374,장점,NNG
전주 여행,374,숙박업,NNG
전주 여행,374,에서,JKB
전주 여행,374,샤워,NNG
전주 여행,374,타월,NNG
전주 여행,374,화장,NNG
전주 여행,374,거울,NNG
전주 여행,374,비누,NNG
전주 여행,374,클렌징,NNG
전주 여행,375,전동,NNG
전주 여행,375,성당,NNG
전주 여행,375,에서,JKB
전주 여행,375,지란지교,NNG
전주 여행,375,꿈꾸,VV
전주 여행,375,달려간,VV+ETM
전주 여행,375,친구,NNG
전주 여행,375,약속,NNG
전주 여행,375,시간,NNG
전주 여행,375,오후,NNG
전주 여행,375,시간,NNG
전주 여행,375,틈새,NNG
전주 여행,375,전동,NNG
전주 여행,375,성당,NNG
전주 여행,375,으로,JKB
전주 여행,375,향하,VV
전주 여행,375,31,SN
전주 여행,375,수요일,NNG
전주 여행,375,오후,NNG
전주 여행,375,성당,NNG
전주 여행,375,행사,NNG
전주 여행,375,관계자,NNG
전주 여행,375,차량,NNG
전주 여행,375,임도,NNG
전주 여행,375,금하,VV
전주 여행,375,지만,EC
전주 여행,375,꼬까,NNG
전주 여행,375,한복,NNG
전주 여행,376,아야,EC
전주 여행,376,아시아,NNP
전주 여행,376,명소,NNG
전주 여행,376,KTX,SL
전주 여행,376,한옥마을,NNP
전주 여행,376,에서,JKB
전주 여행,376,시작,NNG
전주 여행,376,된다,XSV+EC
전주 여행,376,역사,NNG
전주 여행,376,한옥마을,NNP
전주 여행,376,이다,NNP
전주 여행,376,광장,NNG
전주 여행,376,나오,VV
전주 여행,376,한복,NNG
전주 여행,376,부채,NNG
전주 여행,376,예쁜,VA+ETM
전주 여행,376,아가씨,NNG
전주 여행,376,관광객,NNG
전주 여행,376,반겨,VV+EC
전주 여행,376,준다,VX+EC
전주 여행,377,난장,NNG
전주 여행,377,테마,NNG
전주 여행,377,박물관,NNG
전주 여행,377,7080,SN
전주 여행,377,감수,NNG
전주 여행,377,06,SN
전주 여행,377,00,SN
전주 여행,377,에서,JKB
전주 여행,377,이번,NNG
전주 여행,377,들린,VV+ETM
전주 여행,377,전북,NNP
전주 여행,377,유일,NNG
전주 여행,377,테마,NNG
전주 여행,377,박물관,NNG
전주 여행,377,7080,SN
전주 여행,377,감수,NNG
전주 여행,377,그대로,MAG
전주 여행,377,재현,NNG
전주 여행,377,입니다,VCP+EF
전주 여행,377,요즘,MAG
전주 여행,377,어딜,NP+JKO
전주 여행,377,7080,SN
전주 여행,377,내세우,VV
전주 여행,377,장소,NNG
전주 여행,377,많이,MAG
전주 여행,377,지만,EC
전주 여행,377,특히,MAG
전주 여행,377,이곳,NP
전주 여행,377,난장,NNG
전주 여행,377,그대,NP
전주 여행,377,감성,NNG
전주 여행,378,한옥마을,NNP
전주 여행,378,한울,NNP
전주 여행,378,밥상,NNG
전주 여행,378,맛집,NNG
전주 여행,378,터널,NNG
전주 여행,378,한울,NNP
전주 여행,378,밥상,NNG
전주 여행,378,터널,NNG
전주 여행,378,공존,NNG
전주 여행,378,도시,NNG
전주 여행,378,기대,NNG
전주 여행,378,됩니다,VV+EF
전주 여행,378,이번,NNG
전주 여행,378,조금,MAG
전주 여행,378,특별,NNG
전주 여행,378,는데,EC
전주 여행,378,원래,NNG
전주 여행,378,한옥,NNG
전주 여행,378,마을,NNG
전주 여행,378,안쪽,NNG
전주 여행,378,맛집,NNG
전주 여행,378,계획,NNG
전주 여행,378,지만,EC
전주 여행,378,우연히,MAG
전주 여행,378,들른,VV+ETM
전주 여행,378,가게,NNG
전주 여행,378,사장,NNG
전주 여행,379,숙영,NNG
전주 여행,379,가마솥,NNG
전주 여행,379,비빔밥,NNG
전주 여행,379,된장찌개,NNG
전주 여행,379,비빔밥,NNG
전주 여행,379,어울리,VV
전주 여행,379,조합,NNG
전주 여행,379,맛집,NNG
전주 여행,379,투어,NNG
전주 여행,379,숙영,NNG
전주 여행,379,비빔밥,NNG
전주 여행,379,방문,NNG
전주 여행,379,오래전,NNG
전주 여행,379,다녀온,VV+ETM
전주 여행,379,에서,JKB
전주 여행,379,음식,NNG
전주 여행,379,다면,EC
전주 여행,379,비빔밥,NNG
전주 여행,379,이번,NNG
전주 여행,379,와야,VX+EC+VX
전주 여행,379,생각,NNG
전주 여행,379,수많,VA
전주 여행,379,비빔밥,NNG
전주 여행,379,가게,NNG
전주 여행,379,검색,NNG
전주 여행,380,예정,NNG
전주 여행,380,럴럴럴,UNKNOWN
전주 여행,380,월드,NNG
전주 여행,380,티스토리,NNP
전주 여행,380,Diary,SL
전주 여행,380,예정,NNG
전주 여행,380,랄랄라,IC
전주 여행,380,lalalabro,SL
전주 여행,380,2018,SN
전주 여행,380,03,SN
전주 여행,380,27,SN
전주 여행,380,11,SN
전주 여행,380,36,SN
전주 여행,380,Let,SL
전주 여행,380,Go,SL
전주 여행,380,2018,SN
전주 여행,380,30,SN
전주 여행,380,막걸리,NNG
전주 여행,380,안주,NNG
전주 여행,380,한옥마을,NNP
전주 여행,380,막걸리,NNG
전주 여행,380,골목,NNG
전주 여행,380,얼마,NNG
전주 여행,380,생생,MAG
전주 여행,380,정보,NNG
전주 여행,380,다가,EC
전주 여행,380,막걸리,NNG
전주 여행,381,알라딘,NNP
전주 여행,381,생생,XR
전주 여행,381,리뷰,NNP
전주 여행,381,동네,NNG
전주 여행,381,그리고,MAJ
전주 여행,381,친구,NNG
전주 여행,381,에서,JKB
전주 여행,381,그럼,MAJ
전주 여행,381,라는,ETM
전주 여행,381,회신,NNG
전주 여행,381,동네,NNG
전주 여행,381,플레이,NNG
전주 여행,381,urbanplay,SL
전주 여행,381,동네,NNG
전주 여행,381,동네,NNG
전주 여행,381,매거진,NNG
전주 여행,381,그럼,MAJ
전주 여행,382,알라딘,NNP
전주 여행,382,서재,NNP
전주 여행,382,시집,NNG
전주 여행,382,계획,NNG
전주 여행,382,고는,EC
전주 여행,382,지만,EC
전주 여행,382,도대체,MAG
전주 여행,382,그곳,NP
전주 여행,382,무엇,NP
전주 여행,382,무엇,NP
전주 여행,382,해야,VV+EC
전주 여행,382,했다,XSV+EP
전주 여행,382,생각,NNG
전주 여행,382,몰랐,VV+EP
전주 여행,382,는데,EC
전주 여행,382,보다,JKB
전주 여행,382,구나,EC
전주 여행,382,진짜,MAG
전주 여행,382,한국,NNP
전주 여행,382,느낄,VV+ETM
전주 여행,383,알라딘,NNP
전주 여행,383,조용,XR
전주 여행,383,면서,EC
전주 여행,383,다양,XR
전주 여행,383,매력,NNG
전주 여행,383,로컬,NNG
전주 여행,383,가이드,NNG
전주 여행,383,소도시,NNG
전주 여행,383,소도시,NNG
전주 여행,383,트래블,NNG
전주 여행,383,완주,NNG
전주 여행,383,소도시,NNG
전주 여행,383,트래블,NNG
전주 여행,383,조이,NNG
전주 여행,383,코리아,NNP
전주 여행,383,편집부,NNG
전주 여행,383,지음,NNG
전주 여행,383,조이,NNG
전주 여행,383,코리아,NNP
전주 여행,383,2022,SN
전주 여행,383,11,SN
전주 여행,383,평점,NNG
전주 여행,383,품절,NNG
전주 여행,383,얼마,NNG
전주 여행,383,다녀왔,VV+EP
전주 여행,383,는데,EC
전주 여행,383,소도시,NNG
전주 여행,383,트래블,NNG
전주 여행,383,주편,NNG
전주 여행,383,조금,MAG
전주 여행,383,빨리,MAG
전주 여행,383,으면,EC
전주 여행,383,정말,MAG
전주 여행,383,다는,ETM
전주 여행,384,알라딘,NNP
전주 여행,384,언제,NNG
전주 여행,384,라도,VCP+EC
전주 여행,384,계획,NNG
전주 여행,384,계신,VX+ETM
전주 여행,384,따듯,XR
전주 여행,384,위로,NNG
전주 여행,384,에서,JKB
전주 여행,384,다면,EC
전주 여행,384,권유,NNG
전주 여행,384,해본다,XSV+EC+VX+EC
전주 여행,384,그저,MAG
전주 여행,384,그런,MM
전주 여행,384,아니,VCN
전주 여행,384,가슴,NNG
전주 여행,384,따뜻,XR
전주 여행,384,에세이,NNG
전주 여행,384,서다,NNG
전주 여행,384,핵심,NNG
전주 여행,384,포인트,NNG
전주 여행,384,목차,NNG
전주 여행,385,맛집,NNG
전주 여행,385,추천,NNG
전주 여행,385,리스트,NNG
전주 여행,385,엊그제,MAG
전주 여행,385,은데,EC
전주 여행,385,벌써,MAG
전주 여행,385,지났,VV+EP
전주 여행,385,네요,EF
전주 여행,385,지인,NNG
전주 여행,385,함께,MAG
전주 여행,385,먹방,NNG
전주 여행,385,다녀왔,VV+EP
전주 여행,385,습니다,EF
전주 여행,385,맛집,NNG
전주 여행,385,조점,NNG
전주 여행,385,남문,NNG
전주 여행,385,피순대,NNG
전주 여행,385,에서,JKB
전주 여행,385,남부,NNG
전주 여행,385,시장,NNG
전주 여행,385,까지,JX
전주 여행,385,30,SN
전주 여행,385,정도,NNG
전주 여행,385,시장,NNG
전주 여행,385,도착,NNG
전주 여행,385,시장,NNG
전주 여행,386,알라딘,NNP
전주 여행,386,서재,NNP
전주 여행,386,오렌지캬라멜,NNP
전주 여행,386,청춘,NNG
전주 여행,386,그런,MM
전주 여행,386,생각,NNG
전주 여행,386,떠나,VV
전주 여행,386,서울,NNP
전주 여행,386,언제,NP
전주 여행,386,든지,VCP+EC
전주 여행,386,기에,EC
전주 여행,386,한옥마을,NNP
전주 여행,386,갔다왔,VV+EP
전주 여행,386,오렌지,NNP
전주 여행,386,카라멜,NNP
전주 여행,386,경로,NNG
전주 여행,386,따라,VV+EC
전주 여행,386,옥도,NNG
전주 여행,386,구경,NNG
전주 여행,386,한복,NNG
전주 여행,386,전통,NNG
전주 여행,386,체험,NNG
전주 여행,387,콩나물국,NNG
전주 여행,387,명가,NNG
전주 여행,387,160,SN
전주 여행,387,점포,NNG
전주 여행,387,차이,NNG
전주 여행,387,맛집,NNG
전주 여행,387,콩나물국,NNG
전주 여행,387,명가,NNG
전주 여행,387,160,SN
전주 여행,387,점포,NNG
전주 여행,387,차이,NNG
전주 여행,387,맛집,NNG
전주 여행,387,현대,NNG
전주 여행,387,전라북도,NNP
전주 여행,387,콩나물국,NNG
전주 여행,387,발생지,NNG
전주 여행,387,유명,XR
전주 여행,387,콩나물국,NNG
전주 여행,387,밥집,NNG
전주 여행,387,발길,NNG
전주 여행,387,끊이,VV
전주 여행,387,특히,MAG
전주 여행,387,현대,NNG
전주 여행,387,세대,NNG
전주 여행,388,퇴근,NNG
전주 여행,388,객리,NNG
전주 여행,388,한옥마을,NNP
전주 여행,388,완주,NNP
전주 여행,388,소양,NNP
전주 여행,388,라고,EC
전주 여행,388,하지만,MAJ
전주 여행,388,퇴근,NNG
전주 여행,388,저녁,NNG
전주 여행,388,출발,NNG
전주 여행,388,하루,NNG
전주 여행,388,연차,NNG
전주 여행,388,스케줄,NNG
전주 여행,388,굉장히,MAG
전주 여행,388,일정,NNG
전주 여행,388,사실,MAG
전주 여행,388,아니,VCN
전주 여행,388,개인,NNG
전주 여행,388,면서,EC
전주 여행,388,당일,NNG
전주 여행,389,오감,NNG
전주 여행,389,만족,NNG
전주 여행,389,완주,NNG
전주 여행,389,대한민국,NNP
전주 여행,389,테마,NNG
전주 여행,389,박물관,NNG
전주 여행,389,연꽃,NNG
전주 여행,389,명소,NNG
전주 여행,389,진공,NNG
전주 여행,389,완주,NNG
전주 여행,389,그리고,MAJ
전주 여행,389,전북,NNP
전주 여행,389,에서,JKB
전주 여행,389,들려,VV+EC
전주 여행,389,아야,EC
전주 여행,389,필수,NNG
전주 여행,389,코스,NNG
전주 여행,389,바로,MAG
전주 여행,389,완주군,NNG
전주 여행,389,구이면,NNP
전주 여행,389,대한민국,NNP
전주 여행,389,테마,NNG
전주 여행,389,박물관,NNG
전주 여행,389,2015,SN
전주 여행,389,10,SN
전주 여행,389,개관,NNG
전주 여행,389,대한민국,NNP
전주 여행,389,테미,NNP
전주 여행,389,박물관,NNG
전주 여행,389,만족,NNG
전주 여행,389,완주,NNG
전주 여행,389,테마,NNG
전주 여행,389,박물관,NNG
전주 여행,390,맛집,NNG
전주 여행,390,조점,NNG
전주 여행,390,남문,NNG
전주 여행,390,피순대,NNG
전주 여행,390,들려,VV+EC
전주 여행,390,으로,JKB
전주 여행,390,추천,NNG
전주 여행,390,11,SN
전주 여행,390,가을,NNG
전주 여행,390,에서,JKB
전주 여행,390,만난,VV+ETM
전주 여행,390,음식,NNG
전주 여행,390,피순대,NNG
전주 여행,390,국밥,NNG
전주 여행,390,가을,NNG
전주 여행,390,아쉬워,VA+EC
전주 여행,390,떠난,VV+ETM
전주 여행,390,에서,JKB
전주 여행,390,가을,NNG
전주 여행,390,풍경,NNG
전주 여행,390,기대,NNG
전주 여행,390,지만,EC
전주 여행,390,보다,MAG
전주 여행,390,기대,NNG
전주 여행,390,예전,NNG
전주 여행,390,맛있,VA
전주 여행,390,음식,NNG
전주 여행,390,오랜만,NNG
전주 여행,390,맛볼,VV+ETM
전주 여행,391,군산,NNP
전주 여행,391,한옥마을,NNP
전주 여행,391,낭만,NNG
전주 여행,391,흘렀,VV+EP
전주 여행,391,군산,NNP
전주 여행,391,에서,JKB
전주 여행,391,마치,VV
전주 여행,391,된다,VV+EF
전주 여행,391,물론,MAG
전주 여행,391,군산,NNG
전주 여행,391,볼거리,NNG
전주 여행,391,모두,MAG
전주 여행,391,아니,VCN
전주 여행,391,그러나,MAJ
전주 여행,391,일정,NNG
전주 여행,391,기에,EC
전주 여행,391,우선,MAG
전주 여행,391,숙소,NNG
전주 여행,391,호텔,NNG
전주 여행,391,르윈,NNP
전주 여행,391,LE,SL
전주 여행,391,WIN,SL
전주 여행,391,바로,MAG
전주 여행,391,호텔,NNG
전주 여행,392,군산,NNP
전주 여행,392,국내,NNG
전주 여행,392,유일,NNG
전주 여행,392,일본식,NNG
전주 여행,392,사찰,NNG
전주 여행,392,동국,NNG
전주 여행,392,탐방,NNG
전주 여행,392,동국,NNG
전주 여행,392,웅전,NNG
전주 여행,392,울창,XR
전주 여행,392,대나무,NNG
전주 여행,392,으로,JKB
전주 여행,392,이뤄져,VV+EC
전주 여행,392,싱그럽,VA
전주 여행,392,이를,VV+ETM
전주 여행,392,대나무,NNG
전주 여행,392,일본식,NNG
전주 여행,392,동국,NNG
전주 여행,392,관람,NNG
전주 여행,392,다음,NNG
전주 여행,392,군산,NNG
전주 여행,392,근대,NNG
전주 여행,392,역사,NNG
전주 여행,392,박물관,NNG
전주 여행,392,으로,JKB
전주 여행,392,향하,VV
전주 여행,393,비빔밥,NNG
전주 여행,393,전문점,NNG
전주 여행,393,가족,NNG
전주 여행,393,회관,NNG
전주 여행,393,비빔밥,NNG
전주 여행,393,체험,NNG
전주 여행,393,비빔밥,NNG
전주 여행,393,전문점,NNG
전주 여행,393,가족,NNG
전주 여행,393,회관,NNG
전주 여행,393,비빔밥,NNG
전주 여행,393,체험,NNG
전주 여행,393,맛집,NNG
전주 여행,393,도시,NNG
전주 여행,393,빠트릴,VV+ETM
전주 여행,393,가지,NNBC
전주 여행,393,비빔밥,NNG
전주 여행,393,체험,NNG
전주 여행,393,아닐,VCN+ETM
전주 여행,393,비빔밥,NNG
전주 여행,393,축제,NNG
전주 여행,393,열릴,VV+ETM
전주 여행,393,만큼,NNB
전주 여행,394,시외버스,NNG
전주 여행,394,터미널,NNG
전주 여행,394,시간표,NNG
전주 여행,394,01,SN
전주 여행,394,00,SN
전주 여행,394,시외버스,NNG
전주 여행,394,터미널,NNG
전주 여행,394,시간표,NNG
전주 여행,394,시작,NNG
전주 여행,394,시외버스,NNG
전주 여행,394,터미널,NNG
전주 여행,394,시간표,NNG
전주 여행,394,시외버스,NNG
전주 여행,394,공용,NNG
전주 여행,394,터미널,NNG
전주 여행,394,전화,NNG
전주 여행,394,번호,NNG
전주 여행,394,1688,SN
전주 여행,394,1745,SN
전주 여행,394,전북,NNP
전주 여행,394,덕진구,NNP
전주 여행,394,금암동,NNP
전주 여행,394,705,SN
전주 여행,394,10,SN
전주 여행,394,에서,JKB
전주 여행,394,서울,NNP
전주 여행,394,남부,NNG
전주 여행,394,터미널,NNG
전주 여행,394,에서,NNG
전주 여행,395,퇴근,NNG
전주 여행,395,포함,NNG
전주 여행,395,부담,NNG
전주 여행,395,스러울,XSA+ETM
전주 여행,395,지만,EC
전주 여행,395,만족,NNG
전주 여행,395,사람,NNG
전주 여행,395,승률,NNG
전주 여행,395,100,SN
전주 여행,395,장소,NNG
전주 여행,395,방문,NNG
전주 여행,395,진심,NNG
전주 여행,395,으로,JKB
전주 여행,395,추천,NNG
전주 여행,395,한다,XSV+EC
전주 여행,395,보다,MAG
전주 여행,395,위쪽,NNG
전주 여행,395,올라가,VV
전주 여행,395,니까,EC
전주 여행,395,제발,MAG
전주 여행,395,지만,EC
전주 여행,395,알찬,VA+ETM
전주 여행,396,도서관,NNG
전주 여행,396,이색,NNG
전주 여행,396,프로그램,NNG
전주 여행,396,Moon,SL
전주 여행,396,도서관,NNG
전주 여행,396,기록,NNG
전주 여행,396,문화,NNG
전주 여행,396,뿌리,NNG
전주 여행,396,한지,NNG
전주 여행,396,체험,NNG
전주 여행,396,다가,NNG
전주 여행,396,도서관,NNG
전주 여행,396,10,SN
전주 여행,396,00,SN
전주 여행,396,11,SN
전주 여행,396,00,SN
전주 여행,396,한옥마을,NNP
전주 여행,396,도서관,NNG
전주 여행,396,11,SN
전주 여행,396,20,SN
전주 여행,396,14,SN
전주 여행,396,00,SN
전주 여행,396,중식,NNG
전주 여행,396,동문,NNG
전주 여행,396,도서관,NNG
전주 여행,396,14,SN
전주 여행,396,20,SN
전주 여행,396,15,SN
전주 여행,396,20,SN
전주 여행,396,도보,NNG
전주 여행,396,지관,NNG
전주 여행,396,지체,NNG
전주 여행,397,알라딘,NNP
전주 여행,397,서재,NNP
전주 여행,397,예찬,NNG
전주 여행,397,이유,NNG
전주 여행,397,하나,NR
전주 여행,397,때문,NNB
전주 여행,397,음식,NNG
전주 여행,397,역시,MAJ
전주 여행,397,라도,VCP+EC
전주 여행,397,저렴,XR
전주 여행,397,가격,NNG
전주 여행,397,비빔밥,NNG
전주 여행,397,지만,EC
전주 여행,397,우리,NP
전주 여행,397,한옥,NNG
전주 여행,397,마을,NNG
전주 여행,397,근처,NNG
전주 여행,397,반야,NNG
전주 여행,397,돌솥,NNG
전주 여행,397,간다,VV+EC
전주 여행,397,돌솥,NNG
전주 여행,397,간장,NNG
전주 여행,398,이번,NNG
전주 여행,398,주말,NNG
전주 여행,398,명물,NNG
전주 여행,398,덕진,NNP
전주 여행,398,공원,NNG
전주 여행,398,연꽃,NNG
전주 여행,398,축제,NNG
전주 여행,398,연꽃,NNG
전주 여행,398,촬영,NNG
전주 여행,398,함께,MAG
전주 여행,398,코스,NNG
전주 여행,398,에서,JKB
전주 여행,398,빠트릴,VV+ETM
전주 여행,398,필수,NNG
전주 여행,398,코스,NNG
전주 여행,398,모처럼,MAG
전주 여행,398,휴가,NNG
전주 여행,398,들린,VV+ETM
전주 여행,398,아들,NNG
전주 여행,398,그래도,VV+EC
전주 여행,398,명색,NNG
전주 여행,398,여름휴가,NNG
전주 여행,398,인데,VCP+EC
전주 여행,398,서울,NNP
전주 여행,398,엄마,NNG
전주 여행,398,누나,NNG
전주 여행,398,조카,NNG
전주 여행,398,누나,NNG
전주 여행,398,조카,NNG
전주 여행,398,만나,VV+EC
전주 여행,398,강원도,NNP
전주 여행,398,다시,MAG
전주 여행,398,훌쩍,MAG
전주 여행,398,떠나,VV
전주 여행,399,먹방,NNG
전주 여행,399,한옥,NNG
전주 여행,399,마을,NNG
전주 여행,399,카페,NNG
전주 여행,399,차미,NNG
전주 여행,399,라미,NNG
전주 여행,399,2022,SN
전주 여행,399,12,SN
전주 여행,399,20,SN
전주 여행,399,맛집,NNG
전주 여행,399,맛집,NNG
전주 여행,399,먹방,NNG
전주 여행,399,투어,NNG
전주 여행,399,새우탕,NNG
전주 여행,399,먹방,NNG
전주 여행,399,투어,NNG
전주 여행,399,새우탕,NNG
전주 여행,399,11,SN
전주 여행,399,지인,NNG
전주 여행,399,다녀왔,VV+EP
전주 여행,399,어요,EF
전주 여행,399,오로지,MAG
전주 여행,399,먹방,NNG
전주 여행,399,투어,NNG
전주 여행,399,쉴새없이,MAG
전주 여행,400,한옥,NNG
전주 여행,400,마을,NNG
전주 여행,400,에서,JKB
전주 여행,400,느끼,VV
전주 여행,400,정감,NNG
전주 여행,400,한옥,NNG
전주 여행,400,생활,NNG
전주 여행,400,체험,NNG
전주 여행,400,대문,NNG
전주 여행,400,보인다,VV+EC
전주 여행,400,풍경,NNG
전주 여행,400,마치,MAG
전주 여행,400,옛날,NNG
전주 여행,400,돌아가,VV+EC
전주 여행,400,시간,NNG
전주 여행,400,모두,MAG
전주 여행,400,정겨운,VA+ETM
전주 여행,400,물건,NNG
전주 여행,400,냉장고,NNG
전주 여행,400,쓰레기통,NNG
전주 여행,400,요즘,NNG
전주 여행,400,물건,NNG
전주 여행,400,대나무,NNG
전주 여행,400,가로질러,VV+EC
전주 여행,400,옷걸이,NNG
전주 여행,401,퇴근,NNG
전주 여행,401,객리,NNG
전주 여행,401,한옥마을,NNP
전주 여행,401,완주,NNP
전주 여행,401,소양,NNP
전주 여행,401,Day,SL
전주 여행,401,점심,NNG
전주 여행,401,객사,NNG
전주 여행,401,또순이,NNG
전주 여행,401,오전,NNG
전주 여행,401,근처,NNG
전주 여행,401,에서,JKB
전주 여행,401,점심,NNG
전주 여행,401,으로,JKB
전주 여행,401,무엇,NP
전주 여행,401,을까,EC
전주 여행,401,고민,NNG
전주 여행,401,다가,EC
전주 여행,401,숙소,NNG
전주 여행,401,가까운,VA+ETM
전주 여행,401,객사,NNG
전주 여행,401,맛집,NNG
전주 여행,401,방문,NNG
전주 여행,402,한옥마을,NNP
전주 여행,402,아카,NNP
전주 여행,402,갤러리,NNG
전주 여행,402,카페,NNG
전주 여행,402,Jeonju,SL
전주 여행,402,Hanok,SL
전주 여행,402,Village,SL
전주 여행,402,AKA,SL
전주 여행,402,Galle,SL
전주 여행,402,한옥마을,NNP
전주 여행,402,아카,NNP
전주 여행,402,갤러리,NNG
전주 여행,402,카페,NNG
전주 여행,402,한옥마을,NNP
전주 여행,402,Jeonju,SL
전주 여행,402,Hanok,SL
전주 여행,402,Village,SL
전주 여행,402,AKA,SL
전주 여행,402,Gallery,SL
전주 여행,402,Cafe,SL
전주 여행,402,적당,XR
전주 여행,402,여유,NNG
전주 여행,402,로움,XSA+ETN
전주 여행,402,즐기,VV
전주 여행,402,아침,NNG
전주 여행,402,지만,EC
전주 여행,402,이제,NNG
전주 여행,402,사라진,VV+ETM
전주 여행,402,카페,NNG
전주 여행,402,햇살,NNG
전주 여행,402,따사,XR
전주 여행,402,로운,XSA+ETM
전주 여행,402,아침,NNG
전주 여행,402,적당히,MAG
전주 여행,402,허기,NNG
전주 여행,403,알라딘,NNP
전주 여행,403,서재,NNP
전주 여행,403,당일,NNG
전주 여행,403,20120707,SN
전주 여행,403,버스,NNG
전주 여행,403,마음,NNG
전주 여행,403,두근두근,MAG
전주 여행,403,두근,MAG
전주 여행,403,음악,NNG
전주 여행,403,들으면서,VV+EC
전주 여행,403,핸드폰,NNG
전주 여행,403,바꾸,VV
전주 여행,403,버스,NNG
전주 여행,403,에서,JKB
전주 여행,403,내리,VV
전주 여행,403,날씨,NNG
전주 여행,403,너무,MAG
전주 여행,403,화창,NNG
전주 여행,403,버스,NNG
전주 여행,403,와서,VV+EC
전주 여행,403,한참,NNG
전주 여행,403,기다린,VV+ETM
전주 여행,403,버스,NNG
전주 여행,403,전동성당,NNP
전주 여행,403,으로,JKB
전주 여행,403,향했,VV+EP
전주 여행,403,어요,EF
전주 여행,404,다시,MAG
전주 여행,404,2017,SN
전주 여행,404,11,SN
전주 여행,404,결혼식,NNG
전주 여행,404,방문,NNG
전주 여행,404,위하,VV
전주 여행,404,울긋불긋,MAG
전주 여행,404,단풍,NNG
전주 여행,404,예쁜,VA+ETM
전주 여행,404,풍경,NNG
전주 여행,404,가득,MAG
전주 여행,404,다시,MAG
전주 여행,404,오랜만,NNG
전주 여행,404,얼굴,NNG
전주 여행,404,항상,MAG
전주 여행,404,얼굴,NNG
전주 여행,404,행복,NNG
전주 여행,405,낭만,NNG
전주 여행,405,cafe,SL
전주 여행,405,Dal,SL
전주 여행,405,STORY,SL
전주 여행,405,카페,NNG
전주 여행,405,이야기,NNG
전주 여행,405,낭만,NNG
전주 여행,405,cafe,SL
전주 여행,405,Dal,SL
전주 여행,405,STORY,SL
전주 여행,405,카페,NNG
전주 여행,405,한옥마을,NNP
전주 여행,405,Jeonju,SL
전주 여행,405,Hanok,SL
전주 여행,405,Village,SL
전주 여행,405,cafe,SL
전주 여행,405,Dal,SL
전주 여행,405,STORY,SL
전주 여행,405,카페,NNG
전주 여행,405,이야기,NNG
전주 여행,405,063,SN
전주 여행,405,288,SN
전주 여행,405,8886,SN
전주 여행,405,전북,NNP
전주 여행,405,완산구,NNP
전주 여행,405,최명희,NNP
전주 여행,405,20,SN
전주 여행,405,풍남동,NNP
전주 여행,405,47,SN
전주 여행,405,도착,NNG
전주 여행,405,저녁,NNG
전주 여행,406,에서,JKB
전주 여행,406,만난,VV+ETM
전주 여행,406,코파,NNP
전주 여행,406,에서,JKB
전주 여행,406,만단,NNG
전주 여행,406,코파,NNP
전주 여행,406,네요,EF
전주 여행,406,이쁘,VA
전주 여행,406,부드럽,VA
전주 여행,406,맛있,VA
전주 여행,406,네요,EF
전주 여행,406,선물,NNG
전주 여행,406,으로,JKB
전주 여행,406,괜찬하요,UNKNOWN
전주 여행,407,전북,NNP
전주 여행,407,김제,NNP
전주 여행,407,김제,NNP
전주 여행,407,아래,NNG
전주 여행,407,예전,NNG
전주 여행,407,다녀온,VV+ETM
전주 여행,407,코스,NNG
전주 여행,407,입니다,VCP+EF
전주 여행,407,사실,MAG
전주 여행,407,이때,NNG
전주 여행,407,다녀온,VV+ETM
전주 여행,407,계획,NNG
전주 여행,407,도움,NNG
전주 여행,407,습니다,EF
전주 여행,407,한옥마을,NNP
전주 여행,407,비롯,XR
전주 여행,407,해서,XSA+EC
전주 여행,407,다양,XR
전주 여행,407,관광지,NNG
전주 여행,407,으니,EC
전주 여행,407,참고,NNG
전주 여행,407,습니다,EF
전주 여행,408,알라딘,NNP
전주 여행,408,즐거워지,VV
전주 여행,408,레시피,NNG
전주 여행,408,Happy,SL
전주 여행,408,Travel,SL
전주 여행,408,김주미,NNP
전주 여행,408,지음,NNG
전주 여행,408,즐거운,VA+ETM
전주 여행,408,상상,NNG
전주 여행,408,2013,SN
전주 여행,408,평점,NNG
전주 여행,408,구판,NNG
전주 여행,408,절판,NNG
전주 여행,408,지난,VV+ETM
전주 여행,408,주말,NNG
전주 여행,408,다녀온,VV+ETM
전주 여행,408,더욱,MAG
전주 여행,408,즐겁,VA
전주 여행,408,만들,VV
전주 여행,408,바로,MAG
전주 여행,408,레시피,NNG
전주 여행,408,나온,VV+ETM
전주 여행,408,명소,NNG
전주 여행,409,10,SN
전주 여행,409,한옥마을,NNP
전주 여행,409,그리고,MAJ
전주 여행,409,경기전,NNG
전주 여행,409,10,SN
전주 여행,409,한옥마을,NNP
전주 여행,409,그리고,MAJ
전주 여행,409,경기전,NNG
전주 여행,409,2011,SN
전주 여행,409,02,SN
전주 여행,409,17,SN
전주 여행,409,06,SN
전주 여행,409,48,SN
전주 여행,409,Hobby,SL
전주 여행,409,Journey,SL
전주 여행,409,작성자,NNG
전주 여행,409,니아,EC
전주 여행,409,https,SL
전주 여행,409,www,SL
전주 여행,409,chamchamtrip,SL
전주 여행,409,com,SL
전주 여행,409,광고,NNG
전주 여행,409,누구,NP
전주 여행,409,즐거운,VA+ETM
전주 여행,409,농촌,NNG
전주 여행,409,참참,NNG
전주 여행,409,단체,NNG
전주 여행,409,숙박,NNG
전주 여행,409,부터,JX
전주 여행,409,이색,NNG
전주 여행,409,체험,NNG
전주 여행,409,까지,JX
전주 여행,409,완비,NNG
전주 여행,410,광장,NNG
전주 여행,410,식당,NNG
전주 여행,410,오래,MAG
전주 여행,410,맛집,NNG
전주 여행,410,거리,NNG
전주 여행,410,백반,NNG
전주 여행,410,오래,MAG
전주 여행,410,맛집,NNG
전주 여행,410,거리,NNG
전주 여행,410,반집,NNG
전주 여행,410,추천,NNG
전주 여행,410,광장,NNG
전주 여행,410,식당,NNG
전주 여행,410,이번,NNG
전주 여행,410,에서,JKB
전주 여행,410,마지막,NNG
전주 여행,410,으로,JKB
전주 여행,410,방문,NNG
전주 여행,410,광장,NNG
전주 여행,410,식당,NNG
전주 여행,410,입니다,VCP+EF
전주 여행,410,이곳,NP
전주 여행,410,광장,NNG
전주 여행,410,식당,NNG
전주 여행,410,시청,NNG
전주 여행,410,근처,NNG
전주 여행,410,백반,NNG
전주 여행,410,으로,JKB
전주 여행,410,오랫동안,NNG
전주 여행,410,사랑,NNG
전주 여행,410,맛집,NNG
전주 여행,411,전라북도,NNP
전주 여행,411,남부,NNG
전주 여행,411,시장,NNG
전주 여행,411,남부,NNG
전주 여행,411,시장,NNG
전주 여행,411,야시장,NNG
전주 여행,411,먹거리,NNG
전주 여행,411,남부,NNG
전주 여행,411,시장,NNG
전주 여행,411,한옥마을,NNP
전주 여행,411,가까이,MAG
전주 여행,411,어서,EC
전주 여행,411,한옥마을,NNP
전주 여행,411,들리,VV
전주 여행,411,주말,NNG
전주 여행,411,야간,NNG
전주 여행,411,사람,NNG
전주 여행,411,명소,NNG
전주 여행,411,하나,NR
전주 여행,411,특히,MAG
전주 여행,411,토요일,NNG
전주 여행,411,열리,VV
전주 여행,411,남부,NNG
전주 여행,411,시장,NNG
전주 여행,411,야시장,NNG
전주 여행,411,삼겹살,NNG
전주 여행,411,김밥,NNG
전주 여행,411,소고기,NNG
전주 여행,412,바람짝,NNG
전주 여행,412,맛집,NNG
전주 여행,412,백반,NNG
전주 여행,412,한정식,NNG
전주 여행,412,전문,NNG
전주 여행,412,한국,NNP
전주 여행,412,식당,NNG
전주 여행,412,바람짝,NNG
전주 여행,412,맛집,NNG
전주 여행,412,백반,NNG
전주 여행,412,한정식,NNG
전주 여행,412,전문,NNG
전주 여행,412,한국,NNP
전주 여행,412,식당,NNG
전주 여행,412,일시,NNG
전주 여행,412,2012,SN
전주 여행,412,03,SN
전주 여행,412,04,SN
전주 여행,412,작성자,NNG
전주 여행,412,바람짝,NNG
전주 여행,412,요리사,NNG
전주 여행,412,지역,NNG
전주 여행,412,맛집,NNG
전주 여행,412,탐방,NNG
전주 여행,412,습니다,EF
전주 여행,412,착한,VA+ETM
전주 여행,412,가격,NNG
전주 여행,412,지인,NNG
전주 여행,412,입소문,NNG
전주 여행,412,통하,VV
전주 여행,413,서울,NNP
전주 여행,413,오리,NNG
전주 여행,413,과자점,NNG
전주 여행,413,객사,NNG
전주 여행,413,한옥마을,NNP
전주 여행,413,서울,NNP
전주 여행,413,오리,NNG
전주 여행,413,과자점,NNG
전주 여행,413,객사,NNG
전주 여행,413,한옥마을,NNP
전주 여행,413,일몽,NNG
전주 여행,413,남노,NNG
전주 여행,413,갈비,NNG
전주 여행,413,고자,NNG
전주 여행,413,퇴근,NNG
전주 여행,413,바로,MAG
전주 여행,413,광주,NNP
전주 여행,413,에서,JKB
전주 여행,413,까지,JX
전주 여행,413,시간,NNG
전주 여행,413,락말락,EC
전주 여행,413,한데,VX+EC
전주 여행,413,우산,NNG
전주 여행,413,어서,EC
전주 여행,413,불안,NNG
전주 여행,413,불안,NNG
전주 여행,413,친구,NNG
전주 여행,413,만나,VV
전주 여행,413,숙소,NNG
전주 여행,414,전북,NNP
전주 여행,414,천리,NNG
전주 여행,414,한옥마을,NNP
전주 여행,414,둘레길,NNP
전주 여행,414,포함,NNG
전주 여행,414,해서,XSV+EC
전주 여행,414,전라북도,NNP
전주 여행,414,각지,NNG
전주 여행,414,볼거리,NNG
전주 여행,414,먹거리,NNG
전주 여행,414,동안,NNG
전주 여행,414,체험,NNG
전주 여행,414,어서,EC
전주 여행,414,혹은,MAJ
전주 여행,414,전북,NNP
전주 여행,414,계획,NNG
전주 여행,414,라면,EC
전주 여행,414,도움,NNG
전주 여행,414,후기,NNG
전주 여행,414,입니다,VCP+EF
전주 여행,414,전라북도,NNP
전주 여행,414,후기,NNG
전주 여행,414,전북,NNP
전주 여행,414,30,SN
전주 여행,414,요약,NNG
전주 여행,414,정리,NNG
전주 여행,415,여름,NNG
전주 여행,415,떠난,VV+ETM
전주 여행,415,With,SL
전주 여행,415,Mom,SL
전주 여행,415,한옥,NNG
전주 여행,415,마을,NNG
전주 여행,415,주차장,NNG
전주 여행,415,정보,NNG
전주 여행,415,상세,NNG
전주 여행,415,한옥마을,NNP
전주 여행,415,한옥마을,NNP
전주 여행,415,소개,NNG
전주 여행,415,체험,NNG
전주 여행,415,콘텐츠,NNG
전주 여행,415,문화,NNG
전주 여행,415,공연,NNG
전주 여행,415,행사,NNG
전주 여행,415,한옥마을,NNP
전주 여행,415,사진,NNG
전주 여행,415,문화,NNG
전주 여행,415,시설,NNG
전주 여행,415,문화,NNG
전주 여행,415,시설,NNG
전주 여행,415,유적지,NNG
전주 여행,415,이색,NNG
전주 여행,415,공간,NNG
전주 여행,415,전통,NNG
전주 여행,415,공예,NNG
전주 여행,415,생활,NNG
전주 여행,415,공예,NNG
전주 여행,415,액세서리,NNG
전주 여행,415,예술,NNG
전주 여행,415,공예,NNG
전주 여행,415,그리고,MAJ
전주 여행,415,체험,NNG
전주 여행,416,한잔,NNG
전주 여행,416,분위기,NNG
전주 여행,416,구일집,NNP
전주 여행,416,맛집,NNG
전주 여행,416,한옥,NNG
전주 여행,416,한잔,NNG
전주 여행,416,분위기,NNG
전주 여행,416,구일집,NNP
전주 여행,416,Jeonju,SL
전주 여행,416,Hanok,SL
전주 여행,416,Village,SL
전주 여행,416,밥집,NNG
전주 여행,416,술집,NNG
전주 여행,416,일단,MAG
전주 여행,416,맛있,VA
전주 여행,416,으면,EC
전주 여행,416,그걸로,NP+JKB
전주 여행,416,충분,XR
전주 여행,416,한옥마을,NNP
전주 여행,416,맛집,NNG
전주 여행,416,목대,NNG
전주 여행,416,에서,JKB
전주 여행,416,내려와,VV+EC
전주 여행,416,점심,NNG
전주 여행,416,고자,EC
전주 여행,416,이곳저곳,NNG
전주 여행,416,돌아다니,VV
전주 여행,416,발견,NNG
전주 여행,417,전동성당,NNP
전주 여행,417,입장,NNG
전주 여행,417,시간,NNG
전주 여행,417,오늘,NNG
전주 여행,417,소개,NNG
전주 여행,417,한옥마을,NNP
전주 여행,417,빼놓,VV
전주 여행,417,명소,NNG
전주 여행,417,전동성당,NNP
전주 여행,417,입니다,VCP+EF
전주 여행,417,너무,MAG
전주 여행,417,아름다운,VA+ETM
전주 여행,417,모습,NNG
전주 여행,417,구요,EF
전주 여행,417,288,SN
전주 여행,417,지정,NNG
전주 여행,417,다고,EC
전주 여행,417,합니다,VV+EF
전주 여행,417,그리고,MAJ
전주 여행,417,입장,NNG
전주 여행,417,시간,NNG
전주 여행,417,다녀와야,VV+EC
전주 여행,418,짜장,MAG
전주 여행,418,맛집,NNG
전주 여행,418,수정관,NNG
전주 여행,418,짜장,MAG
전주 여행,418,강추,NNG
전주 여행,418,먹여,VV+EC
전주 여행,418,줄께,VX+EC
전주 여행,418,중화요리,NNG
전주 여행,418,입니다,VCP+EF
전주 여행,418,인터넷,NNG
전주 여행,418,데프콘,NNP
전주 여행,418,짜장,MAG
전주 여행,418,으로,JKB
전주 여행,418,유명,XR
전주 여행,418,더라고요,EF
전주 여행,418,솔직히,MAG
전주 여행,418,짜장,MAG
전주 여행,418,어디,NP
전주 여행,418,어도,EC
전주 여행,418,배신,NNG
전주 여행,418,없이,MAG
전주 여행,418,맛있,VA
전주 여행,418,습니다,EF
전주 여행,418,여긴,NP+JX
전주 여행,419,풍년제,NNP
전주 여행,419,수제,NNG
전주 여행,419,초코파이,NNP
전주 여행,419,Poongnyun,SL
전주 여행,419,Bakery,SL
전주 여행,419,PNB,SL
전주 여행,419,Bakery,SL
전주 여행,419,Choco,SL
전주 여행,419,Pie,SL
전주 여행,419,에서,JKB
전주 여행,419,봐야,VX+EC
전주 여행,419,초코파이,NNP
전주 여행,419,풍년제,NNP
전주 여행,419,Jeonju,SL
전주 여행,419,Hanok,SL
전주 여행,419,Village,SL
전주 여행,419,PNB,SL
전주 여행,419,Bakery,SL
전주 여행,419,Poongnyun,SL
전주 여행,419,Bakery,SL
전주 여행,419,in,SL
전주 여행,419,Jeonju,SL
전주 여행,419,si,SL
전주 여행,419,우리,NP
전주 여행,419,만든,VV+ETM
전주 여행,419,달달,MAG
전주 여행,419,초코파이,NNP
전주 여행,419,어머,IC
전주 여행,419,이건,NP+JX
전주 여행,419,어야,EC
전주 여행,419,한옥,NNG
전주 여행,419,마을,NNG
전주 여행,419,에서,JKB
전주 여행,419,여럿,NNG
전주 여행,419,보이,VV
전주 여행,420,맛집,NNG
전주 여행,420,교동,NNP
전주 여행,420,시래,NNP
전주 여행,420,시래기,NNG
전주 여행,420,국밥,NNG
전주 여행,420,전문점,NNG
전주 여행,420,옥마,NNP
전주 여행,420,맛집,NNG
전주 여행,420,교동,NNP
전주 여행,420,시래,NNP
전주 여행,420,시래기,NNG
전주 여행,420,국밥,NNG
전주 여행,420,전문점,NNG
전주 여행,420,한옥마을,NNP
전주 여행,420,맛집,NNG
전주 여행,420,한옥마을,NNP
전주 여행,420,아침,NNG
전주 여행,420,식사,NNG
전주 여행,420,시래기,NNG
전주 여행,420,국밥,NNG
전주 여행,420,한옥,NNG
전주 여행,420,마을,NNG
전주 여행,420,에서,JKB
전주 여행,420,아침,NNG
전주 여행,420,11,SN
전주 여행,420,시각,NNG
전주 여행,420,인데,VCP+EC
전주 여행,420,아침,NNG
전주 여행,420,식사,NNG
전주 여행,420,가능,NNG
전주 여행,420,식당,NNG
전주 여행,421,알라딘,NNP
전주 여행,421,100,SN
전주 여행,421,자평,NNG
전주 여행,421,레시피,NNG
전주 여행,421,레시피,NNG
전주 여행,421,Happy,SL
전주 여행,421,Travel,SL
전주 여행,421,김주미,NNP
전주 여행,421,지음,NNG
전주 여행,421,즐거운,VA+ETM
전주 여행,421,상상,NNG
전주 여행,421,2013,SN
전주 여행,421,평점,NNG
전주 여행,421,구판,NNG
전주 여행,421,절판,NNG
전주 여행,421,처음,NNG
전주 여행,421,되게,MAG
전주 여행,421,아기자기,MAG
전주 여행,421,해서,VV+EC
전주 여행,421,기대,NNG
전주 여행,421,는데,EC
전주 여행,421,직접,MAG
전주 여행,421,되게,MAG
전주 여행,421,편집,NNG
전주 여행,421,너무,MAG
전주 여행,421,조잡,XR
전주 여행,422,171216,SN
전주 여행,422,17,SN
전주 여행,422,국내,NNG
전주 여행,422,171216,SN
전주 여행,422,17,SN
전주 여행,422,네오,NNP
전주 여행,422,2018,SN
전주 여행,422,10,SN
전주 여행,422,11,SN
전주 여행,422,간식,NNG
전주 여행,422,추억,NNG
전주 여행,422,가게,NNG
전주 여행,422,구경,NNG
전주 여행,422,카카오,NNG
전주 여행,422,캐릭터,NNG
전주 여행,422,달고나,NNP
전주 여행,422,불량,NNG
전주 여행,422,식품,NNG
전주 여행,422,가지,VX
전주 여행,422,나왔,VV+EP
전주 여행,422,여기,NP
전주 여행,422,완자,NNG
전주 여행,422,꼬치,NNG
전주 여행,422,체다,NNP
전주 여행,422,치즈,NNG
전주 여행,422,완자,NNG
전주 여행,422,꼬치,NNG
전주 여행,422,사고,NNG
전주 여행,423,봐야,VX+EC
전주 여행,423,비빔밥,NNG
전주 여행,423,맛집,NNG
전주 여행,423,가족,NNG
전주 여행,423,회관,NNG
전주 여행,423,봐야,VX+EC
전주 여행,423,비빔밥,NNG
전주 여행,423,맛집,NNG
전주 여행,423,가족,NNG
전주 여행,423,회관,NNG
전주 여행,423,상담,NNG
전주 여행,423,다가,EC
전주 여행,423,계신,VV+ETM
전주 여행,423,팀원,NNG
전주 여행,423,합류,NNG
전주 여행,423,해서,XSV+EC
전주 여행,423,저녁,NNG
전주 여행,423,으러,EC
전주 여행,423,비빔밥,NNG
전주 여행,423,는데,EC
전주 여행,423,맛집,NNG
전주 여행,423,추천,NNG
전주 여행,423,셔서,EP+EC
전주 여행,423,고고씽,NNP
전주 여행,424,브런치,NNP
전주 여행,424,찾아간,VV+ETM
전주 여행,424,예쁜,VA+ETM
전주 여행,424,카페,NNG
전주 여행,424,투리,NNG
전주 여행,424,스타,NNG
전주 여행,424,turista,SL
전주 여행,424,마지막,NNG
전주 여행,424,오전,NNG
전주 여행,424,부터,JX
전주 여행,424,브런치,NNP
전주 여행,424,너무,MAG
전주 여행,424,아쉽,VA
전주 여행,424,브런치,NNP
전주 여행,424,카페,NNP
전주 여행,424,거의,MAG
전주 여행,424,으나,EC
전주 여행,424,폭풍,NNG
전주 여행,424,검색,NNG
전주 여행,424,으로,JKB
전주 여행,424,찾아낸,VV+ETM
전주 여행,424,브런치,NNP
전주 여행,424,카페,NNG
전주 여행,424,투리,NNG
전주 여행,424,스타,NNG
전주 여행,424,한옥,NNG
전주 여행,424,마을,NNG
전주 여행,424,근처,NNG
전주 여행,424,호텔,NNG
전주 여행,424,아래,NNG
전주 여행,424,한적,XR
전주 여행,424,카페,NNG
전주 여행,425,2020,SN
전주 여행,425,08,SN
전주 여행,425,22,SN
전주 여행,425,23,SN
전주 여행,425,다녀왔,VV+EP
전주 여행,425,마이산,NNP
전주 여행,425,휴게소,NNG
전주 여행,425,에서,JKB
전주 여행,425,마이산,NNP
전주 여행,425,배경,NNG
전주 여행,425,으로,JKB
전주 여행,425,덕진,NNP
전주 여행,425,공원,NNG
전주 여행,425,에서,JKB
전주 여행,425,연꽃,NNG
전주 여행,425,텐데,NNB+VCP+EC
전주 여행,425,연꽃,NNG
전주 여행,425,다져서,VV+EC
전주 여행,425,아쉬웠,VV+EP
전주 여행,425,약한,VA+ETM
전주 여행,425,영화,NNG
전주 여행,425,호텔,NNG
전주 여행,425,체크인,NNG
전주 여행,425,맛집,NNG
전주 여행,425,한국,NNP
전주 여행,425,에서,JKB
전주 여행,426,생선,NNG
전주 여행,426,구이,NNG
전주 여행,426,본가,NNG
전주 여행,426,조기,NNG
전주 여행,426,매운탕,NNG
전주 여행,426,겸사겸사,MAG
전주 여행,426,도착,NNG
전주 여행,426,해서,XSV+EC
전주 여행,426,조기,NNG
전주 여행,426,매운탕,NNG
전주 여행,426,너무,MAG
전주 여행,426,어서,EC
전주 여행,426,검색,NNG
전주 여행,426,해서,XSV+EC
전주 여행,426,찾아간,VV+ETM
전주 여행,426,생선,NNG
전주 여행,426,바로,MAG
전주 여행,426,주차장,NNG
전주 여행,426,아주,MAG
전주 여행,426,식사,NNG
전주 여행,426,아니,VCN
전주 여행,426,널널,XR
전주 여행,426,실내,NNG
전주 여행,426,단정,XR
전주 여행,426,깨끗,XR
전주 여행,427,맛집,NNG
전주 여행,427,전북,NNP
전주 여행,427,도청,NNG
전주 여행,427,연남,NNG
전주 여행,427,갈비,NNG
전주 여행,427,추천,NNG
전주 여행,427,맛집,NNG
전주 여행,427,굉장히,MAG
전주 여행,427,은데,EC
전주 여행,427,면서,EC
전주 여행,427,연남,NNG
전주 여행,427,갈비,NNG
전주 여행,427,으러,EC
전주 여행,427,전북,NNP
전주 여행,427,도청,NNG
전주 여행,427,근처,NNG
전주 여행,427,처럼,JKB
전주 여행,427,쌓인,VV+ETM
전주 여행,427,갈비,NNG
전주 여행,427,태극기,NNG
전주 여행,427,꽂혀,VV+EC
전주 여행,427,너무,MAG
전주 여행,427,귀엽,VA
전주 여행,427,갈비,NNG
전주 여행,427,올라가,VV+EC
전주 여행,427,는데,EC
전주 여행,427,너무,MAG
전주 여행,427,부드럽,VA
전주 여행,428,피순대,NNG
전주 여행,428,맛집,NNG
전주 여행,428,마이산,NNP
전주 여행,428,피순대,NNG
전주 여행,428,본점,NNG
전주 여행,428,다음,NNG
전주 여행,428,예전,NNG
전주 여행,428,맛있,VA
전주 여행,428,맛집,NNG
전주 여행,428,맛집,NNG
전주 여행,428,추천,NNG
전주 여행,428,식당,NNG
전주 여행,428,고구마,NNG
전주 여행,428,감자탕,NNG
전주 여행,428,맛집,NNG
전주 여행,428,추천,NNG
전주 여행,428,식당,NNG
전주 여행,428,고구마,NNG
전주 여행,428,감자탕,NNG
전주 여행,428,오늘,NNG
전주 여행,428,이번,NNG
전주 여행,428,식사,NNG
전주 여행,428,해결,NNG
전주 여행,428,식당,NNG
전주 여행,428,한곳,NNG
전주 여행,429,맛집,NNG
전주 여행,429,이야기,NNG
전주 여행,429,개인,NNG
전주 여행,429,으로,JKB
전주 여행,429,가게,NNG
전주 여행,429,된다면,XSV+EC
전주 여행,429,농가,NNG
전주 여행,429,레스토랑,NNG
전주 여행,429,다시,MAG
전주 여행,429,방문,NNG
전주 여행,429,맛집,NNG
전주 여행,429,으로,JKB
전주 여행,429,추천,NNG
전주 여행,429,드리,VX
전주 여행,429,메뉴,NNG
전주 여행,429,후식,NNG
전주 여행,429,요렇게,MAG
전주 여행,429,깔끔,XR
전주 여행,429,간단히,MAG
전주 여행,429,사실,MAG
전주 여행,429,반찬,NNG
전주 여행,429,많이,MAG
전주 여행,429,어서,EC
전주 여행,429,엄청,MAG
전주 여행,429,불렀,VV+EP
전주 여행,429,마음,NNG
전주 여행,429,아서,EC
전주 여행,430,먹거리,NNG
전주 여행,430,콩나물국,NNG
전주 여행,430,맛집,NNG
전주 여행,430,오래,MAG
전주 여행,430,한국인,NNG
전주 여행,430,사랑,NNG
전주 여행,430,오래,NNG
전주 여행,430,한식당,NNG
전주 여행,430,100,SN
전주 여행,430,농림,NNG
전주 여행,430,수산,NNG
전주 여행,430,식품,NNG
전주 여행,430,한식재단,NNP
전주 여행,430,선정,NNG
전주 여행,430,그러,VV
전주 여행,430,맛있,VA
전주 여행,430,먹거리,NNG
전주 여행,430,많이,MAG
전주 여행,430,구요,EF
전주 여행,430,추억,NNG
전주 여행,430,많이,MAG
전주 여행,430,남기,VV
전주 여행,430,바라,VV
전주 여행,430,습니다,EF
전주 여행,431,한옥마을,NNP
전주 여행,431,에서,JKB
전주 여행,431,들려,VV+EC
전주 여행,431,아야,EC
전주 여행,431,산책,NNG
전주 여행,431,코스,NNG
전주 여행,431,일차,NNG
전주 여행,431,다가,EC
전주 여행,431,팔자,NNG
전주 여행,431,보너스,NNG
전주 여행,431,시간,NNG
전주 여행,431,이투,NNG
전주 여행,431,케이,NNG
전주 여행,431,에게,JKB
전주 여행,431,주어지,VV
전주 여행,431,이투,NNG
전주 여행,431,케이,NNG
전주 여행,431,에게,JKB
전주 여행,431,주어진,VV+ETM
전주 여행,431,시간,NNG
전주 여행,431,달랑,MAG
전주 여행,431,시간,NNG
전주 여행,431,30,SN
전주 여행,431,산책,NNG
전주 여행,431,시간,NNG
전주 여행,431,투자,NNG
전주 여행,431,백화점,NNG
전주 여행,431,부근,NNG
전주 여행,431,에서,JKB
전주 여행,431,으로,JKB
전주 여행,432,친구,NNG
전주 여행,432,와서,VV+EC
전주 여행,432,한옥마을,NNP
전주 여행,432,텐가,NNB+VCP+EC
전주 여행,432,한옥,NNP
전주 여행,432,일바,NNP
전주 여행,432,새로운,VA+ETM
전주 여행,432,길거리,NNG
전주 여행,432,한옥,NNP
전주 여행,432,레일바이크,NNP
전주 여행,432,사랑,NNG
전주 여행,432,연인,NNG
전주 여행,432,한옥,NNG
전주 여행,432,마을,NNG
전주 여행,432,에서,JKB
전주 여행,432,한복,NNG
전주 여행,432,데이트,NNG
전주 여행,432,즐기,VV
전주 여행,432,다시,MAG
전주 여행,432,아중역,NNP
전주 여행,432,에서,JKB
전주 여행,432,한옥,NNP
전주 여행,432,레일바이크,NNP
전주 여행,432,같이,MAG
전주 여행,432,본다면,VX+EC
전주 여행,432,영원,NNG
전주 여행,432,추억,NNG
전주 여행,432,대한,VV+ETM
전주 여행,433,마전,NNG
전주 여행,433,고분군,NNP
전주 여행,433,서부,NNG
전주 여행,433,신시가지,NNG
전주 여행,433,문학,NNG
전주 여행,433,문화,NNG
전주 여행,433,공간,NNG
전주 여행,433,으로,JKB
전주 여행,433,조성,NNG
전주 여행,433,고분군,NNP
전주 여행,433,모여,VV+EC
전주 여행,433,에서,JKB
전주 여행,433,들려,VV+EC
전주 여행,433,봐야,VX+EC
전주 여행,433,공원,NNG
전주 여행,433,으로,JKB
전주 여행,433,오르,VV
전주 여행,433,오른쪽,NNG
전주 여행,433,계단,NNG
전주 여행,433,으로,JKB
전주 여행,433,입구,NNG
전주 여행,433,바로,MAG
전주 여행,433,이씨,IC
전주 여행,433,조선,NNP
전주 여행,433,이씨,IC
전주 여행,433,문종,NNG
전주 여행,434,알라딘,NNP
전주 여행,434,100,SN
전주 여행,434,자평,NNG
전주 여행,434,레시피,NNG
전주 여행,434,레시피,NNG
전주 여행,434,Happy,SL
전주 여행,434,Travel,SL
전주 여행,434,김주미,NNP
전주 여행,434,지음,NNG
전주 여행,434,즐거운,VA+ETM
전주 여행,434,상상,NNG
전주 여행,434,2013,SN
전주 여행,434,평점,NNG
전주 여행,434,구판,NNG
전주 여행,434,절판,NNG
전주 여행,434,다녀오,VV
전주 여행,434,구입,NNG
전주 여행,434,편집,NNG
전주 여행,434,깔끔,XR
전주 여행,435,후백제,NNG
전주 여행,435,견훤,NNP
전주 여행,435,숨결,NNG
전주 여행,435,느낄,VV+ETM
전주 여행,435,승암,NNG
전주 여행,435,조선,NNP
전주 여행,435,왕조,NNG
전주 여행,435,본향,NNG
전주 여행,435,후백제,NNG
전주 여행,435,도읍지,NNG
전주 여행,435,후백제,NNG
전주 여행,435,견훤,NNP
전주 여행,435,숨결,NNG
전주 여행,435,느낄,VV+ETM
전주 여행,435,동고,NNG
전주 여행,435,동고,NNG
전주 여행,435,완산,NNP
전주 여행,435,그립,NNG
전주 여행,435,군아,NNG
전주 여행,435,유언,NNG
전주 여행,435,남기,VV
전주 여행,435,다는,ETM
전주 여행,435,견훤,NNP
전주 여행,435,도읍,NNG
전주 여행,435,정하,VV
전주 여행,435,사고사,NNG
전주 여행,436,일제,NNG
전주 여행,436,강점기,NNG
전주 여행,436,아픈,VA+ETM
전주 여행,436,역사,NNG
전주 여행,436,흔적,NNG
전주 여행,436,역사,NNG
전주 여행,436,공원,NNG
전주 여행,436,다가,EC
전주 여행,436,공원,NNG
전주 여행,436,완산,NNP
전주 여행,436,오래,NNG
전주 여행,436,역사,NNG
전주 여행,436,공원,NNG
전주 여행,436,그러나,MAJ
전주 여행,436,슬픈,VA+ETM
전주 여행,436,아픈,VA+ETM
전주 여행,436,역사,NNG
전주 여행,436,지니,VV
전주 여행,436,공원,NNG
전주 여행,436,우뚝,MAG
전주 여행,436,다가산,NNG
전주 여행,436,정상,NNG
전주 여행,436,훤히,MAG
전주 여행,436,내려다,VV+EC
전주 여행,436,보이,VV
전주 여행,436,명단,NNG
전주 여행,436,명당,NNG
전주 여행,437,아중,NNG
전주 여행,437,호숫가,NNG
전주 여행,437,소공원,NNG
전주 여행,437,호동,NNG
전주 여행,437,어린이,NNG
전주 여행,437,공원,NNG
전주 여행,437,호동,NNG
전주 여행,437,시민,NNG
전주 여행,437,누구,NP
전주 여행,437,이름,NNG
전주 여행,437,예전,NNG
전주 여행,437,쓰래,NNG
전주 여행,437,매립장,NNG
전주 여행,437,지금,MAG
전주 여행,437,호공,NNP
전주 여행,437,들렸,VV+EP
전주 여행,437,다가,EC
전주 여행,437,오후,NNG
전주 여행,437,시간,NNG
전주 여행,437,시간,NNG
전주 여행,437,들려,VV+EC
전주 여행,437,아중,NNG
전주 여행,437,호수,NNG
전주 여행,437,중리,NNG
전주 여행,437,레일바이크,NNP
전주 여행,437,그리고,MAJ
전주 여행,438,조선,NNP
전주 여행,438,시대,NNG
전주 여행,438,별장,NNG
전주 여행,438,한옥마을,NNP
전주 여행,438,임실,NNP
전주 여행,438,슬치,NNP
전주 여행,438,고개,NNG
전주 여행,438,에서,JKB
전주 여행,438,발원,NNG
전주 여행,438,당과,NNG
전주 여행,438,만나,VV+EC
전주 여행,438,아름다운,VA+ETM
전주 여행,438,경관,NNG
전주 여행,438,만들,VV
전주 여행,438,하나,NR
전주 여행,438,조선,NNP
전주 여행,438,개국,NNG
전주 여행,438,도운,VV+ETM
전주 여행,438,공신,NNG
전주 여행,438,집현전,NNG
전주 여행,438,직제학,NNG
전주 여행,438,지낸,VV+ETM
전주 여행,438,월당,NNG
전주 여행,438,선생,NNG
전주 여행,438,태조,NNG
전주 여행,439,완산,NNP
전주 여행,439,칠봉,NNG
전주 여행,439,도심,NNG
전주 여행,439,하늘,NNG
전주 여행,439,정원,NNG
전주 여행,439,완산,NNP
전주 여행,439,공원,NNG
전주 여행,439,완산,NNP
전주 여행,439,공원,NNG
전주 여행,439,완산,NNP
전주 여행,439,공원,NNG
전주 여행,439,꽃동산,NNG
전주 여행,439,완산,NNP
전주 여행,439,칠봉,NNG
전주 여행,439,도심,NNG
전주 여행,439,공원,NNG
전주 여행,439,후백제,NNG
전주 여행,439,도읍지,NNG
전주 여행,439,조선,NNP
전주 여행,439,왕조,NNG
전주 여행,439,본향,NNG
전주 여행,439,대표,NNG
전주 여행,439,완산,NNP
전주 여행,439,칠봉,NNG
전주 여행,439,완산,NNP
전주 여행,439,고원,NNP
전주 여행,439,꽃동산,NNG
전주 여행,439,시립,NNG
전주 여행,439,도서관,NNG
전주 여행,439,에서,JKB
전주 여행,439,하늘,NNG
전주 여행,440,180812,SN
전주 여행,440,아이,NNG
전주 여행,440,한옥,NNG
전주 여행,440,마을,NNG
전주 여행,440,으로,JKB
전주 여행,440,산책,NNG
전주 여행,440,군것질,NNG
전주 여행,440,함께,MAG
전주 여행,440,개인,NNG
전주 여행,440,으로,JKB
전주 여행,440,가장,MAG
전주 여행,440,만족,NNG
전주 여행,440,스러웠,XSA+EP
전주 여행,440,마약,NNG
전주 여행,440,육전,NNG
전주 여행,440,추억,NNG
전주 여행,440,남겨줄,VV+EC+VX+ETM
전주 여행,440,사진,NNG
전주 여행,440,조미료,NNG
전주 여행,440,위해,VV+EC
전주 여행,440,한복,NNG
전주 여행,440,대여,NNG
전주 여행,440,헤어,NNG
전주 여행,440,사진,NNG
전주 여행,440,세트,NNG
전주 여행,440,라고,VCP+EC
전주 여행,440,가족,NNG
전주 여행,440,한복,NNG
전주 여행,440,체험,NNG
전주 여행,440,시작,NNG
전주 여행,440,사진관,NNG
전주 여행,440,에서,JKB
전주 여행,440,사진,NNG
전주 여행,440,촬영,NNG
전주 여행,440,마을,NNG
전주 여행,440,투어,NNG
전주 여행,441,연꽃,NNG
전주 여행,441,대한민국,NNP
전주 여행,441,연꽃,NNG
전주 여행,441,대표,NNG
전주 여행,441,관광지,NNG
전주 여행,441,덕진,NNP
전주 여행,441,공원,NNG
전주 여행,441,진연,NNG
전주 여행,441,201,SN
전주 여행,441,덕진,NNP
전주 여행,441,공원,NNG
전주 여행,441,코스,NNG
전주 여행,441,에서,JKB
전주 여행,441,빠트릴,VV+ETM
전주 여행,441,필수,NNG
전주 여행,441,코스,NNG
전주 여행,441,덕진,NNP
전주 여행,441,연못,NNG
전주 여행,441,연꽃,NNG
전주 여행,441,덕진,NNP
전주 여행,441,호수,NNG
전주 여행,441,가운데,NNG
전주 여행,441,가로지르,VV
전주 여행,441,현수교,NNG
전주 여행,441,연지,NNG
전주 여행,441,교등,NNG
전주 여행,441,주변,NNG
전주 여행,441,경관,NNG
전주 여행,441,무척,MAG
전주 여행,441,아름다워,VA+EC
전주 여행,441,사진,NNG
전주 여행,441,으면,EC
전주 여행,441,무척,MAG
전주 여행,441,아름답,VA
전주 여행,441,연꽃,NNG
전주 여행,442,조선왕조실록,NNP
전주 여행,442,피난,NNG
전주 여행,442,수난사,NNG
전주 여행,442,사고,NNG
전주 여행,442,사고,NNG
전주 여행,442,국보,NNG
전주 여행,442,151,SN
전주 여행,442,조선왕조실록,NNP
전주 여행,442,전하,VV
전주 여행,442,보관,NNG
전주 여행,442,위해,VV+EC
전주 여행,442,만들,VV
전주 여행,442,경기,NNG
전주 여행,442,전안,NNG
전주 여행,442,건물,NNG
전주 여행,442,사고,NNG
전주 여행,442,임진왜란,NNG
전주 여행,442,당시,NNG
전주 여행,442,조성,NNG
전주 여행,442,왕조,NNG
전주 여행,442,실록,NNG
전주 여행,442,피신,NNG
전주 여행,442,수난사,NNG
전주 여행,442,한눈,NNG
전주 여행,442,사고,NNG
전주 여행,443,에서,JKB
전주 여행,443,달랑,MAG
전주 여행,443,20,SN
전주 여행,443,산책,NNG
전주 여행,443,추억,NNG
전주 여행,443,일요일,NNG
전주 여행,443,오후,NNG
전주 여행,443,일차,NNG
전주 여행,443,다가,EC
전주 여행,443,팔자,NNG
전주 여행,443,보너스,NNG
전주 여행,443,시간,NNG
전주 여행,443,30,SN
전주 여행,443,이투,NNG
전주 여행,443,케이,NNG
전주 여행,443,에게,JKB
전주 여행,443,주어지,VV
전주 여행,443,트리,NNG
전주 여행,443,시간,NNG
전주 여행,443,보내,VV
전주 여행,443,안성맞춤,NNG
전주 여행,443,산책,NNG
전주 여행,443,시간,NNG
전주 여행,443,투자,NNG
전주 여행,444,이씨,IC
전주 여행,444,조선,NNP
전주 여행,444,본향,NNG
전주 여행,444,한옥,NNG
전주 여행,444,마을,NNG
전주 여행,444,경기전,NNG
전주 여행,444,진박,NNG
전주 여행,444,이씨,IC
전주 여행,444,조선,NNP
전주 여행,444,본향,NNG
전주 여행,444,한옥마을,NNP
전주 여행,444,한옥마을,NNP
전주 여행,444,전국,NNG
전주 여행,444,에서,JKB
전주 여행,444,제일,MAG
전주 여행,444,유명,XR
전주 여행,444,한옥마을,NNP
전주 여행,444,한옥,NNG
전주 여행,444,마을,NNG
전주 여행,444,경기전,NNG
전주 여행,444,경기,NNG
전주 여행,444,전안,NNG
전주 여행,444,태조,NNP
전주 여행,444,이성계,NNP
전주 여행,444,어진,NNG
전주 여행,444,모시,VV
전주 여행,444,어진,NNG
전주 여행,445,친환경,NNG
전주 여행,445,생태,NNG
전주 여행,445,도시,NNG
전주 여행,445,에코,NNP
전주 여행,445,시티,NNG
전주 여행,445,자랑거리,NNG
전주 여행,445,병호,NNP
전주 여행,445,병공,NNG
전주 여행,445,에코,NNP
전주 여행,445,시티,NNG
전주 여행,445,조성,NNG
전주 여행,445,공원,NNG
전주 여행,445,한옥마을,NNP
전주 여행,445,에서,JKB
전주 여행,445,나아가,VV+EC
전주 여행,445,에서,JKB
전주 여행,445,들려,VV+EC
전주 여행,445,코스,NNG
전주 여행,445,이투,NNG
전주 여행,445,케이,NNG
전주 여행,445,손자,NNG
전주 여행,445,에코,NNP
전주 여행,445,시티,NNG
전주 여행,445,자주,MAG
전주 여행,445,들리,VV
전주 여행,445,세병,NNG
전주 여행,445,공원,NNG
전주 여행,446,후백제,NNG
전주 여행,446,숨결,NNG
전주 여행,446,방산,NNG
전주 여행,446,고사,EC
전주 여행,446,후백제,NNG
전주 여행,446,도읍지,NNG
전주 여행,446,후백제,NNG
전주 여행,446,견훤,NNP
전주 여행,446,숨결,NNG
전주 여행,446,느낄,VV+ETM
전주 여행,446,효자동,NNG
전주 여행,446,서곡,NNG
전주 여행,446,지구,NNG
전주 여행,446,방산,NNG
전주 여행,446,서고,NNG
전주 여행,446,완산,NNP
전주 여행,446,그립,NNG
전주 여행,446,군아,NNG
전주 여행,446,유언,NNG
전주 여행,446,남기,VV
전주 여행,446,다는,ETM
전주 여행,446,견훤,NNP
전주 여행,446,도읍,NNG
전주 여행,446,정하,VV
전주 여행,447,알라딘,NNP
전주 여행,447,언제,NNG
전주 여행,447,라도,VCP+EC
전주 여행,447,다음,NNG
전주 여행,447,어요,EF
전주 여행,447,가장,MAG
전주 여행,447,북카페,NNP
전주 여행,447,카프카,NNP
전주 여행,447,다음,NNG
전주 여행,447,다니,VV
전주 여행,447,면서,EC
전주 여행,447,해봐야,XSV+EC+VX+EC+VX
전주 여행,447,어요,EF
전주 여행,447,요즘,NNG
전주 여행,447,다아,EC
전주 여행,448,완산,NNP
전주 여행,448,칠봉,NNG
전주 여행,448,생태,NNG
전주 여행,448,공원,NNG
전주 여행,448,완산,NNP
전주 여행,448,칠봉,NNG
전주 여행,448,생태,NNG
전주 여행,448,지원,NNG
전주 여행,448,완산,NNP
전주 여행,448,칠봉,NNG
전주 여행,448,생태,NNG
전주 여행,448,지원,NNG
전주 여행,448,완산,NNP
전주 여행,448,지명,NNG
전주 여행,448,이싸,NNP
전주 여행,448,조선,NNP
전주 여행,448,본향,NNG
전주 여행,448,후백제,NNG
전주 여행,448,도읍지,NNG
전주 여행,448,실제로,MAG
전주 여행,448,따라,VV+EC
전주 여행,448,산책,NNG
전주 여행,448,천변,NNG
전주 여행,448,산세,NNG
전주 여행,448,비경,NNG
전주 여행,448,완산,NNP
전주 여행,448,완산,NNP
전주 여행,448,칠봉,NNG
전주 여행,449,에코,NNP
전주 여행,449,시티,NNG
전주 여행,449,친환경,NNG
전주 여행,449,생태,NNG
전주 여행,449,공원,NNG
전주 여행,449,세병,NNG
전주 여행,449,공원,NNG
전주 여행,449,세병,NNG
전주 여행,449,한다는,VV+ETM
전주 여행,449,한다,VX+EC
전주 여행,449,공원,NNG
전주 여행,449,한옥마을,NNP
전주 여행,449,에서,JKB
전주 여행,449,나아가,VV+EC
전주 여행,449,에서,JKB
전주 여행,449,들려,VV+EC
전주 여행,449,코스,NNG
전주 여행,449,이투,NNG
전주 여행,449,케이,NNG
전주 여행,449,에코,NNP
전주 여행,449,시티,NNG
전주 여행,449,손자,NNG
전주 여행,449,자주,MAG
전주 여행,449,에코,NNP
전주 여행,449,시티,NNG
전주 여행,449,인데,VCP+EC
전주 여행,449,처음,NNG
전주 여행,449,으로,JKB
전주 여행,449,포스팅,NNP
전주 여행,449,한다,VV+EC
전주 여행,450,예향,NNG
전주 여행,450,도시,NNG
전주 여행,450,자랑거리,NNG
전주 여행,450,국립,NNG
전주 여행,450,무형,NNG
전주 여행,450,유산,NNG
전주 여행,450,박물관,NNG
전주 여행,450,예향,NNG
전주 여행,450,도시,NNG
전주 여행,450,무형,NNG
전주 여행,450,유산,NNG
전주 여행,450,박물관,NNG
전주 여행,450,자랑,NNG
전주 여행,450,스럽,XSA
전주 여행,450,어렴풋이,MAG
전주 여행,450,2013,SN
전주 여행,450,개관,NNG
전주 여행,450,자랑거리,NNG
전주 여행,450,시민,NNG
전주 여행,450,신나,VV
전주 여행,450,각종,NNG
전주 여행,450,무료,NNG
전주 여행,450,공연,NNG
전주 여행,450,계속,NNG
전주 여행,451,전동성당,NNP
전주 여행,451,초순,NNG
전주 여행,451,교지,NNG
전주 여행,451,한옥마을,NNP
전주 여행,451,필수,NNG
전주 여행,451,코스,NNG
전주 여행,451,함께,MAG
전주 여행,451,에서,JKB
전주 여행,451,들려,VV+EC
전주 여행,451,봐야,VX+EC
전주 여행,451,필수,NNG
전주 여행,451,코스,NNG
전주 여행,451,자주,MAG
전주 여행,451,그리고,MAJ
전주 여행,451,한옥마을,NNP
전주 여행,451,아내,NNG
전주 여행,451,남문,NNG
전주 여행,451,시장,NNG
전주 여행,451,에서,JKB
전주 여행,451,대국,NNG
전주 여행,451,그릇,NNG
전주 여행,451,한옥,NNG
전주 여행,451,마을,NNG
전주 여행,451,들린,VV+ETM
전주 여행,451,전동성당,NNP
전주 여행,451,자세히,MAG
전주 여행,451,둘러보,VV
전주 여행,452,국내,NNG
전주 여행,452,최고,NNG
전주 여행,452,수준,NNG
전주 여행,452,복합,NNG
전주 여행,452,문화,NNG
전주 여행,452,예술,NNG
전주 여행,452,공간,NNG
전주 여행,452,한국,NNP
전주 여행,452,소리,NNG
전주 여행,452,문화,NNG
전주 여행,452,전북,NNP
전주 여행,452,에서,JKB
전주 여행,452,매년,MAG
전주 여행,452,개최,NNG
전주 여행,452,세계,NNG
전주 여행,452,소리,NNG
전주 여행,452,축제,NNG
전주 여행,452,열리,VV
전주 여행,452,한국,NNP
전주 여행,452,소리,NNG
전주 여행,452,문화,NNG
전주 여행,452,2001,SN
전주 여행,452,이다,NNP
전주 여행,452,자랑,NNG
전주 여행,452,전북,NNP
전주 여행,452,자랑,NNG
전주 여행,452,면적,NNG
전주 여행,452,30,SN
전주 여행,452,184,SN
전주 여행,452,건물,NNG
전주 여행,452,면적,NNG
전주 여행,452,11,SN
전주 여행,452,064,SN
전주 여행,452,이나,JX
전주 여행,452,대형,NNG
전주 여행,452,아트,NNG
전주 여행,452,센터,NNG
전주 여행,453,한옥마을,NNP
전주 여행,453,분위기,NNG
전주 여행,453,어울리,VV
전주 여행,453,한옥마을,NNP
전주 여행,453,부채,NNG
전주 여행,453,박물,NNG
전주 여행,453,한옥마을,NNP
전주 여행,453,부채,NNG
전주 여행,453,박물관,NNG
전주 여행,453,선조,NNG
전주 여행,453,지혜,NNG
전주 여행,453,담긴,VV+ETM
전주 여행,453,부채,NNG
전주 여행,453,모든,MM
전주 여행,453,한옥,NNG
전주 여행,453,마을,NNG
전주 여행,453,글자,NNG
전주 여행,453,그대로,MAG
전주 여행,453,조선,NNP
전주 여행,453,시대,NNG
전주 여행,453,부채,NNG
전주 여행,453,부터,JX
전주 여행,453,중국,NNP
전주 여행,453,일본,NNP
전주 여행,453,부채,NNG
전주 여행,453,까지,JX
전주 여행,453,모든,MM
전주 여행,453,부채,NNG
전주 여행,453,전시,NNG
전주 여행,453,부채,NNG
전주 여행,453,박물관,NNG
전주 여행,453,한옥마을,NNP
전주 여행,454,2014,SN
전주 여행,454,12,SN
전주 여행,454,14,SN
전주 여행,454,요일,NNG
전주 여행,454,코스,NNG
전주 여행,454,한옥마을,NNP
전주 여행,454,둘러보,VV
전주 여행,454,전통,NNG
전주 여행,454,비빔밥,NNG
전주 여행,454,시식,NNP
전주 여행,454,덕진,NNP
전주 여행,454,공원,NNG
전주 여행,454,유적지,NNG
전주 여행,454,저녁,NNG
전주 여행,454,으로,JKB
전주 여행,454,떡갈비,NNG
전주 여행,454,시식,NNG
전주 여행,455,덕진,NNP
전주 여행,455,호수,NNG
전주 여행,455,연화교,NNG
전주 여행,455,변신,NNG
전주 여행,455,덕진,NNP
전주 여행,455,공원,NNG
전주 여행,455,210425,SN
전주 여행,455,에서,JKB
전주 여행,455,홀로,MAG
전주 여행,455,덕진,NNP
전주 여행,455,공원,NNG
전주 여행,455,들려,VV+EC
전주 여행,455,연화교,NNG
전주 여행,455,덕진,NNP
전주 여행,455,공원,NNG
전주 여행,455,모습,NNG
전주 여행,455,어떤,MM
전주 여행,455,모습,NNG
전주 여행,455,일까,VCP+EC
전주 여행,455,연화교,NNG
전주 여행,455,어떤,MM
전주 여행,455,모습,NNG
전주 여행,455,으로,JKB
전주 여행,455,변신,NNG
전주 여행,455,을까,EC
전주 여행,455,궁금,XR
전주 여행,455,마음,NNG
전주 여행,455,으로,JKB
전주 여행,455,시간,NNG
전주 여행,455,자투리,NNG
전주 여행,456,2015,SN
전주 여행,456,01,SN
전주 여행,456,30,SN
전주 여행,456,한옥마을,NNP
전주 여행,456,야시장,NNG
전주 여행,456,남부,NNG
전주 여행,456,시장,NNG
전주 여행,456,청년,NNG
전주 여행,456,구경,NNG
전주 여행,456,2015,SN
전주 여행,456,01,SN
전주 여행,456,30,SN
전주 여행,456,한옥,NNP
전주 여행,456,스테이,NNP
전주 여행,456,태조,NNP
전주 여행,456,마루,NNP
전주 여행,456,한옥마을,NNP
전주 여행,456,먹거리,NNG
전주 여행,456,구경,NNG
전주 여행,456,http,SL
전주 여행,456,sweetcity,SL
전주 여행,456,tistory,SL
전주 여행,456,com,SL
전주 여행,456,1725,SN
전주 여행,456,사장,NNG
전주 여행,456,알려,VV+EC
전주 여행,456,야시장,NNG
전주 여행,456,구경,NNG
전주 여행,456,광화문,NNG
전주 여행,456,처럼,JKB
전주 여행,456,세월,NNG
전주 여행,456,천막,NNG
전주 여행,456,울컥,MAG
전주 여행,456,조명,NNG
전주 여행,456,멋진,VA+ETM
전주 여행,456,풍남문,NNG
전주 여행,457,대사습놀이,NNG
전주 여행,457,한옥마을,NNP
전주 여행,457,구경,NNG
전주 여행,457,맞추,VV
전주 여행,457,매년,MAG
전주 여행,457,열리,VV
전주 여행,457,전국,NNG
전주 여행,457,대회,NNG
전주 여행,457,판소리,NNG
전주 여행,457,명창,NNG
전주 여행,457,일반,NNG
전주 여행,457,농악,NNG
전주 여행,457,무용,NNG
전주 여행,457,기악,NNG
전주 여행,457,시조,NNG
전주 여행,457,민요,NNG
전주 여행,457,가야금,NNG
전주 여행,457,명창,NNG
전주 여행,457,궁도,NNG
전주 여행,457,명고,NNG
전주 여행,457,까지,JX
전주 여행,457,10,SN
전주 여행,457,부분,NNG
전주 여행,457,으로,JKB
전주 여행,457,치러,VV+EC
전주 여행,457,전국,NNG
전주 여행,457,경연,NNG
전주 여행,457,대회,NNG
전주 여행,457,대사습놀이,NNG
전주 여행,457,전국,NNG
전주 여행,457,대회,NNG
전주 여행,457,로서,JKB
전주 여행,457,무척,MAG
전주 여행,458,옛날,NNG
전주 여행,458,물건,NNG
전주 여행,458,모두,MAG
전주 여행,458,이곳,NP
전주 여행,458,전시,NNG
전주 여행,458,한옥마을,NNP
전주 여행,458,한옥마을,NNP
전주 여행,458,루이,NNP
전주 여행,458,엘모,NNG
전주 여행,458,자박,NNG
전주 여행,458,물관,NNG
전주 여행,458,바로,MAG
전주 여행,458,추억,NNG
전주 여행,458,박물관,NNG
전주 여행,458,건물,NNG
전주 여행,458,입장료,NNG
전주 여행,458,000,SN
전주 여행,458,전시,NNG
전주 여행,458,공간,NNG
전주 여행,458,전라북도,NNP
전주 여행,458,문화,NNG
전주 여행,458,예술,NNG
전주 여행,458,재단,NNG
전주 여행,458,어느,MM
전주 여행,458,지원,NNG
전주 여행,458,된다면,VV+EC
전주 여행,458,얼마나,MAG
전주 여행,458,을까,EC
전주 여행,458,생각,NNG
전주 여행,458,본다,VV+EC
전주 여행,459,한옥마을,NNP
전주 여행,459,에서,JKB
전주 여행,459,봐야,VX+EC
전주 여행,459,풍남문,NNG
전주 여행,459,이씨,IC
전주 여행,459,조선,NNP
전주 여행,459,본향,NNG
전주 여행,459,한옥마을,NNP
전주 여행,459,에서,JKB
전주 여행,459,들려,VV+EC
전주 여행,459,아야,EC
전주 여행,459,경기전,NNG
전주 여행,459,진박,NNG
전주 여행,459,물관,NNG
전주 여행,459,아야,EC
전주 여행,459,지만,EC
전주 여행,459,풍남문,NNG
전주 여행,459,봐야,VX+EC
전주 여행,459,한다,VX+EC
전주 여행,459,보물,NNG
전주 여행,459,308,SN
전주 여행,459,풍남문,NNG
전주 여행,459,대표,NNG
전주 여행,460,가즈,NNP
전주 여행,460,젊음,NNG
전주 여행,460,넘치,VV
전주 여행,460,거리,NNG
전주 여행,460,객사,NNG
전주 여행,460,에서,JKB
전주 여행,460,아야,EC
전주 여행,460,필수,NNG
전주 여행,460,코스,NNG
전주 여행,460,결혼식,NNG
전주 여행,460,참석,NNG
전주 여행,460,벚꽃,NNG
전주 여행,460,명소,NNG
전주 여행,460,이자,NNG
전주 여행,460,데이트,NNG
전주 여행,460,코스,NNG
전주 여행,460,유명,XR
전주 여행,460,아중,NNG
전주 여행,460,리저,NNP
전주 여행,460,수지,NNG
전주 여행,460,들린,VV+ETM
전주 여행,460,영화,NNG
전주 여행,460,거리,NNG
전주 여행,460,객사,NNG
전주 여행,460,까지,JX
전주 여행,460,돌아보,VV
전주 여행,461,한옥마을,NNP
전주 여행,461,한국,NNP
전주 여행,461,관광,NNG
전주 여행,461,100,SN
전주 여행,461,빛나,VV
전주 여행,461,우리나라,NNG
전주 여행,461,대표,NNG
전주 여행,461,이외,NNG
전주 여행,461,향교,NNG
전주 여행,461,목대,NNG
전주 여행,461,그리고,MAJ
전주 여행,461,벽화,NNG
전주 여행,461,마을,NNG
전주 여행,461,전통주,NNG
전주 여행,461,박물관,NNG
전주 여행,461,승광,NNP
전주 여행,461,들려,VV+EC
전주 여행,461,한옥마을,NNP
전주 여행,461,에서,JKB
전주 여행,461,은퇴,NNG
전주 여행,461,사진,NNG
전주 여행,461,작가,NNG
전주 여행,461,왕성,XR
전주 여행,461,활동,NNG
전주 여행,461,절친,NNG
전주 여행,461,우연히,MAG
전주 여행,461,만나,VV+EC
전주 여행,461,사진,NNG
전주 여행,461,서로,MAG
전주 여행,462,한옥마을,NNP
전주 여행,462,전망대,NNG
전주 여행,462,이성계,NNP
전주 여행,462,장군,NNG
전주 여행,462,승전,NNG
전주 여행,462,연회,NNG
전주 여행,462,장소,NNG
전주 여행,462,목대,NNG
전주 여행,462,한옥마을,NNP
전주 여행,462,다녀왔,VV+EP
전주 여행,462,한옥마을,NNP
전주 여행,462,경기,NNG
전주 여행,462,어진,VA+ETM
전주 여행,462,박물관,NNG
전주 여행,462,풍남문,NNG
전주 여행,462,남문,NNG
전주 여행,462,시장,NNG
전주 여행,462,그리고,MAJ
전주 여행,462,최근,NNG
전주 여행,462,개장,NNG
전주 여행,462,전라,NNP
전주 여행,462,감영,NNG
전주 여행,462,까지,JX
전주 여행,462,돌아보,VV
전주 여행,462,목대,NNG
전주 여행,462,올랐,VV+EP
전주 여행,462,가까이,MAG
전주 여행,462,자주,MAG
전주 여행,462,들리,VV
전주 여행,462,이나,JC
전주 여행,462,마다,JX
전주 여행,462,새롭,VA
전주 여행,462,다시,MAG
전주 여행,463,필수,NNG
전주 여행,463,코스,NNG
전주 여행,463,천상,NNG
전주 여행,463,정원,NNG
전주 여행,463,한국도로공사,NNP
전주 여행,463,고도,NNG
전주 여행,463,그리고,MAJ
전주 여행,463,이씨,IC
전주 여행,463,조선,NNP
전주 여행,463,본향,NNG
전주 여행,463,들려,VV+EC
전주 여행,463,아야,EC
전주 여행,463,필수,NNG
전주 여행,463,코스,NNG
전주 여행,463,한국도로공사,NNP
전주 여행,463,수목원,NNG
전주 여행,463,월드컵,NNG
전주 여행,463,경기장,NNG
전주 여행,463,부근,NNG
전주 여행,463,고속도,NNG
전주 여행,463,도로변,NNG
전주 여행,464,SK,SL
전주 여행,464,LTE,SL
전주 여행,464,어디,NP
전주 여행,464,까지,JX
전주 여행,464,맛있,VA
전주 여행,464,맛있,VA
전주 여행,464,2012,SN
전주 여행,464,08,SN
전주 여행,464,27,SN
전주 여행,464,06,SN
전주 여행,464,30,SN
전주 여행,464,IT,SL
전주 여행,464,서비스,NNG
전주 여행,464,Web,SL
전주 여행,464,Service,SL
전주 여행,464,작성자,NNG
전주 여행,464,니아,EC
전주 여행,464,https,SL
전주 여행,464,map,SL
전주 여행,464,naver,SL
전주 여행,464,com,SL
전주 여행,464,entry,SL
전주 여행,464,place,SL
전주 여행,464,1589368656,SN
전주 여행,464,광고,NNG
전주 여행,464,제주,NNP
전주 여행,464,유럽,NNP
전주 여행,464,코티지,NNP
전주 여행,464,감성,NNG
전주 여행,464,지독,NNG
전주 여행,464,프라이빗,NNG
전주 여행,464,제주,NNP
전주 여행,464,유럽,NNP
전주 여행,464,감성,NNG
전주 여행,465,인상,NNG
전주 여행,465,마중,NNG
전주 여행,465,도로공원,NNG
전주 여행,465,2011,SN
전주 여행,465,마중,NNG
전주 여행,465,기차,NNG
전주 여행,465,에서,JKB
전주 여행,465,내리,VV
전주 여행,465,처음,NNG
전주 여행,465,으로,JKB
전주 여행,465,만나,VV
전주 여행,465,마중,NNG
전주 여행,465,첫인상,NNG
전주 여행,465,마중,NNG
전주 여행,465,여름,NNG
전주 여행,465,마중,NNG
전주 여행,465,여름,NNG
전주 여행,465,무더위,NNG
전주 여행,465,피할,VV+ETM
전주 여행,465,어린이,NNG
전주 여행,466,아중,NNG
전주 여행,466,호수,NNG
전주 여행,466,나무,NNG
전주 여행,466,데크,NNP
전주 여행,466,산책로,NNG
전주 여행,466,따라,VV+EC
전주 여행,466,산책,NNG
전주 여행,466,220403,SN
전주 여행,466,예전,NNG
전주 여행,466,오래,MAG
전주 여행,466,부터,JX
전주 여행,466,중리,NNG
전주 여행,466,아중,NNG
전주 여행,466,호수,NNG
전주 여행,466,야성,NNG
전주 여행,466,이루,VV
전주 여행,466,유명,XR
전주 여행,466,벚꽃,NNG
전주 여행,466,구경,NNG
전주 여행,466,갈까,VX+EF
전주 여행,466,또는,MAJ
전주 여행,466,민물,NNG
전주 여행,466,매운탕,NNG
전주 여행,466,으러,EC
전주 여행,466,갈까,VV+EC
전주 여행,466,기린,NNG
전주 여행,466,등산,NNG
전주 여행,466,등등,NNB
전주 여행,466,여러,MM
전주 여행,466,가지,NNBC
전주 여행,466,목적,NNG
전주 여행,466,여러,MM
전주 여행,466,들리,VV
전주 여행,467,한국,NNP
전주 여행,467,도로공사,NNP
전주 여행,467,수목원,NNG
전주 여행,467,코앞,NNG
전주 여행,467,시민,NNG
전주 여행,467,쉼터,NNG
전주 여행,467,총화,NNG
전주 여행,467,그리고,MAJ
전주 여행,467,기독교,NNG
전주 여행,467,방송국,NNG
전주 여행,467,예전,NNG
전주 여행,467,고속도,NNG
전주 여행,467,나들목,NNG
전주 여행,467,자리,NNG
전주 여행,467,그곳,NP
전주 여행,467,지금,MAG
전주 여행,467,시민,NNG
전주 여행,467,위한,VV+ETM
전주 여행,467,쉼터,NNG
전주 여행,467,조성,NNG
전주 여행,467,나들목,NNG
전주 여행,467,가족,NNG
전주 여행,467,공원,NNG
전주 여행,467,인터체인지,NNG
전주 여행,467,월드컵,NNG
전주 여행,467,경기장,NNG
전주 여행,467,에서,JKB
전주 여행,468,이씨,IC
전주 여행,468,조선,NNP
전주 여행,468,본향,NNG
전주 여행,468,자랑거리,NNG
전주 여행,468,덕진,NNP
전주 여행,468,연못,NNG
전주 여행,468,연꽃,NNG
전주 여행,468,덕진,NNP
전주 여행,468,공원,NNG
전주 여행,468,이씨,IC
전주 여행,468,조선,NNP
전주 여행,468,본향,NNG
전주 여행,468,명물,NNG
전주 여행,468,상징,NNG
전주 여행,468,덕진,NNP
전주 여행,468,공원,NNG
전주 여행,468,필수,NNG
전주 여행,468,코스,NNG
전주 여행,468,덕진,NNP
전주 여행,468,호수,NNG
전주 여행,468,가운데,NNG
전주 여행,468,현수교,NNG
전주 여행,468,연꽃,NNG
전주 여행,468,양분,NNG
전주 여행,468,아름다운,VA+ETM
전주 여행,468,덕진,NNP
전주 여행,468,연못,NNG
전주 여행,469,광주,NNP
전주 여행,469,출발,MAG
전주 여행,469,당신,NP
전주 여행,469,놓치,VV
전주 여행,469,아야,EC
전주 여행,469,지역,NNG
전주 여행,469,특색,NNG
전주 여행,469,함께,MAG
전주 여행,469,살펴보,VV
전주 여행,469,세요,EP+EF
전주 여행,469,한옥마을,NNP
전주 여행,469,매력,NNG
전주 여행,469,광주,NNP
전주 여행,469,에서,JKB
전주 여행,469,시간,NNBC
전주 여행,469,거리,NNG
전주 여행,469,위치,NNG
전주 여행,469,습니다,EF
전주 여행,469,한옥마을,NNP
전주 여행,469,한국,NNP
전주 여행,469,전통,NNG
전주 여행,469,가옥,NNG
전주 여행,469,아름다움,VA+ETN
전주 여행,469,느낄,VV+ETM
전주 여행,469,장소,NNG
전주 여행,470,한옥마을,NNP
전주 여행,470,대한민국,NNP
전주 여행,470,대표,NNG
전주 여행,470,com,SL
전주 여행,470,15815131,SN
전주 여행,470,난장,NNG
전주 여행,470,박물관,NNG
전주 여행,470,한옥마을,NNP
전주 여행,470,이색,NNG
전주 여행,470,옛날,NNG
전주 여행,470,볼거리,NNG
전주 여행,470,생일,NNG
전주 여행,470,손자,NNG
전주 여행,470,한옥,NNG
전주 여행,470,마을,NNG
전주 여행,470,에서,JKB
전주 여행,470,신나,VV
전주 여행,470,하루,NNG
전주 여행,470,보냈,VV+EP
전주 여행,470,점심,NNG
전주 여행,470,한옥,NNG
전주 여행,470,마을,NNG
전주 여행,470,에서,JKB
전주 여행,470,제일,MAG
전주 여행,470,유명,XR
전주 여행,470,먹거리,NNG
전주 여행,470,갈비,NNG
전주 여행,471,홈페이지,NNG
전주 여행,471,제작,NNG
전주 여행,471,해외,NNG
전주 여행,471,골프,NNG
전주 여행,471,투어,NNG
전주 여행,471,전문,NNG
전주 여행,471,온라인,NNG
전주 여행,471,견적,NNG
전주 여행,471,com,SL
전주 여행,471,하나,NR
전주 여행,471,단독,NNG
전주 여행,471,투어,NNG
전주 여행,471,하나,NR
전주 여행,471,투어,NNG
전주 여행,471,공식,NNG
전주 여행,471,인증,NNG
전주 여행,471,예약,NNG
전주 여행,471,센터,NNG
전주 여행,471,해외,NNG
전주 여행,471,단체,NNG
전주 여행,471,하나,NR
전주 여행,471,투어,NNG
전주 여행,471,하나,NR
전주 여행,471,단독,NNG
전주 여행,471,투어,NNG
전주 여행,471,글로벌,NNG
전주 여행,471,투어,NNG
전주 여행,471,하나,NR
전주 여행,471,투어,NNG
전주 여행,471,공식,NNG
전주 여행,471,인증,NNG
전주 여행,471,예약,NNG
전주 여행,471,센터,NNG
전주 여행,471,해외,NNG
전주 여행,471,단체,NNG
전주 여행,471,하나,NR
전주 여행,471,투어,NNG
전주 여행,472,정월,NNG
전주 여행,472,보름,NNG
전주 여행,472,공연,NNG
전주 여행,472,전북,NNP
전주 여행,472,달맞이,NNG
전주 여행,472,good,SL
전주 여행,472,가세,NNG
전주 여행,472,음식,NNG
전주 여행,472,고장,NNG
전주 여행,472,이자,NNG
전주 여행,472,한옥마을,NNP
전주 여행,472,고장,NNG
전주 여행,472,복판,NNG
전주 여행,472,흐르,VV
전주 여행,472,광장,NNG
전주 여행,472,net,SL
전주 여행,472,2041,SN
전주 여행,472,15812600,SN
전주 여행,472,임실,NNP
전주 여행,472,가장,MAG
전주 여행,472,한국,NNP
전주 여행,472,신명,NNG
전주 여행,472,축제,NNG
전주 여행,472,필봉,NNG
전주 여행,472,마을,NNG
전주 여행,472,정월,NNG
전주 여행,472,보름,NNG
전주 여행,472,정월,NNG
전주 여행,472,보름날,NNG
전주 여행,473,지구촌,NNG
전주 여행,473,모자,NNG
전주 여행,473,모두,MAG
전주 여행,473,이곳,NP
전주 여행,473,이색,NNG
전주 여행,473,박물관,NNG
전주 여행,473,루이,NNP
전주 여행,473,모자,NNG
전주 여행,473,한옥마을,NNP
전주 여행,473,에서,JKB
전주 여행,473,모자,NNG
전주 여행,473,박물관,NNG
전주 여행,473,구경,NNG
전주 여행,473,한옥마을,NNP
전주 여행,473,서쪽,NNG
전주 여행,473,끝자락,NNG
전주 여행,473,루이,NNP
전주 여행,473,엘모,NNG
전주 여행,473,자박,NNG
전주 여행,473,물관,NNG
전주 여행,473,추억,NNG
전주 여행,473,박물관,NNG
전주 여행,473,별별,MM
전주 여행,473,박물관,NNG
전주 여행,473,박물관,NNG
전주 여행,473,구경거리,NNG
전주 여행,473,입장료,NNG
전주 여행,473,000,SN
전주 여행,473,박물관,NNG
전주 여행,474,https,SL
전주 여행,474,blog,SL
전주 여행,474,naver,SL
전주 여행,474,com,SL
전주 여행,474,allga,SL
전주 여행,474,79,SN
전주 여행,474,전화,NNG
전주 여행,474,번호,NNG
전주 여행,474,063,SN
전주 여행,474,231,SN
전주 여행,474,3040,SN
전주 여행,474,도로,NNG
전주 여행,474,완산구,NNP
전주 여행,474,은행,NNG
전주 여행,474,74,SN
전주 여행,474,11,SN
전주 여행,474,지번,NNG
전주 여행,474,완산구,NNP
전주 여행,474,교동,NNP
전주 여행,474,91,SN
전주 여행,474,장점,NNG
전주 여행,474,숙박업,NNG
전주 여행,474,에서,JKB
전주 여행,474,샤워,NNG
전주 여행,474,타월,NNG
전주 여행,474,화장,NNG
전주 여행,474,거울,NNG
전주 여행,474,비누,NNG
전주 여행,474,클렌징,NNG
전주 여행,475,전동,NNG
전주 여행,475,성당,NNG
전주 여행,475,에서,JKB
전주 여행,475,지란지교,NNG
전주 여행,475,꿈꾸,VV
전주 여행,475,달려간,VV+ETM
전주 여행,475,친구,NNG
전주 여행,475,약속,NNG
전주 여행,475,시간,NNG
전주 여행,475,오후,NNG
전주 여행,475,시간,NNG
전주 여행,475,틈새,NNG
전주 여행,475,전동,NNG
전주 여행,475,성당,NNG
전주 여행,475,으로,JKB
전주 여행,475,향하,VV
전주 여행,475,31,SN
전주 여행,475,수요일,NNG
전주 여행,475,오후,NNG
전주 여행,475,성당,NNG
전주 여행,475,행사,NNG
전주 여행,475,관계자,NNG
전주 여행,475,차량,NNG
전주 여행,475,임도,NNG
전주 여행,475,금하,VV
전주 여행,475,지만,EC
전주 여행,475,꼬까,NNG
전주 여행,475,한복,NNG
전주 여행,476,아야,EC
전주 여행,476,아시아,NNP
전주 여행,476,명소,NNG
전주 여행,476,KTX,SL
전주 여행,476,한옥마을,NNP
전주 여행,476,에서,JKB
전주 여행,476,시작,NNG
전주 여행,476,된다,XSV+EC
전주 여행,476,역사,NNG
전주 여행,476,한옥마을,NNP
전주 여행,476,이다,NNP
전주 여행,476,광장,NNG
전주 여행,476,나오,VV
전주 여행,476,한복,NNG
전주 여행,476,부채,NNG
전주 여행,476,예쁜,VA+ETM
전주 여행,476,아가씨,NNG
전주 여행,476,관광객,NNG
전주 여행,476,반겨,VV+EC
전주 여행,476,준다,VX+EC
전주 여행,477,한옥마을,NNP
전주 여행,477,한울,NNP
전주 여행,477,밥상,NNG
전주 여행,477,맛집,NNG
전주 여행,477,터널,NNG
전주 여행,477,한울,NNP
전주 여행,477,밥상,NNG
전주 여행,477,터널,NNG
전주 여행,477,공존,NNG
전주 여행,477,도시,NNG
전주 여행,477,기대,NNG
전주 여행,477,됩니다,VV+EF
전주 여행,477,이번,NNG
전주 여행,477,조금,MAG
전주 여행,477,특별,NNG
전주 여행,477,는데,EC
전주 여행,477,원래,NNG
전주 여행,477,한옥,NNG
전주 여행,477,마을,NNG
전주 여행,477,안쪽,NNG
전주 여행,477,맛집,NNG
전주 여행,477,계획,NNG
전주 여행,477,지만,EC
전주 여행,477,우연히,MAG
전주 여행,477,들른,VV+ETM
전주 여행,477,가게,NNG
전주 여행,477,사장,NNG
전주 여행,478,숙영,NNG
전주 여행,478,가마솥,NNG
전주 여행,478,비빔밥,NNG
전주 여행,478,된장찌개,NNG
전주 여행,478,비빔밥,NNG
전주 여행,478,어울리,VV
전주 여행,478,조합,NNG
전주 여행,478,맛집,NNG
전주 여행,478,투어,NNG
전주 여행,478,숙영,NNG
전주 여행,478,비빔밥,NNG
전주 여행,478,방문,NNG
전주 여행,478,오래전,NNG
전주 여행,478,다녀온,VV+ETM
전주 여행,478,에서,JKB
전주 여행,478,음식,NNG
전주 여행,478,다면,EC
전주 여행,478,비빔밥,NNG
전주 여행,478,이번,NNG
전주 여행,478,와야,VX+EC+VX
전주 여행,478,생각,NNG
전주 여행,478,수많,VA
전주 여행,478,비빔밥,NNG
전주 여행,478,가게,NNG
전주 여행,478,검색,NNG
전주 여행,479,난장,NNG
전주 여행,479,테마,NNG
전주 여행,479,박물관,NNG
전주 여행,479,7080,SN
전주 여행,479,감수,NNG
전주 여행,479,06,SN
전주 여행,479,00,SN
전주 여행,479,에서,JKB
전주 여행,479,이번,NNG
전주 여행,479,들린,VV+ETM
전주 여행,479,전북,NNP
전주 여행,479,유일,NNG
전주 여행,479,테마,NNG
전주 여행,479,박물관,NNG
전주 여행,479,7080,SN
전주 여행,479,감수,NNG
전주 여행,479,그대로,MAG
전주 여행,479,재현,NNG
전주 여행,479,입니다,VCP+EF
전주 여행,479,요즘,MAG
전주 여행,479,어딜,NP+JKO
전주 여행,479,7080,SN
전주 여행,479,내세우,VV
전주 여행,479,장소,NNG
전주 여행,479,많이,MAG
전주 여행,479,지만,EC
전주 여행,479,특히,MAG
전주 여행,479,이곳,NP
전주 여행,479,난장,NNG
전주 여행,479,그대,NP
전주 여행,479,감성,NNG
전주 여행,480,예정,NNG
전주 여행,480,럴럴럴,UNKNOWN
전주 여행,480,월드,NNG
전주 여행,480,티스토리,NNP
전주 여행,480,Diary,SL
전주 여행,480,예정,NNG
전주 여행,480,랄랄라,IC
전주 여행,480,lalalabro,SL
전주 여행,480,2018,SN
전주 여행,480,03,SN
전주 여행,480,27,SN
전주 여행,480,11,SN
전주 여행,480,36,SN
전주 여행,480,Let,SL
전주 여행,480,Go,SL
전주 여행,480,2018,SN
전주 여행,480,30,SN
전주 여행,480,막걸리,NNG
전주 여행,480,안주,NNG
전주 여행,480,한옥마을,NNP
전주 여행,480,막걸리,NNG
전주 여행,480,골목,NNG
전주 여행,480,얼마,NNG
전주 여행,480,생생,MAG
전주 여행,480,정보,NNG
전주 여행,480,다가,EC
전주 여행,480,막걸리,NNG
전주 여행,481,알라딘,NNP
전주 여행,481,생생,XR
전주 여행,481,리뷰,NNP
전주 여행,481,동네,NNG
전주 여행,481,그리고,MAJ
전주 여행,481,친구,NNG
전주 여행,481,에서,JKB
전주 여행,481,그럼,MAJ
전주 여행,481,라는,ETM
전주 여행,481,회신,NNG
전주 여행,481,동네,NNG
전주 여행,481,플레이,NNG
전주 여행,481,urbanplay,SL
전주 여행,481,동네,NNG
전주 여행,481,동네,NNG
전주 여행,481,매거진,NNG
전주 여행,481,그럼,MAJ
전주 여행,482,알라딘,NNP
전주 여행,482,서재,NNP
전주 여행,482,시집,NNG
전주 여행,482,계획,NNG
전주 여행,482,고는,EC
전주 여행,482,지만,EC
전주 여행,482,도대체,MAG
전주 여행,482,그곳,NP
전주 여행,482,무엇,NP
전주 여행,482,무엇,NP
전주 여행,482,해야,VV+EC
전주 여행,482,했다,XSV+EP
전주 여행,482,생각,NNG
전주 여행,482,몰랐,VV+EP
전주 여행,482,는데,EC
전주 여행,482,보다,JKB
전주 여행,482,구나,EC
전주 여행,482,진짜,MAG
전주 여행,482,한국,NNP
전주 여행,482,느낄,VV+ETM
전주 여행,483,알라딘,NNP
전주 여행,483,조용,XR
전주 여행,483,면서,EC
전주 여행,483,다양,XR
전주 여행,483,매력,NNG
전주 여행,483,로컬,NNG
전주 여행,483,가이드,NNG
전주 여행,483,소도시,NNG
전주 여행,483,소도시,NNG
전주 여행,483,트래블,NNG
전주 여행,483,완주,NNG
전주 여행,483,소도시,NNG
전주 여행,483,트래블,NNG
전주 여행,483,조이,NNG
전주 여행,483,코리아,NNP
전주 여행,483,편집부,NNG
전주 여행,483,지음,NNG
전주 여행,483,조이,NNG
전주 여행,483,코리아,NNP
전주 여행,483,2022,SN
전주 여행,483,11,SN
전주 여행,483,평점,NNG
전주 여행,483,품절,NNG
전주 여행,483,얼마,NNG
전주 여행,483,다녀왔,VV+EP
전주 여행,483,는데,EC
전주 여행,483,소도시,NNG
전주 여행,483,트래블,NNG
전주 여행,483,주편,NNG
전주 여행,483,조금,MAG
전주 여행,483,빨리,MAG
전주 여행,483,으면,EC
전주 여행,483,정말,MAG
전주 여행,483,다는,ETM
전주 여행,484,알라딘,NNP
전주 여행,484,언제,NNG
전주 여행,484,라도,VCP+EC
전주 여행,484,계획,NNG
전주 여행,484,계신,VX+ETM
전주 여행,484,따듯,XR
전주 여행,484,위로,NNG
전주 여행,484,에서,JKB
전주 여행,484,다면,EC
전주 여행,484,권유,NNG
전주 여행,484,해본다,XSV+EC+VX+EC
전주 여행,484,그저,MAG
전주 여행,484,그런,MM
전주 여행,484,아니,VCN
전주 여행,484,가슴,NNG
전주 여행,484,따뜻,XR
전주 여행,484,에세이,NNG
전주 여행,484,서다,NNG
전주 여행,484,핵심,NNG
전주 여행,484,포인트,NNG
전주 여행,484,목차,NNG
전주 여행,485,알라딘,NNP
전주 여행,485,서재,NNP
전주 여행,485,오렌지캬라멜,NNP
전주 여행,485,청춘,NNG
전주 여행,485,그런,MM
전주 여행,485,생각,NNG
전주 여행,485,떠나,VV
전주 여행,485,서울,NNP
전주 여행,485,언제,NP
전주 여행,485,든지,VCP+EC
전주 여행,485,기에,EC
전주 여행,485,한옥마을,NNP
전주 여행,485,갔다왔,VV+EP
전주 여행,485,오렌지,NNP
전주 여행,485,카라멜,NNP
전주 여행,485,경로,NNG
전주 여행,485,따라,VV+EC
전주 여행,485,옥도,NNG
전주 여행,485,구경,NNG
전주 여행,485,한복,NNG
전주 여행,485,전통,NNG
전주 여행,485,체험,NNG
전주 여행,486,맛집,NNG
전주 여행,486,추천,NNG
전주 여행,486,리스트,NNG
전주 여행,486,엊그제,MAG
전주 여행,486,은데,EC
전주 여행,486,벌써,MAG
전주 여행,486,지났,VV+EP
전주 여행,486,네요,EF
전주 여행,486,지인,NNG
전주 여행,486,함께,MAG
전주 여행,486,먹방,NNG
전주 여행,486,다녀왔,VV+EP
전주 여행,486,습니다,EF
전주 여행,486,맛집,NNG
전주 여행,486,조점,NNG
전주 여행,486,남문,NNG
전주 여행,486,피순대,NNG
전주 여행,486,에서,JKB
전주 여행,486,남부,NNG
전주 여행,486,시장,NNG
전주 여행,486,까지,JX
전주 여행,486,30,SN
전주 여행,486,정도,NNG
전주 여행,486,시장,NNG
전주 여행,486,도착,NNG
전주 여행,486,시장,NNG
전주 여행,487,콩나물국,NNG
전주 여행,487,명가,NNG
전주 여행,487,160,SN
전주 여행,487,점포,NNG
전주 여행,487,차이,NNG
전주 여행,487,맛집,NNG
전주 여행,487,콩나물국,NNG
전주 여행,487,명가,NNG
전주 여행,487,160,SN
전주 여행,487,점포,NNG
전주 여행,487,차이,NNG
전주 여행,487,맛집,NNG
전주 여행,487,현대,NNG
전주 여행,487,전라북도,NNP
전주 여행,487,콩나물국,NNG
전주 여행,487,발생지,NNG
전주 여행,487,유명,XR
전주 여행,487,콩나물국,NNG
전주 여행,487,밥집,NNG
전주 여행,487,발길,NNG
전주 여행,487,끊이,VV
전주 여행,487,특히,MAG
전주 여행,487,현대,NNG
전주 여행,487,세대,NNG
전주 여행,488,오감,NNG
전주 여행,488,만족,NNG
전주 여행,488,완주,NNG
전주 여행,488,대한민국,NNP
전주 여행,488,테마,NNG
전주 여행,488,박물관,NNG
전주 여행,488,연꽃,NNG
전주 여행,488,명소,NNG
전주 여행,488,진공,NNG
전주 여행,488,완주,NNG
전주 여행,488,그리고,MAJ
전주 여행,488,전북,NNP
전주 여행,488,에서,JKB
전주 여행,488,들려,VV+EC
전주 여행,488,아야,EC
전주 여행,488,필수,NNG
전주 여행,488,코스,NNG
전주 여행,488,바로,MAG
전주 여행,488,완주군,NNG
전주 여행,488,구이면,NNP
전주 여행,488,대한민국,NNP
전주 여행,488,테마,NNG
전주 여행,488,박물관,NNG
전주 여행,488,2015,SN
전주 여행,488,10,SN
전주 여행,488,개관,NNG
전주 여행,488,대한민국,NNP
전주 여행,488,테미,NNP
전주 여행,488,박물관,NNG
전주 여행,488,만족,NNG
전주 여행,488,완주,NNG
전주 여행,488,테마,NNG
전주 여행,488,박물관,NNG
전주 여행,489,퇴근,NNG
전주 여행,489,객리,NNG
전주 여행,489,한옥마을,NNP
전주 여행,489,완주,NNP
전주 여행,489,소양,NNP
전주 여행,489,라고,EC
전주 여행,489,하지만,MAJ
전주 여행,489,퇴근,NNG
전주 여행,489,저녁,NNG
전주 여행,489,출발,NNG
전주 여행,489,하루,NNG
전주 여행,489,연차,NNG
전주 여행,489,스케줄,NNG
전주 여행,489,굉장히,MAG
전주 여행,489,일정,NNG
전주 여행,489,사실,MAG
전주 여행,489,아니,VCN
전주 여행,489,개인,NNG
전주 여행,489,면서,EC
전주 여행,489,당일,NNG
전주 여행,490,맛집,NNG
전주 여행,490,조점,NNG
전주 여행,490,남문,NNG
전주 여행,490,피순대,NNG
전주 여행,490,들려,VV+EC
전주 여행,490,으로,JKB
전주 여행,490,추천,NNG
전주 여행,490,11,SN
전주 여행,490,가을,NNG
전주 여행,490,에서,JKB
전주 여행,490,만난,VV+ETM
전주 여행,490,음식,NNG
전주 여행,490,피순대,NNG
전주 여행,490,국밥,NNG
전주 여행,490,가을,NNG
전주 여행,490,아쉬워,VA+EC
전주 여행,490,떠난,VV+ETM
전주 여행,490,에서,JKB
전주 여행,490,가을,NNG
전주 여행,490,풍경,NNG
전주 여행,490,기대,NNG
전주 여행,490,지만,EC
전주 여행,490,보다,MAG
전주 여행,490,기대,NNG
전주 여행,490,예전,NNG
전주 여행,490,맛있,VA
전주 여행,490,음식,NNG
전주 여행,490,오랜만,NNG
전주 여행,490,맛볼,VV+ETM
전주 여행,491,군산,NNP
전주 여행,491,한옥마을,NNP
전주 여행,491,낭만,NNG
전주 여행,491,흘렀,VV+EP
전주 여행,491,군산,NNP
전주 여행,491,에서,JKB
전주 여행,491,마치,VV
전주 여행,491,된다,VV+EF
전주 여행,491,물론,MAG
전주 여행,491,군산,NNG
전주 여행,491,볼거리,NNG
전주 여행,491,모두,MAG
전주 여행,491,아니,VCN
전주 여행,491,그러나,MAJ
전주 여행,491,일정,NNG
전주 여행,491,기에,EC
전주 여행,491,우선,MAG
전주 여행,491,숙소,NNG
전주 여행,491,호텔,NNG
전주 여행,491,르윈,NNP
전주 여행,491,LE,SL
전주 여행,491,WIN,SL
전주 여행,491,바로,MAG
전주 여행,491,호텔,NNG
전주 여행,492,군산,NNP
전주 여행,492,국내,NNG
전주 여행,492,유일,NNG
전주 여행,492,일본식,NNG
전주 여행,492,사찰,NNG
전주 여행,492,동국,NNG
전주 여행,492,탐방,NNG
전주 여행,492,동국,NNG
전주 여행,492,웅전,NNG
전주 여행,492,울창,XR
전주 여행,492,대나무,NNG
전주 여행,492,으로,JKB
전주 여행,492,이뤄져,VV+EC
전주 여행,492,싱그럽,VA
전주 여행,492,이를,VV+ETM
전주 여행,492,대나무,NNG
전주 여행,492,일본식,NNG
전주 여행,492,동국,NNG
전주 여행,492,관람,NNG
전주 여행,492,다음,NNG
전주 여행,492,군산,NNG
전주 여행,492,근대,NNG
전주 여행,492,역사,NNG
전주 여행,492,박물관,NNG
전주 여행,492,으로,JKB
전주 여행,492,향하,VV
전주 여행,493,시외버스,NNG
전주 여행,493,터미널,NNG
전주 여행,493,시간표,NNG
전주 여행,493,01,SN
전주 여행,493,00,SN
전주 여행,493,시외버스,NNG
전주 여행,493,터미널,NNG
전주 여행,493,시간표,NNG
전주 여행,493,시작,NNG
전주 여행,493,시외버스,NNG
전주 여행,493,터미널,NNG
전주 여행,493,시간표,NNG
전주 여행,493,시외버스,NNG
전주 여행,493,공용,NNG
전주 여행,493,터미널,NNG
전주 여행,493,전화,NNG
전주 여행,493,번호,NNG
전주 여행,493,1688,SN
전주 여행,493,1745,SN
전주 여행,493,전북,NNP
전주 여행,493,덕진구,NNP
전주 여행,493,금암동,NNP
전주 여행,493,705,SN
전주 여행,493,10,SN
전주 여행,493,에서,JKB
전주 여행,493,서울,NNP
전주 여행,493,남부,NNG
전주 여행,493,터미널,NNG
전주 여행,493,에서,NNG
전주 여행,494,비빔밥,NNG
전주 여행,494,전문점,NNG
전주 여행,494,가족,NNG
전주 여행,494,회관,NNG
전주 여행,494,비빔밥,NNG
전주 여행,494,체험,NNG
전주 여행,494,비빔밥,NNG
전주 여행,494,전문점,NNG
전주 여행,494,가족,NNG
전주 여행,494,회관,NNG
전주 여행,494,비빔밥,NNG
전주 여행,494,체험,NNG
전주 여행,494,맛집,NNG
전주 여행,494,도시,NNG
전주 여행,494,빠트릴,VV+ETM
전주 여행,494,가지,NNBC
전주 여행,494,비빔밥,NNG
전주 여행,494,체험,NNG
전주 여행,494,아닐,VCN+ETM
전주 여행,494,비빔밥,NNG
전주 여행,494,축제,NNG
전주 여행,494,열릴,VV+ETM
전주 여행,494,만큼,NNB
전주 여행,495,퇴근,NNG
전주 여행,495,포함,NNG
전주 여행,495,부담,NNG
전주 여행,495,스러울,XSA+ETM
전주 여행,495,지만,EC
전주 여행,495,만족,NNG
전주 여행,495,사람,NNG
전주 여행,495,승률,NNG
전주 여행,495,100,SN
전주 여행,495,장소,NNG
전주 여행,495,방문,NNG
전주 여행,495,진심,NNG
전주 여행,495,으로,JKB
전주 여행,495,추천,NNG
전주 여행,495,한다,XSV+EC
전주 여행,495,보다,MAG
전주 여행,495,위쪽,NNG
전주 여행,495,올라가,VV
전주 여행,495,니까,EC
전주 여행,495,제발,MAG
전주 여행,495,지만,EC
전주 여행,495,알찬,VA+ETM
전주 여행,496,도서관,NNG
전주 여행,496,이색,NNG
전주 여행,496,프로그램,NNG
전주 여행,496,Moon,SL
전주 여행,496,도서관,NNG
전주 여행,496,기록,NNG
전주 여행,496,문화,NNG
전주 여행,496,뿌리,NNG
전주 여행,496,한지,NNG
전주 여행,496,체험,NNG
전주 여행,496,다가,NNG
전주 여행,496,도서관,NNG
전주 여행,496,10,SN
전주 여행,496,00,SN
전주 여행,496,11,SN
전주 여행,496,00,SN
전주 여행,496,한옥마을,NNP
전주 여행,496,도서관,NNG
전주 여행,496,11,SN
전주 여행,496,20,SN
전주 여행,496,14,SN
전주 여행,496,00,SN
전주 여행,496,중식,NNG
전주 여행,496,동문,NNG
전주 여행,496,도서관,NNG
전주 여행,496,14,SN
전주 여행,496,20,SN
전주 여행,496,15,SN
전주 여행,496,20,SN
전주 여행,496,도보,NNG
전주 여행,496,지관,NNG
전주 여행,496,지체,NNG
전주 여행,497,알라딘,NNP
전주 여행,497,서재,NNP
전주 여행,497,예찬,NNG
전주 여행,497,이유,NNG
전주 여행,497,하나,NR
전주 여행,497,때문,NNB
전주 여행,497,음식,NNG
전주 여행,497,역시,MAJ
전주 여행,497,라도,VCP+EC
전주 여행,497,저렴,XR
전주 여행,497,가격,NNG
전주 여행,497,비빔밥,NNG
전주 여행,497,지만,EC
전주 여행,497,우리,NP
전주 여행,497,한옥,NNG
전주 여행,497,마을,NNG
전주 여행,497,근처,NNG
전주 여행,497,반야,NNG
전주 여행,497,돌솥,NNG
전주 여행,497,간다,VV+EC
전주 여행,497,돌솥,NNG
전주 여행,497,간장,NNG
전주 여행,498,이번,NNG
전주 여행,498,주말,NNG
전주 여행,498,명물,NNG
전주 여행,498,덕진,NNP
전주 여행,498,공원,NNG
전주 여행,498,연꽃,NNG
전주 여행,498,축제,NNG
전주 여행,498,연꽃,NNG
전주 여행,498,촬영,NNG
전주 여행,498,함께,MAG
전주 여행,498,코스,NNG
전주 여행,498,에서,JKB
전주 여행,498,빠트릴,VV+ETM
전주 여행,498,필수,NNG
전주 여행,498,코스,NNG
전주 여행,498,모처럼,MAG
전주 여행,498,휴가,NNG
전주 여행,498,들린,VV+ETM
전주 여행,498,아들,NNG
전주 여행,498,그래도,VV+EC
전주 여행,498,명색,NNG
전주 여행,498,여름휴가,NNG
전주 여행,498,인데,VCP+EC
전주 여행,498,서울,NNP
전주 여행,498,엄마,NNG
전주 여행,498,누나,NNG
전주 여행,498,조카,NNG
전주 여행,498,누나,NNG
전주 여행,498,조카,NNG
전주 여행,498,만나,VV+EC
전주 여행,498,강원도,NNP
전주 여행,498,다시,MAG
전주 여행,498,훌쩍,MAG
전주 여행,498,떠나,VV
전주 여행,499,한옥마을,NNP
전주 여행,499,전통,NNG
전주 여행,499,지원,NNG
전주 여행,499,전라북도,NNP
전주 여행,499,일원,NNG
전주 여행,499,에서,JKB
전주 여행,499,생산,NNG
전주 여행,499,한지,NNG
전주 여행,499,이곳,NP
전주 여행,499,한지,NNG
전주 여행,499,제조업,NNG
전주 여행,499,입지,NNG
전주 여행,499,깨끗,XR
전주 여행,499,수질,NNG
전주 여행,499,원재료,NNG
전주 여행,499,지방,NNG
전주 여행,499,근교,NNG
전주 여행,499,닥나무,NNG
전주 여행,499,많이,MAG
전주 여행,499,생산,NNG
전주 여행,499,때문,NNB
전주 여행,499,원재료,NNG
전주 여행,499,한지,NNG
전주 여행,499,제조업,NNG
전주 여행,499,성황,NNG
전주 여행,499,이루,VV
전주 여행,500,먹방,NNG
전주 여행,500,한옥,NNG
전주 여행,500,마을,NNG
전주 여행,500,카페,NNG
전주 여행,500,차미,NNG
전주 여행,500,라미,NNG
전주 여행,500,2022,SN
전주 여행,500,12,SN
전주 여행,500,20,SN
전주 여행,500,맛집,NNG
전주 여행,500,맛집,NNG
전주 여행,500,먹방,NNG
전주 여행,500,투어,NNG
전주 여행,500,새우탕,NNG
전주 여행,500,먹방,NNG
전주 여행,500,투어,NNG
전주 여행,500,새우탕,NNG
전주 여행,500,11,SN
전주 여행,500,지인,NNG
전주 여행,500,다녀왔,VV+EP
전주 여행,500,어요,EF
전주 여행,500,오로지,MAG
전주 여행,500,먹방,NNG
전주 여행,500,투어,NNG
전주 여행,500,쉴새없이,MAG
